471.646122	[294.0655966624372, 234.7393055102712, 2366153478.0, 'C10H16N1O7S1', 95.95246765132742, 313.7230985637917, 2021381936.78125, 'O4S1', 'C10H16N1O3', -3.074049538131687]	[294.0655966624372, 234.7393055102712, 2366153478.0, 'C10H16N1O7S1', 247.06515748375358, 18.898536415938462, 27615141.7265625, 'C10H15O5S1', 'H1N1O2', -4.450521357260244]	[294.0655966624372, 234.7393055102712, 2366153478.0, 'C10H16N1O7S1', 220.07777799596107, 82.67398988497175, 22840464.814453125, 'C9H16O4S1', 'C1N1O3', -6.739800080890668]	[294.0655966624372, 234.7393055102712, 2366153478.0, 'C10H16N1O7S1', 252.0679623361424, 7.730912080383975, 11031060.2265625, 'C9H16O6S1', 'C1N1O1', -3.436493004533141]	[294.0655966624372, 234.7393055102712, 2366153478.0, 'C10H16N1O7S1', 205.05419972587143, 49.64212215313089, 9406177.317871094, 'C8H13O4S1', 'C2H3N1O3', -6.818600509168349]	[294.0655966624372, 234.7393055102712, 2366153478.0, 'C10H16N1O7S1', 253.0393119246454, 38.78686446740206, 7135134.75, 'C8H13O7S1', 'C2H3N1', -5.721574169172346]	
506.725368	[294.06548698195803, 308.0167853423329, 946155002.21875, 'C10H16N1O7S1', 61.98843592520565, 222.37033462127334, 497129684.47265625, 'N1O3', 'C10H16O4S1', -2.6760742241181767]	[294.06548698195803, 308.0167853423329, 946155002.21875, 'C10H16N1O7S1', 79.95748613021377, 260.7129139179141, 220996643.2109375, 'O3S1', 'C10H16N1O4', -2.6661797265030094]	
280.255998	[165.01894149076418, 299.4204491950937, 315425460.328125, 'C8H5O4', 121.02967111188936, 3.0803941957739185, 32598292.333984375, 'C7H5O2', 'C1O2', 1.3553406771882113]	
62.724258	[117.01891159555763, 169.19937722924635, 959903230.125, 'C4H5O4', 73.02960117009208, 146.84465480495703, 113085636.76367188, 'C3H5O2', 'C1O2', 0.44497883166872004]	[117.01891159555763, 169.19937722924635, 959903230.125, 'C4H5O4', 85.02964401290917, 47.316538024248544, 47802692.99609375, 'C4H5O2', 'O2', 1.9511661467741472]	[117.01891159555763, 169.19937722924635, 959903230.125, 'C4H5O4', 99.00891088717565, 78.95408936333826, 13076581.393554688, 'C4H3O3', 'H2O1', 3.292058282135039]	[117.01891159555763, 169.19937722924635, 959903230.125, 'C4H5O4', 101.02452976397896, 105.79291904667397, 12445711.014038086, 'C4H5O3', 'O1', 1.7610896805935026]	[117.01891159555763, 169.19937722924635, 959903230.125, 'C4H5O4', 69.0346963414975, 10.96757021770237, 8409827.977539062, 'C4H5O1', 'O3', 0.724104325304445]	[117.01891159555763, 169.19937722924635, 959903230.125, 'C4H5O4', 83.01405492268835, 2.061924120603879, 1597996.6333007812, 'C4H3O2', 'H2O2', 3.6266971672176966]	
437.969496	[239.02288914232665, 218.67709361960314, 211216592.59375, 'C7H11O7S1', 79.9574636659596, 121.61916584108795, 109430141.05078125, 'O3S1', 'C7H11O4', -1.2289015794461469]	[239.02288914232665, 218.67709361960314, 211216592.59375, 'C7H11O7S1', 159.06648488698252, 60.97866152914419, 38003691.26660156, 'C7H11O4', 'O3S1', -1.053759458537876]	[239.02288914232665, 218.67709361960314, 211216592.59375, 'C7H11O7S1', 80.96529479498305, 6.149478580381945, 14323169.965820312, 'H1O3S1', 'C7H10O4', -1.1663264974703402]	[239.02288914232665, 218.67709361960314, 211216592.59375, 'C7H11O7S1', 147.02993799331134, 3.8431134442942474, 7051568.5859375, 'C5H7O5', 'C2H4O2S1', -2.7300749365920853]	
472.841616	[265.1117568454266, 99.08175148355639, 186865436.74658203, 'C11H21O5S1', 173.0821650076143, 64.15055719632868, 19302313.59765625, 'C8H13O4', 'C3H8O1S1', -5.452975242129471]	[265.1117568454266, 99.08175148355639, 186865436.74658203, 'C11H21O5S1', 127.07661916807186, 8.482211620283172, 3872194.50390625, 'C7H11O2', 'C4H10O3S1', -4.112541980491602]	
111.619374	[157.05026136824125, 246.61945481573844, 87600220.4921875, 'C7H9O4', 113.06103855562988, 26.304760397968465, 9705837.715820312, 'C6H9O2', 'C1O2', 2.436646147519723]	
79.789878	[175.0244866614024, 257.9448342533737, 166599167.49609375, 'C6H7O6', 69.03469242110626, 154.40353366385142, 25840838.5546875, 'C4H5O1', 'C2H2O5', -0.6060960260638644]	[175.0244866614024, 257.9448342533737, 166599167.49609375, 'C6H7O6', 157.01445924181525, 133.97062887905184, 21197746.644950867, 'C6H5O5', 'H2O1', 1.8089649513008177]	[175.0244866614024, 257.9448342533737, 166599167.49609375, 'C6H7O6', 113.02462743700376, 62.68466479840336, 9728155.837646484, 'C5H5O3', 'C1H2O3', 0.6576671792396027]	
62.724258	[147.02948682008983, 163.37175518181718, 331111476.953125, 'C5H7O5', 73.02960117009208, 146.84465480495703, 113085636.76367188, 'C3H5O2', 'C2H2O3', 0.058783507743232905]	[147.02948682008983, 163.37175518181718, 331111476.953125, 'C5H7O5', 85.02964401290917, 47.316538024248544, 47802692.99609375, 'C4H5O2', 'C1H2O3', 0.9224597276628004]	[147.02948682008983, 163.37175518181718, 331111476.953125, 'C5H7O5', 117.01952653102705, 102.32173351772487, 36966122.83105469, 'C4H5O4', 'C1H2O1', 3.32253941683678]	[147.02948682008983, 163.37175518181718, 331111476.953125, 'C5H7O5', 99.00891088717565, 78.95408936333826, 13076581.393554688, 'C4H3O3', 'C1H4O2', 1.1259032573205034]	[147.02948682008983, 163.37175518181718, 331111476.953125, 'C5H7O5', 97.0296231988368, 37.15207565308553, 12479852.857910156, 'C5H5O2', 'H2O3', 0.7275696481940539]	[147.02948682008983, 163.37175518181718, 331111476.953125, 'C5H7O5', 101.02452976397896, 105.79291904667397, 12445711.014038086, 'C4H5O3', 'C1H2O2', 0.49872103433672677]	[147.02948682008983, 163.37175518181718, 331111476.953125, 'C5H7O5', 69.0346963414975, 10.96757021770237, 8409827.977539062, 'C4H5O1', 'C1H2O4', 0.2502895693533879]	[147.02948682008983, 163.37175518181718, 331111476.953125, 'C5H7O5', 83.01405492268835, 2.061924120603879, 1597996.6333007812, 'C4H3O2', 'C1H4O3', 1.844893841578251]	
472.841616	[253.03882852348164, 298.74687260267126, 112415719.265625, 'C8H13O7S1', 173.0821650076143, 64.15055719632868, 19302313.59765625, 'C8H13O4', 'O3S1', -4.296248794376552]	[253.03882852348164, 298.74687260267126, 112415719.265625, 'C8H13O7S1', 127.07661916807186, 8.482211620283172, 3872194.50390625, 'C7H11O2', 'C1H2O5S1', -3.249814265516915]	
37.9207548	[117.01897458343461, 161.54480012216627, 220597384.625, 'C4H5O4', 73.02960597295058, 109.20081689950806, 44571203.662597656, 'C3H5O2', 'C1O2', -0.8777131021252771]	[117.01897458343461, 161.54480012216627, 220597384.625, 'C4H5O4', 85.02963872683087, 13.021567230988413, 23527742.58532715, 'C4H5O2', 'O2', -0.18307701760860104]	[117.01897458343461, 161.54480012216627, 220597384.625, 'C4H5O4', 72.99325026715019, 42.03314396258008, 12128086.274414062, 'C2H1O3', 'C2H4O1', -0.3251762932318181]	[117.01897458343461, 161.54480012216627, 220597384.625, 'C4H5O4', 99.00894628854817, 22.258061179955323, 7949692.798706055, 'C4H3O3', 'H2O1', 1.7603655509025378]	[117.01897458343461, 161.54480012216627, 220597384.625, 'C4H5O4', 69.0346949001858, 22.76271096611005, 6592374.015014648, 'C4H5O1', 'O3', -0.6185971679948074]	[117.01897458343461, 161.54480012216627, 220597384.625, 'C4H5O4', 57.03464753523809, 61.970110478227404, 6343395.452774048, 'C3H5O1', 'C1O3', -1.4511702509277717]	
471.646122	[95.95171191123464, 86.04225257706857, 159627482.671875, 'O4S1', 0, 0, 0, 'None', 'None', 0]	
439.16562	[251.09581995603898, 365.3428208026253, 127641069.96875, 'C10H19O5S1', 79.95747362868809, 121.68496489538033, 107129950.87109375, 'O3S1', 'C10H19O2', -2.023662998290608]	[251.09581995603898, 365.3428208026253, 127641069.96875, 'C10H19O5S1', 159.0664836755046, 60.97866152914419, 34085181.78515625, 'C7H11O4', 'C3H8O1S1', -2.676094453033439]	[251.09581995603898, 365.3428208026253, 127641069.96875, 'C10H19O5S1', 80.96527003349341, 6.149478580381945, 14907245.978515625, 'H1O3S1', 'C10H18O2', -2.1743388154456964]	
35.4940068	[181.07150042881264, 218.47565934544156, 237993673.4921875, 'C6H13O6', 71.01397399464011, 81.93866154075829, 51495164.10644531, 'C3H3O2', 'C3H10O4', -1.0579344033154698]	[181.07150042881264, 218.47565934544156, 237993673.4921875, 'C6H13O6', 59.01395028899356, 178.79308303679477, 45026707.99609375, 'C2H3O2', 'C4H10O4', -1.1481407323831143]	[181.07150042881264, 218.47565934544156, 237993673.4921875, 'C6H13O6', 89.02459849362596, 84.28312879580844, 33336159.4375, 'C3H5O3', 'C3H8O3', -0.6728618665680799]	[181.07150042881264, 218.47565934544156, 237993673.4921875, 'C6H13O6', 101.02455705543521, 132.79570391524928, 31965477.751953125, 'C4H5O3', 'C2H8O3', -1.1664754488576234]	[181.07150042881264, 218.47565934544156, 237993673.4921875, 'C6H13O6', 151.06144604453388, 71.17823001715104, 10232255.262817383, 'C5H11O5', 'C1H2O1', 0.1871248751616827]	[181.07150042881264, 218.47565934544156, 237993673.4921875, 'C6H13O6', 119.035170102255, 27.081822398269704, 9232836.87915039, 'C4H7O4', 'C2H6O2', -0.8112367666666042]	[181.07150042881264, 218.47565934544156, 237993673.4921875, 'C6H13O6', 83.01400302196045, 6.8489744894651094, 3749776.880859375, 'C4H3O2', 'C2H10O4', -0.8913791276549368]	
329.936376	[179.03470496771266, 184.65801071188113, 88379087.3515625, 'C9H7O4', 135.0453360619371, 15.283947301127988, 11149953.998046875, 'C8H7O2', 'C1O2', -0.884425812944437]	[179.03470496771266, 184.65801071188113, 88379087.3515625, 'C9H7O4', 91.05548386538051, 10.111025242557691, 6534475.476806641, 'C7H7', 'C2O4', -0.694504726638999]	
70.01688	[131.03454639859365, 245.179095454036, 131235070.18359375, 'C5H7O4', 0, 0, 0, 'None', 'None', 0]	
63.927258	[173.04519518651676, 97.07911006856011, 123128195.0, 'C7H9O5', 97.02966125012689, 11.644774985643464, 8186117.826660156, 'C5H5O2', 'C2H4O3', 0.07976751503021855]	[173.04519518651676, 97.07911006856011, 123128195.0, 'C7H9O5', 159.0301921152083, 13.66832168328102, 3675596.7963867188, 'C6H7O5', 'C1H2', 10.483297730844379]	
36.708879	[151.06089298313012, 164.61836391532478, 76344005.75439453, 'C5H11O5', 59.013951981316204, 138.1475664654645, 35294189.396484375, 'C2H3O2', 'C3H8O3', -1.0972799765364698]	[151.06089298313012, 164.61836391532478, 76344005.75439453, 'C5H11O5', 71.01398022533967, 48.74111874975789, 27080330.498535156, 'C3H3O2', 'C2H8O3', -0.7840077311354732]	[151.06089298313012, 164.61836391532478, 76344005.75439453, 'C5H11O5', 101.0245461716125, 125.28319568732442, 18856291.998901367, 'C4H5O3', 'C1H6O2', -1.3352463609735385]	[151.06089298313012, 164.61836391532478, 76344005.75439453, 'C5H11O5', 119.03515233944567, 25.656493621635164, 7152559.185058594, 'C4H7O4', 'C1H4O1', -0.9568305186913134]	[151.06089298313012, 164.61836391532478, 76344005.75439453, 'C5H11O5', 133.05077208426982, 9.950992420856645, 1835347.80078125, 'C5H9O4', 'H2O1', -3.3812748951062592]	
68.798004	[189.07657702871012, 185.47778354371118, 48724912.32299805, 'C8H13O5', 0, 0, 0, 'None', 'None', 0]	
62.724258	[161.04515831297326, 96.72059379119794, 140527558.96875, 'C6H9O5', 73.02960117009208, 146.84465480495703, 113085636.76367188, 'C3H5O2', 'C3H4O3', -0.1947699287301039]	[161.04515831297326, 96.72059379119794, 140527558.96875, 'C6H9O5', 85.02964401290917, 47.316538024248544, 47802692.99609375, 'C4H5O2', 'C2H4O3', 0.3380858119791444]	[161.04515831297326, 96.72059379119794, 140527558.96875, 'C6H9O5', 117.01952653102705, 102.32173351772487, 36966122.83105469, 'C4H5O4', 'C2H4O1', 1.7766278941182705]	[161.04515831297326, 96.72059379119794, 140527558.96875, 'C6H9O5', 147.03012558248824, 83.29182050199289, 15413600.594482422, 'C5H7O5', 'C1H2', 8.367110778970458]	[161.04515831297326, 96.72059379119794, 140527558.96875, 'C6H9O5', 99.04529798731777, 34.8670626736186, 13126024.200195312, 'C5H7O2', 'C1H2O3', 0.639905063425291]	[161.04515831297326, 96.72059379119794, 140527558.96875, 'C6H9O5', 99.00891088717565, 78.95408936333826, 13076581.393554688, 'C4H3O3', 'C2H6O2', 0.5250791464378017]	[161.04515831297326, 96.72059379119794, 140527558.96875, 'C6H9O5', 97.0296231988368, 37.15207565308553, 12479852.857910156, 'C5H5O2', 'C1H4O3', 0.2325333570451016]	[161.04515831297326, 96.72059379119794, 140527558.96875, 'C6H9O5', 101.02452976397896, 105.79291904667397, 12445711.014038086, 'C4H5O3', 'C2H4O2', 0.024174915341437387]	[161.04515831297326, 96.72059379119794, 140527558.96875, 'C6H9O5', 69.0346963414975, 10.96757021770237, 8409827.977539062, 'C4H5O1', 'C2H4O4', -0.021426531428128545]	[161.04515831297326, 96.72059379119794, 140527558.96875, 'C6H9O5', 85.06601844909757, 2.428484893842909, 7519915.388427734, 'C5H9O1', 'C1O4', 0.26502000196120923]	[161.04515831297326, 96.72059379119794, 140527558.96875, 'C6H9O5', 145.05081644716327, 5.407456992546546, 6726028.66796875, 'C6H9O4', 'O1', 4.2597601518044295]	[161.04515831297326, 96.72059379119794, 140527558.96875, 'C6H9O5', 143.0351913365941, 19.015311948175455, 2200527.8984375, 'C6H7O4', 'H2O1', 5.16497550917746]	[161.04515831297326, 96.72059379119794, 140527558.96875, 'C6H9O5', 109.02965140940009, 23.258964755229623, 1702129.7905273438, 'C6H5O2', 'H4O3', 0.8285223990544502]	
280.255998	[121.02906203297258, 95.41633048765135, 49335548.4765625, 'C7H5O2', 0, 0, 0, 'None', 'None', 0]	
37.9207548	[147.02961198359986, 137.6329721381458, 107454326.68945312, 'C5H7O5', 73.02960597295058, 109.20081689950806, 44571203.662597656, 'C3H5O2', 'C2H2O3', -1.5677007570263792]	[147.02961198359986, 137.6329721381458, 107454326.68945312, 'C5H7O5', 85.02963872683087, 13.021567230988413, 23527742.58532715, 'C4H5O2', 'C1H2O3', -1.1815517713227743]	[147.02961198359986, 137.6329721381458, 107454326.68945312, 'C5H7O5', 117.0195207641468, 86.43098066925252, 19668379.6640625, 'C4H5O4', 'C1H2O1', -1.0402811736768225]	[147.02961198359986, 137.6329721381458, 107454326.68945312, 'C5H7O5', 87.04527822965626, 6.608401311782302, 15116855.965332031, 'C4H7O2', 'C1O3', -1.5629607975061435]	[147.02961198359986, 137.6329721381458, 107454326.68945312, 'C5H7O5', 72.99325026715019, 42.03314396258008, 12128086.274414062, 'C2H1O3', 'C3H6O2', -1.1037265463532737]	[147.02961198359986, 137.6329721381458, 107454326.68945312, 'C5H7O5', 131.03511701863758, 130.13245729001696, 10644949.727539062, 'C5H7O4', 'O1', -5.311971805649364]	[147.02961198359986, 137.6329721381458, 107454326.68945312, 'C5H7O5', 115.04023948055253, 10.50992112719167, 9138016.58203125, 'C5H7O3', 'O2', -1.328640723037673]	[147.02961198359986, 137.6329721381458, 107454326.68945312, 'C5H7O5', 99.00894628854817, 22.258061179955323, 7949692.798706055, 'C4H3O3', 'C1H4O2', -0.7433191422251266]	[147.02961198359986, 137.6329721381458, 107454326.68945312, 'C5H7O5', 129.01952035519489, 14.941578877008174, 2794772.7802734375, 'C5H5O4', 'H2O1', -1.7561002785752715]	
158.032872	[96.9605842300419, 52.23856958850291, 71033144.078125, 'H1O4S1', 0, 0, 0, 'None', 'None', 0]	
63.927258	[175.0608044994619, 211.75241743795328, 64504042.670410156, 'C7H11O5', 97.02966125012689, 11.644774985643464, 8186117.826660156, 'C5H5O2', 'C2H6O3', 0.5991244453100554]	[175.0608044994619, 211.75241743795328, 64504042.670410156, 'C7H11O5', 159.0301921152083, 13.66832168328102, 3675596.7963867188, 'C6H7O5', 'C1H4', 11.703226944256672]	
350.59725	[209.00894981867154, 207.71909819106122, 35799209.428222656, 'C9H5O6', 121.02965885808693, 164.96233827071285, 23569621.91015625, 'C7H5O2', 'C2O4', -1.4885302997800935]	[209.00894981867154, 207.71909819106122, 35799209.428222656, 'C9H5O6', 165.01962643100822, 23.933109529240742, 3646204.1904296875, 'C8H5O4', 'C1O2', 0.1503151448950873]	
37.9207548	[131.0345869501452, 122.87031642265885, 60089893.81640625, 'C5H7O4', 73.02960597295058, 109.20081689950806, 44571203.662597656, 'C3H5O2', 'C2H2O2', -0.01684659141919239]	[131.0345869501452, 122.87031642265885, 60089893.81640625, 'C5H7O4', 59.01394782332958, 97.62533174650122, 28058015.166015625, 'C2H3O2', 'C3H4O2', -0.12672412227408028]	[131.0345869501452, 122.87031642265885, 60089893.81640625, 'C5H7O4', 85.02963872683087, 13.021567230988413, 23527742.58532715, 'C4H5O2', 'C1H2O2', 0.6907157060687009]	[131.0345869501452, 122.87031642265885, 60089893.81640625, 'C5H7O4', 117.0195207641468, 86.43098066925252, 19668379.6640625, 'C4H5O4', 'C1H2', 5.980065341707485]	[131.0345869501452, 122.87031642265885, 60089893.81640625, 'C5H7O4', 87.04527822965626, 6.608401311782302, 15116855.965332031, 'C4H7O2', 'C1O2', 0.4837372942651522]	[131.0345869501452, 122.87031642265885, 60089893.81640625, 'C5H7O4', 72.99325026715019, 42.03314396258008, 12128086.274414062, 'C2H1O3', 'C3H6O1', 0.4017275521669393]	[131.0345869501452, 122.87031642265885, 60089893.81640625, 'C5H7O4', 115.04023948055253, 10.50992112719167, 9138016.58203125, 'C5H7O3', 'O1', 3.9094094167966187]	[131.0345869501452, 122.87031642265885, 60089893.81640625, 'C5H7O4', 99.00894628854817, 22.258061179955323, 7949692.798706055, 'C4H3O3', 'C1H4O1', 2.1650564672004773]	[131.0345869501452, 122.87031642265885, 60089893.81640625, 'C5H7O4', 83.05038868082745, 1.5511860864677163, 7226129.691558838, 'C5H7O1', 'O3', 1.0780662190905717]	[131.0345869501452, 122.87031642265885, 60089893.81640625, 'C5H7O4', 97.02963609345532, 49.138890002505235, 7206390.53515625, 'C5H5O2', 'H2O2', 0.8570187829916178]	[131.0345869501452, 122.87031642265885, 60089893.81640625, 'C5H7O4', 69.0346949001858, 22.76271096611005, 6592374.015014648, 'C4H5O1', 'C1H2O3', 0.1282256501987309]	[131.0345869501452, 122.87031642265885, 60089893.81640625, 'C5H7O4', 57.03464753523809, 61.970110478227404, 6343395.452774048, 'C3H5O1', 'C2H2O3', -0.6677650499795079]	[131.0345869501452, 122.87031642265885, 60089893.81640625, 'C5H7O4', 71.05034717123237, 13.97133449540356, 4261359.107666016, 'C4H7O1', 'C1O3', 0.0036857234625725715]	[131.0345869501452, 122.87031642265885, 60089893.81640625, 'C5H7O4', 55.01896449338035, 31.415277273883778, 1394684.75390625, 'C3H3O1', 'C2H4O3', -1.0847273209015704]	
476.437992	[365.1639429758255, 232.96606767525444, 49574154.46484375, 'C16H29O7S1', 279.12776049865636, 54.97818895304026, 4500853.93359375, 'C12H23O5S1', 'C4H6O2', 1.1335029206439695]	[365.1639429758255, 232.96606767525444, 49574154.46484375, 'C16H29O7S1', 285.2077140002437, 14.141986868088381, 2802293.900390625, 'C16H29O4', 'O3S1', 1.1384209856639853]	
36.708879	[197.06646017495498, 72.00633689853262, 55192769.56152344, 'C6H13O7', 59.013951981316204, 138.1475664654645, 35294189.396484375, 'C2H3O2', 'C4H10O5', -1.363198391876801]	[197.06646017495498, 72.00633689853262, 55192769.56152344, 'C6H13O7', 71.01398022533967, 48.74111874975789, 27080330.498535156, 'C3H3O2', 'C3H10O5', -1.2689078464247208]	[197.06646017495498, 72.00633689853262, 55192769.56152344, 'C6H13O7', 101.0245461716125, 125.28319568732442, 18856291.998901367, 'C4H5O3', 'C2H8O4', -1.6034930409186279]	[197.06646017495498, 72.00633689853262, 55192769.56152344, 'C6H13O7', 147.030188646472, 36.52274786106223, 7639232.366699219, 'C5H7O5', 'C1H6O2', 0.16930582758317198]	[197.06646017495498, 72.00633689853262, 55192769.56152344, 'C6H13O7', 119.03515233944567, 25.656493621635164, 7152559.185058594, 'C4H7O4', 'C2H6O3', -1.5100958517191125]	[197.06646017495498, 72.00633689853262, 55192769.56152344, 'C6H13O7', 161.04581134939306, 8.066402697230046, 3990899.5916748047, 'C6H9O5', 'H4O2', -0.5226252503696945]	[197.06646017495498, 72.00633689853262, 55192769.56152344, 'C6H13O7', 151.06146627709538, 25.210861815319568, 3746415.6103515625, 'C5H11O5', 'C1H2O2', -0.30209130328365646]	
422.230866	[296.0444298544942, 218.49206746834537, 37943683.8046875, 'C9H14N1O8S1', 61.98844990990023, 153.63477167462574, 132939669.77734375, 'N1O3', 'C9H14O5S1', -1.2088731489735534]	[296.0444298544942, 218.49206746834537, 37943683.8046875, 'C9H14N1O8S1', 121.02965308811964, 5.920522244035421, 4945619.65625, 'C7H5O2', 'C2H9N1O6S1', -1.2385568765219306]	[296.0444298544942, 218.49206746834537, 37943683.8046875, 'C9H14N1O8S1', 111.0452463706015, 21.208432636100113, 1830009.2109375, 'C6H7O2', 'C3H7N1O6S1', -1.4782938409389907]	[296.0444298544942, 218.49206746834537, 37943683.8046875, 'C9H14N1O8S1', 233.0492415936258, 40.73400707698397, 1804548.673828125, 'C9H13O5S1', 'H1N1O3', -0.7660979619708875]	
167.76288	[143.03462501797003, 64.71511149175728, 32107108.68359375, 'C6H7O4', 99.04533281070584, 17.276503891020518, 4481285.938964844, 'C5H7O2', 'C1O2', 0.8591251268500117]	
35.4940068	[227.07698190315224, 29.286312418030345, 90464466.65429688, 'C7H15O8', 71.01397399464011, 81.93866154075829, 51495164.10644531, 'C3H3O2', 'C4H12O6', -0.7555162235158605]	[227.07698190315224, 29.286312418030345, 90464466.65429688, 'C7H15O8', 59.01395028899356, 178.79308303679477, 45026707.99609375, 'C2H3O2', 'C5H12O6', -0.8426227707975793]	[227.07698190315224, 29.286312418030345, 90464466.65429688, 'C7H15O8', 89.02459849362596, 84.28312879580844, 33336159.4375, 'C3H5O3', 'C4H10O5', -0.4593133058619461]	[227.07698190315224, 29.286312418030345, 90464466.65429688, 'C7H15O8', 101.02455705543521, 132.79570391524928, 31965477.751953125, 'C4H5O3', 'C3H10O5', -0.8317753607595156]	[227.07698190315224, 29.286312418030345, 90464466.65429688, 'C7H15O8', 181.07211314362553, 104.88161138236961, 27108537.9375, 'C6H13O6', 'C1H2O2', 2.4179889495566838]	[227.07698190315224, 29.286312418030345, 90464466.65429688, 'C7H15O8', 151.06144604453388, 71.17823001715104, 10232255.262817383, 'C5H11O5', 'C2H4O3', 0.054480368396557496]	[227.07698190315224, 29.286312418030345, 90464466.65429688, 'C7H15O8', 119.035170102255, 27.081822398269704, 9232836.87915039, 'C4H7O4', 'C3H8O4', -0.4794501005206996]	[227.07698190315224, 29.286312418030345, 90464466.65429688, 'C7H15O8', 179.0564674650668, 4.622401050176075, 5610373.041503906, 'C6H11O6', 'C1H4O2', 2.406486324643541]	
274.221624	[143.03460360789913, 78.5397423532322, 22627363.677734375, 'C6H7O4', 0, 0, 0, 'None', 'None', 0]	
63.927258	[159.0295637114701, 25.178470178036566, 47124444.6640625, 'C6H7O5', 97.02966125012689, 11.644774985643464, 8186117.826660156, 'C5H5O2', 'C1H2O3', -0.03969882640861334]	[159.0295637114701, 25.178470178036566, 47124444.6640625, 'C6H7O5', 109.02967750064671, 18.20425513380348, 1302203.048828125, 'C6H5O2', 'H2O3', 0.2757814019224109]	
509.137248	[267.0545978400238, 76.79170380280353, 20881074.32421875, 'C9H15O7S1', 187.0977873211913, 47.66024364286308, 3105032.80859375, 'C9H15O4', 'O3S1', -6.134759027335014]	
37.9207548	[161.04528149104374, 64.80488344700807, 50615087.37597656, 'C6H9O5', 73.02960597295058, 109.20081689950806, 44571203.662597656, 'C3H5O2', 'C3H4O3', -1.539695315798462]	[161.04528149104374, 64.80488344700807, 50615087.37597656, 'C6H9O5', 85.02963872683087, 13.021567230988413, 23527742.58532715, 'C4H5O2', 'C2H4O3', -1.3518735512243434]	[161.04528149104374, 64.80488344700807, 50615087.37597656, 'C6H9O5', 117.0195207641468, 86.43098066925252, 19668379.6640625, 'C4H5O4', 'C2H4O1', -1.1521963505340704]	[161.04528149104374, 64.80488344700807, 50615087.37597656, 'C6H9O5', 87.04527822965626, 6.608401311782302, 15116855.965332031, 'C4H7O2', 'C2H2O3', -1.5305488813090227]	[161.04528149104374, 64.80488344700807, 50615087.37597656, 'C6H9O5', 72.99325026715019, 42.03314396258008, 12128086.274414062, 'C2H1O3', 'C4H8O2', -1.149585277613661]	[161.04528149104374, 64.80488344700807, 50615087.37597656, 'C6H9O5', 131.03511701863758, 130.13245729001696, 10644949.727539062, 'C5H7O4', 'C1H2O1', -3.4811760417115916]	[161.04528149104374, 64.80488344700807, 50615087.37597656, 'C6H9O5', 115.04023948055253, 10.50992112719167, 9138016.58203125, 'C5H7O3', 'C1H2O2', -1.3478917648416124]	[161.04528149104374, 64.80488344700807, 50615087.37597656, 'C6H9O5', 99.00894628854817, 22.258061179955323, 7949692.798706055, 'C4H3O3', 'C2H6O2', -0.8898341668540594]	[161.04528149104374, 64.80488344700807, 50615087.37597656, 'C6H9O5', 69.0346949001858, 22.76271096611005, 6592374.015014648, 'C4H5O1', 'C2H4O4', -1.3758217910026047]	[161.04528149104374, 64.80488344700807, 50615087.37597656, 'C6H9O5', 147.0301120400169, 36.52274786106223, 6550814.466308594, 'C5H7O5', 'C1H2', -1.3878057639417445]	[161.04528149104374, 64.80488344700807, 50615087.37597656, 'C6H9O5', 57.03464753523809, 61.970110478227404, 6343395.452774048, 'C3H5O1', 'C3H4O4', -1.6724729270219565]	[161.04528149104374, 64.80488344700807, 50615087.37597656, 'C6H9O5', 111.04531556946635, 9.53677558364318, 5612311.979736328, 'C6H7O2', 'H2O3', -1.318419262159146]	[161.04528149104374, 64.80488344700807, 50615087.37597656, 'C6H9O5', 71.05034717123237, 13.97133449540356, 4261359.107666016, 'C4H7O1', 'C2H2O4', -1.3814013155484175]	[161.04528149104374, 64.80488344700807, 50615087.37597656, 'C6H9O5', 127.04022560374388, 58.908908285890746, 3654489.984375, 'C6H7O3', 'H2O2', -2.231614743073811]	[161.04528149104374, 64.80488344700807, 50615087.37597656, 'C6H9O5', 97.06602925317733, 1.4026721239169089, 3297853.020629883, 'C6H9O1', 'O4', -1.4416727664309588]	[161.04528149104374, 64.80488344700807, 50615087.37597656, 'C6H9O5', 145.05081268194772, 52.96452962961185, 3292626.8388671875, 'C6H9O4', 'O1', -3.6767246452013165]	[161.04528149104374, 64.80488344700807, 50615087.37597656, 'C6H9O5', 101.06089588337835, 31.060945381568022, 2937536.918823242, 'C5H9O2', 'C1O3', -2.427405902553943]	[161.04528149104374, 64.80488344700807, 50615087.37597656, 'C6H9O5', 129.01952035519489, 14.941578877008174, 2794772.7802734375, 'C5H5O4', 'C1H4O1', -1.5966849405156525]	
454.787742	[351.1482663513879, 149.26964148992016, 29044296.25390625, 'C15H27O7S1', 0, 0, 0, 'None', 'None', 0]	
35.4940068	[387.11422323414394, 327.2724859965331, 50990715.671875, 'C13H23O13', 71.01397399464011, 81.93866154075829, 51495164.10644531, 'C3H3O2', 'C10H20O11', -0.5828505759959719]	[387.11422323414394, 327.2724859965331, 50990715.671875, 'C13H23O13', 59.01395028899356, 178.79308303679477, 45026707.99609375, 'C2H3O2', 'C11H20O11', -0.6337843964337744]	[387.11422323414394, 327.2724859965331, 50990715.671875, 'C13H23O13', 89.02459849362596, 84.28312879580844, 33336159.4375, 'C3H5O3', 'C10H18O10', -0.4184657848441069]	[387.11422323414394, 327.2724859965331, 50990715.671875, 'C13H23O13', 101.02455705543521, 132.79570391524928, 31965477.751953125, 'C4H5O3', 'C9H18O10', -0.5808613101681744]	[387.11422323414394, 327.2724859965331, 50990715.671875, 'C13H23O13', 181.07211314362553, 104.88161138236961, 27108537.9375, 'C6H13O6', 'C7H10O7', 0.19369528272357447]	[387.11422323414394, 327.2724859965331, 50990715.671875, 'C13H23O13', 341.1095637013032, 171.60475435571374, 21324060.81640625, 'C12H21O11', 'C1H2O2', 6.965896054509948]	[387.11422323414394, 327.2724859965331, 50990715.671875, 'C13H23O13', 151.06144604453388, 71.17823001715104, 10232255.262817383, 'C5H11O5', 'C8H12O8', -0.2422741624832428]	[387.11422323414394, 327.2724859965331, 50990715.671875, 'C13H23O13', 119.035170102255, 27.081822398269704, 9232836.87915039, 'C4H7O4', 'C9H16O9', -0.4593110048426037]	[387.11422323414394, 327.2724859965331, 50990715.671875, 'C13H23O13', 179.0564674650668, 4.622401050176075, 5610373.041503906, 'C6H11O6', 'C7H12O7', 0.2125891265594347]	[387.11422323414394, 327.2724859965331, 50990715.671875, 'C13H23O13', 83.01400302196045, 6.8489744894651094, 3749776.880859375, 'C4H3O2', 'C9H20O11', -0.5103972899627898]	
37.9207548	[119.03457140461079, 7.206185014755153, 24146684.762878418, 'C4H7O4', 73.02960597295058, 109.20081689950806, 44571203.662597656, 'C3H5O2', 'C1H2O2', 0.31666541462821607]	[119.03457140461079, 7.206185014755153, 24146684.762878418, 'C4H7O4', 59.01394782332958, 97.62533174650122, 28058015.166015625, 'C2H3O2', 'C2H4O2', 0.1069409968902911]	[119.03457140461079, 7.206185014755153, 24146684.762878418, 'C4H7O4', 85.02963872683087, 13.021567230988413, 23527742.58532715, 'C4H5O2', 'H2O2', 1.3916076447300298]	[119.03457140461079, 7.206185014755153, 24146684.762878418, 'C4H7O4', 87.04527822965626, 6.608401311782302, 15116855.965332031, 'C4H7O2', 'O2', 1.1511498456890532]	[119.03457140461079, 7.206185014755153, 24146684.762878418, 'C4H7O4', 72.99325026715019, 42.03314396258008, 12128086.274414062, 'C2H1O3', 'C2H6O1', 0.8440704220209645]	[119.03457140461079, 7.206185014755153, 24146684.762878418, 'C4H7O4', 99.00894628854817, 22.258061179955323, 7949692.798706055, 'C4H3O3', 'H4O1', 4.738007819101733]	[119.03457140461079, 7.206185014755153, 24146684.762878418, 'C4H7O4', 69.0346949001858, 22.76271096611005, 6592374.015014648, 'C4H5O1', 'H2O3', 0.46990796169865257]	[119.03457140461079, 7.206185014755153, 24146684.762878418, 'C4H7O4', 57.03464753523809, 61.970110478227404, 6343395.452774048, 'C3H5O1', 'C1H2O3', -0.38498725020557006]	[119.03457140461079, 7.206185014755153, 24146684.762878418, 'C4H7O4', 71.05034717123237, 13.97133449540356, 4261359.107666016, 'C4H7O1', 'O3', 0.5369755061574792]	[119.03457140461079, 7.206185014755153, 24146684.762878418, 'C4H7O4', 55.01896449338035, 31.415277273883778, 1394684.75390625, 'C3H3O1', 'C1H4O3', -0.8890142368297753]	[119.03457140461079, 7.206185014755153, 24146684.762878418, 'C4H7O4', 103.04016441167329, 25.471311599023238, 1274518.71484375, 'C4H7O3', 'O1', 0.18800124955734293]	
89.569878	[125.0603825520112, 16.45712377620485, 15109529.9296875, 'C7H9O2', 0, 0, 0, 'None', 'None', 0]	
469.25412	[195.0694177248103, 132.4425732316215, 22510685.221679688, 'C7H15O4S1', 0, 0, 0, 'None', 'None', 0]	
475.237992	[337.13257050969105, 193.80157483732586, 31546232.7265625, 'C14H25O7S1', 0, 0, 0, 'None', 'None', 0]	
405.266868	[239.02301451258433, 7.246424358262726, 15402974.234375, 'C8H15O2S3', 0, 0, 0, 'None', 'None', 0]	
34.2730038	[145.06146500106058, 214.9951308819886, 38473931.767578125, 'C5H9N2O3', 127.05146076201858, 25.968381153634812, 2105900.815185547, 'C5H7N2O2', 'H2O1', 3.0960242566476657]	[145.06146500106058, 214.9951308819886, 38473931.767578125, 'C5H9N2O3', 125.03576366652904, 1.9707168306270435, 643539.3662109375, 'C5H5N2O2', 'H4O1', 0.9320523718321769]	[145.06146500106058, 214.9951308819886, 38473931.767578125, 'C5H9N2O3', 109.04085252187811, 4.214712226313728, 482701.6376953125, 'C5H5N2O1', 'H4O2', 0.48640412014703605]	
516.423876	[267.0182464396175, 69.89328373144377, 13779965.25390625, 'C9H15O3S3', 57.03465541370874, 4.344387371698302, 1879871.1906738281, 'C3H5O1', 'C6H10O2S3', 0.9475674575626117]	[267.0182464396175, 69.89328373144377, 13779965.25390625, 'C9H15O3S3', 71.05037566750924, 5.2060471914340445, 1206686.7817382812, 'C4H7O1', 'C5H8O2S3', 1.4248620359109507]	
457.193622	[337.13261507157665, 214.24727415760165, 27987458.125, 'C14H25O7S1', 207.01244038582658, 58.43064983160751, 3498170.7763671875, 'C10H7O3S1', 'C4H18O4', -1.2656386117140157]	
70.01688	[99.04471695641323, 44.25677735625801, 20801500.7734375, 'C5H7O2', 0, 0, 0, 'None', 'None', 0]	
321.43587	[137.0240297325371, 11.875604447376448, 11289334.200927734, 'C7H5O3', 93.03472014931677, 8.395399777386935, 6703395.943359375, 'C6H5O1', 'C1O2', 0.46412521150051816]	
37.9207548	[189.04029133797172, 76.70375712172937, 25207589.83203125, 'C7H9O6', 73.02960597295058, 109.20081689950806, 44571203.662597656, 'C3H5O2', 'C4H4O4', -1.9426145887773791]	[189.04029133797172, 76.70375712172937, 25207589.83203125, 'C7H9O6', 85.02963872683087, 13.021567230988413, 23527742.58532715, 'C4H5O2', 'C3H4O4', -1.8518316163736628]	[189.04029133797172, 76.70375712172937, 25207589.83203125, 'C7H9O6', 117.0195207641468, 86.43098066925252, 19668379.6640625, 'C4H5O4', 'C3H4O2', -1.9518376141078484]	[189.04029133797172, 76.70375712172937, 25207589.83203125, 'C7H9O6', 87.04527822965626, 6.608401311782302, 15116855.965332031, 'C4H7O2', 'C3H2O4', -1.9913455922797352]	[189.04029133797172, 76.70375712172937, 25207589.83203125, 'C7H9O6', 72.99325026715019, 42.03314396258008, 12128086.274414062, 'C2H1O3', 'C5H8O3', -1.6464874635020659]	[189.04029133797172, 76.70375712172937, 25207589.83203125, 'C7H9O6', 131.03511701863758, 130.13245729001696, 10644949.727539062, 'C5H7O4', 'C2H2O2', -3.3500056059887853]	[189.04029133797172, 76.70375712172937, 25207589.83203125, 'C7H9O6', 115.04023948055253, 10.50992112719167, 9138016.58203125, 'C5H7O3', 'C2H2O3', -2.1872461101734415]	[189.04029133797172, 76.70375712172937, 25207589.83203125, 'C7H9O6', 99.00894628854817, 22.258061179955323, 7949692.798706055, 'C4H3O3', 'C3H6O3', -1.6110902033795658]	[189.04029133797172, 76.70375712172937, 25207589.83203125, 'C7H9O6', 147.0301120400169, 36.52274786106223, 6550814.466308594, 'C5H7O5', 'C2H2O1', -2.8397054471107674]	[189.04029133797172, 76.70375712172937, 25207589.83203125, 'C7H9O6', 57.03464753523809, 61.970110478227404, 6343395.452774048, 'C3H5O1', 'C4H4O5', -2.0741665936383176]	[189.04029133797172, 76.70375712172937, 25207589.83203125, 'C7H9O6', 111.04531556946635, 9.53677558364318, 5612311.979736328, 'C6H7O2', 'C1H2O4', -2.1253605255342753]	[189.04029133797172, 76.70375712172937, 25207589.83203125, 'C7H9O6', 71.05034717123237, 13.97133449540356, 4261359.107666016, 'C4H7O1', 'C3H2O5', -1.8151193587493437]	[189.04029133797172, 76.70375712172937, 25207589.83203125, 'C7H9O6', 127.04022560374388, 58.908908285890746, 3654489.984375, 'C6H7O3', 'C1H2O3', -2.6731083158110955]	[189.04029133797172, 76.70375712172937, 25207589.83203125, 'C7H9O6', 97.06602925317733, 1.4026721239169089, 3297853.020629883, 'C6H9O1', 'C1O5', -1.979725636268574]	[189.04029133797172, 76.70375712172937, 25207589.83203125, 'C7H9O6', 145.05081268194772, 52.96452962961185, 3292626.8388671875, 'C6H9O4', 'C1O2', -3.3793156657792527]	[189.04029133797172, 76.70375712172937, 25207589.83203125, 'C7H9O6', 101.06089588337835, 31.060945381568022, 2937536.918823242, 'C5H9O2', 'C2O4', -2.6762317932206705]	[189.04029133797172, 76.70375712172937, 25207589.83203125, 'C7H9O6', 161.0458044216881, 8.066402697230046, 2870981.705078125, 'C6H9O5', 'C1O1', -2.747502038412977]	[189.04029133797172, 76.70375712172937, 25207589.83203125, 'C7H9O6', 129.01952035519489, 14.941578877008174, 2794772.7802734375, 'C5H5O4', 'C2H4O2', -2.348880230838911]	[189.04029133797172, 76.70375712172937, 25207589.83203125, 'C7H9O6', 173.04576396994534, 17.884147648850988, 2447460.41796875, 'C7H9O5', 'O1', -7.337782154521113]	
471.646122	[95.95077179351036, 86.04225257706857, 21818452.34375, 'O4S1', 0, 0, 0, 'None', 'None', 0]	
62.724258	[85.02905446516655, 4.471508257230902, 18409196.287109375, 'C4H5O2', 73.02960117009208, 146.84465480495703, 113085636.76367188, 'C3H5O2', 'C1', 3.8920922754296594]	[85.02905446516655, 4.471508257230902, 18409196.287109375, 'C4H5O2', 69.0346963414975, 10.96757021770237, 8409827.977539062, 'C4H5O1', 'O1', 3.2433129784629626]	
62.724258	[73.02902305610552, 57.790734998997145, 28662701.25, 'C3H5O2', 0, 0, 0, 'None', 'None', 0]	
419.822742	[294.06534063098775, 165.43702839413777, 15520853.638183594, 'C10H16N1O7S1', 96.96024687467347, 143.26722417103753, 440517292.90625, 'H1O4S1', 'C10H15N1O3', -2.048426463001427]	[294.06534063098775, 165.43702839413777, 15520853.638183594, 'C10H16N1O7S1', 79.95751520770663, 316.52518408729657, 134844944.375, 'O3S1', 'C10H16N1O4', -1.8468374842279929]	[294.06534063098775, 165.43702839413777, 15520853.638183594, 'C10H16N1O7S1', 80.96529734730392, 60.15850694828398, 47114048.71484375, 'H1O3S1', 'C10H15N1O4', -2.033235941720613]	[294.06534063098775, 165.43702839413777, 15520853.638183594, 'C10H16N1O7S1', 87.00891509774414, 19.007134949332922, 18937810.751464844, 'C3H3O3', 'C7H13N1O4S1', -1.910263289055058]	[294.06534063098775, 165.43702839413777, 15520853.638183594, 'C10H16N1O7S1', 59.013958667100425, 1.658054143693776, 16052933.787841797, 'C2H3O2', 'C8H13N1O5S1', -1.8802822746645296]	[294.06534063098775, 165.43702839413777, 15520853.638183594, 'C10H16N1O7S1', 57.034651250511004, 61.04799313798943, 13445865.817626953, 'C3H5O1', 'C7H11N1O6S1', -2.0224362793786077]	[294.06534063098775, 165.43702839413777, 15520853.638183594, 'C10H16N1O7S1', 247.06512768106074, 13.424790545090802, 4295530.650390625, 'C10H15O5S1', 'H1N1O2', 0.36276200765216277]	[294.06534063098775, 165.43702839413777, 15520853.638183594, 'C10H16N1O7S1', 83.05041511604807, 3.9622940116894885, 2648299.283203125, 'C5H7O1', 'C5H9N1O6S1', -1.7321716588602096]	[294.06534063098775, 165.43702839413777, 15520853.638183594, 'C10H16N1O7S1', 97.02943825563962, 3.2939337480955153, 2229733.1484375, 'C5H5O2', 'C5H11N1O5S1', -3.057177967499242]	
505.523118	[195.02955812319743, 78.57146888224914, 10262824.190307617, 'C9H7O5', 107.05036806011962, 47.86765790903658, 4632688.049316406, 'C7H7O1', 'C2O4', -0.3417047479260033]	[195.02955812319743, 78.57146888224914, 10262824.190307617, 'C9H7O5', 151.04027060913953, 14.055618210584791, 1355446.544921875, 'C8H7O3', 'C1O2', 0.9658137601894661]	
262.121502	[155.03475452963102, 75.90589390074533, 9207548.628417969, 'C7H7O4', 0, 0, 0, 'None', 'None', 0]	
37.9207548	[203.0559918075405, 38.446435967630805, 17523211.701171875, 'C8H11O6', 73.02960597295058, 109.20081689950806, 44571203.662597656, 'C3H5O2', 'C5H6O4', -2.1213658093031222]	[203.0559918075405, 38.446435967630805, 17523211.701171875, 'C8H11O6', 85.02963872683087, 13.021567230988413, 23527742.58532715, 'C4H5O2', 'C4H6O4', -2.0595373279754874]	[203.0559918075405, 38.446435967630805, 17523211.701171875, 'C8H11O6', 117.0195207641468, 86.43098066925252, 19668379.6640625, 'C4H5O4', 'C4H6O2', -2.2204802352015593]	[203.0559918075405, 38.446435967630805, 17523211.701171875, 'C8H11O6', 87.04527822965626, 6.608401311782302, 15116855.965332031, 'C4H7O2', 'C4H4O4', -2.185804944337976]	[203.0559918075405, 38.446435967630805, 17523211.701171875, 'C8H11O6', 72.99325026715019, 42.03314396258008, 12128086.274414062, 'C2H1O3', 'C6H10O3', -1.9339852467263812]	[203.0559918075405, 38.446435967630805, 17523211.701171875, 'C8H11O6', 131.03511701863758, 130.13245729001696, 10644949.727539062, 'C5H7O4', 'C3H4O2', -3.398836854141462]	[203.0559918075405, 38.446435967630805, 17523211.701171875, 'C8H11O6', 115.04023948055253, 10.50992112719167, 9138016.58203125, 'C5H7O3', 'C3H4O3', -2.4123611531929194]	[203.0559918075405, 38.446435967630805, 17523211.701171875, 'C8H11O6', 99.00894628854817, 22.258061179955323, 7949692.798706055, 'C4H3O3', 'C4H8O3', -1.9752411389598472]	[203.0559918075405, 38.446435967630805, 17523211.701171875, 'C8H11O6', 83.05038868082745, 1.5511860864677163, 7226129.691558838, 'C5H7O1', 'C3H4O5', -1.8592947127261654]	[203.0559918075405, 38.446435967630805, 17523211.701171875, 'C8H11O6', 97.02963609345532, 49.138890002505235, 7206390.53515625, 'C5H5O2', 'C3H6O4', -2.317470262723732]	[203.0559918075405, 38.446435967630805, 17523211.701171875, 'C8H11O6', 69.0346949001858, 22.76271096611005, 6592374.015014648, 'C4H5O1', 'C4H6O5', -2.0661367110744475]	[203.0559918075405, 38.446435967630805, 17523211.701171875, 'C8H11O6', 147.0301120400169, 36.52274786106223, 6550814.466308594, 'C5H7O5', 'C3H4O1', -2.851648174815534]	[203.0559918075405, 38.446435967630805, 17523211.701171875, 'C8H11O6', 57.03464753523809, 61.970110478227404, 6343395.452774048, 'C3H5O1', 'C5H6O5', -2.2207109079799983]	[203.0559918075405, 38.446435967630805, 17523211.701171875, 'C8H11O6', 111.04531556946635, 9.53677558364318, 5612311.979736328, 'C6H7O2', 'C2H4O4', -2.3501283538184095]	[203.0559918075405, 38.446435967630805, 17523211.701171875, 'C8H11O6', 71.05034717123237, 13.97133449540356, 4261359.107666016, 'C4H7O1', 'C4H4O5', -2.0804812448445786]	[203.0559918075405, 38.446435967630805, 17523211.701171875, 'C8H11O6', 127.04022560374388, 58.908908285890746, 3654489.984375, 'C6H7O3', 'C2H4O3', -2.975728852668336]	[203.0559918075405, 38.446435967630805, 17523211.701171875, 'C8H11O6', 97.06602925317733, 1.4026721239169089, 3297853.020629883, 'C6H9O1', 'C2H2O5', -2.19410650318019]	[203.0559918075405, 38.446435967630805, 17523211.701171875, 'C8H11O6', 145.05081268194772, 52.96452962961185, 3292626.8388671875, 'C6H9O4', 'C2H2O2', -3.432863743358351]	[203.0559918075405, 38.446435967630805, 17523211.701171875, 'C8H11O6', 101.06089588337835, 31.060945381568022, 2937536.918823242, 'C5H9O2', 'C3H2O4', -2.803299098863379]	[203.0559918075405, 38.446435967630805, 17523211.701171875, 'C8H11O6', 161.0458044216881, 8.066402697230046, 2870981.705078125, 'C6H9O5', 'C2H2O1', -3.03222490088003]	[203.0559918075405, 38.446435967630805, 17523211.701171875, 'C8H11O6', 129.01952035519489, 14.941578877008174, 2794772.7802734375, 'C5H5O4', 'C3H6O2', -2.5859019063351827]	[203.0559918075405, 38.446435967630805, 17523211.701171875, 'C8H11O6', 173.04576396994534, 17.884147648850988, 2447460.41796875, 'C7H9O5', 'C1H2O1', -5.592586626295654]	[203.0559918075405, 38.446435967630805, 17523211.701171875, 'C8H11O6', 125.06092353813813, 10.135006421550328, 2305697.103515625, 'C7H9O2', 'C1H2O4', -3.311334324454938]	[203.0559918075405, 38.446435967630805, 17523211.701171875, 'C8H11O6', 95.05039350915173, 5.041555579387845, 2300206.6389160156, 'C6H7O1', 'C2H4O5', -2.021167250725182]	[203.0559918075405, 38.446435967630805, 17523211.701171875, 'C8H11O6', 109.02961411822582, 14.394257677805724, 1922514.6027832031, 'C6H5O2', 'C2H6O4', -2.8469446316507208]	
484.89549	[225.0436227740277, 195.8289562436318, 9335181.573242188, 'C7H13O6S1', 0, 0, 0, 'None', 'None', 0]	
518.850498	[239.05950290189088, 80.81550125781601, 13002611.349609375, 'C8H15O6S1', 0, 0, 0, 'None', 'None', 0]	
468.05625	[187.09727414524033, 31.885929199825256, 10053475.0703125, 'C9H15O4', 125.09738655667194, 9.018144242337792, 2972953.4453125, 'C8H13O1', 'C1H2O3', 0.2001831291827837]	[187.09727414524033, 31.885929199825256, 10053475.0703125, 'C9H15O4', 97.06586492525908, 19.241987710739515, 2749386.2421875, 'C6H9O1', 'C3H6O3', -2.3238425472773234]	
137.521878	[185.04530903345122, 74.16193680939634, 13898832.475891113, 'C8H9O5', 97.06595131420528, 12.046082221861926, 8321771.094085693, 'C6H9O1', 'C2O4', -2.2473240020153797]	
37.9207548	[189.07665060416974, 36.09902820402605, 16312372.849609375, 'C8H13O5', 73.02960597295058, 109.20081689950806, 44571203.662597656, 'C3H5O2', 'C5H8O3', -1.6771679210612314]	[189.07665060416974, 36.09902820402605, 16312372.849609375, 'C8H13O5', 85.02963872683087, 13.021567230988413, 23527742.58532715, 'C4H5O2', 'C4H8O3', -1.6519120522009292]	[189.07665060416974, 36.09902820402605, 16312372.849609375, 'C8H13O5', 117.0195207641468, 86.43098066925252, 19668379.6640625, 'C4H5O4', 'C4H8O1', -1.6631135830170916]	[189.07665060416974, 36.09902820402605, 16312372.849609375, 'C8H13O5', 87.04527822965626, 6.608401311782302, 15116855.965332031, 'C4H7O2', 'C4H6O3', -1.787426901432016]	[189.07665060416974, 36.09902820402605, 16312372.849609375, 'C8H13O5', 72.99325026715019, 42.03314396258008, 12128086.274414062, 'C2H1O3', 'C6H12O2', -1.4673612711128594]	[189.07665060416974, 36.09902820402605, 16312372.849609375, 'C8H13O5', 131.03511701863758, 130.13245729001696, 10644949.727539062, 'C5H7O4', 'C3H6O1', -2.990686601480862]	[189.07665060416974, 36.09902820402605, 16312372.849609375, 'C8H13O5', 115.04023948055253, 10.50992112719167, 9138016.58203125, 'C5H7O3', 'C3H6O2', -1.771057371691945]	[189.07665060416974, 36.09902820402605, 16312372.849609375, 'C8H13O5', 99.00894628854817, 22.258061179955323, 7949692.798706055, 'C4H3O3', 'C4H10O2', -1.3802387037806354]	[189.07665060416974, 36.09902820402605, 16312372.849609375, 'C8H13O5', 83.05038868082745, 1.5511860864677163, 7226129.691558838, 'C5H7O1', 'C3H6O4', -1.4328773182444716]	[189.07665060416974, 36.09902820402605, 16312372.849609375, 'C8H13O5', 97.02963609345532, 49.138890002505235, 7206390.53515625, 'C5H5O2', 'C3H8O3', -1.8958764432001496]	[189.07665060416974, 36.09902820402605, 16312372.849609375, 'C8H13O5', 69.0346949001858, 22.76271096611005, 6592374.015014648, 'C4H5O1', 'C4H8O4', -1.630289740413043]	[189.07665060416974, 36.09902820402605, 16312372.849609375, 'C8H13O5', 147.0301120400169, 36.52274786106223, 6550814.466308594, 'C5H7O5', 'C3H6', -2.1063113093910295]	[189.07665060416974, 36.09902820402605, 16312372.849609375, 'C8H13O5', 57.03464753523809, 61.970110478227404, 6343395.452774048, 'C3H5O1', 'C5H8O4', -1.8408385632579116]	[189.07665060416974, 36.09902820402605, 16312372.849609375, 'C8H13O5', 111.04531556946635, 9.53677558364318, 5612311.979736328, 'C6H7O2', 'C2H6O3', -1.8586606777768864]	[189.07665060416974, 36.09902820402605, 16312372.849609375, 'C8H13O5', 71.05034717123237, 13.97133449540356, 4261359.107666016, 'C4H7O1', 'C4H6O4', -1.6388899109286577]	[189.07665060416974, 36.09902820402605, 16312372.849609375, 'C8H13O5', 127.04022560374388, 58.908908285890746, 3654489.984375, 'C6H7O3', 'C2H6O2', -2.3373245186827956]	[189.07665060416974, 36.09902820402605, 16312372.849609375, 'C8H13O5', 97.06602925317733, 1.4026721239169089, 3297853.020629883, 'C6H9O1', 'C2H4O4', -1.753603151934194]	[189.07665060416974, 36.09902820402605, 16312372.849609375, 'C8H13O5', 145.05081268194772, 52.96452962961185, 3292626.8388671875, 'C6H9O4', 'C2H4O1', -2.9055839768824625]	[189.07665060416974, 36.09902820402605, 16312372.849609375, 'C8H13O5', 101.06089588337835, 31.060945381568022, 2937536.918823242, 'C5H9O2', 'C3H4O3', -2.439558375573671]	[189.07665060416974, 36.09902820402605, 16312372.849609375, 'C8H13O5', 161.0458044216881, 8.066402697230046, 2870981.705078125, 'C6H9O5', 'C2H4', -1.6475299236644811]	[189.07665060416974, 36.09902820402605, 16312372.849609375, 'C8H13O5', 129.01952035519489, 14.941578877008174, 2794772.7802734375, 'C5H5O4', 'C3H8O1', -2.002226434189791]	[189.07665060416974, 36.09902820402605, 16312372.849609375, 'C8H13O5', 173.04576396994534, 17.884147648850988, 2447460.41796875, 'C7H9O5', 'C1H4', -5.404038114448392]	[189.07665060416974, 36.09902820402605, 16312372.849609375, 'C8H13O5', 125.06092353813813, 10.135006421550328, 2305697.103515625, 'C7H9O2', 'C1H4O3', -2.7659554417120074]	[189.07665060416974, 36.09902820402605, 16312372.849609375, 'C8H13O5', 109.02961411822582, 14.394257677805724, 1922514.6027832031, 'C6H5O2', 'C2H8O3', -2.329689983160839]	
436.77237	[253.0750400392586, 87.85842920410481, 12322796.4765625, 'C9H17O6S1', 159.06648541620086, 104.8427281697758, 33963615.718444824, 'C7H11O4', 'C2H6O2S1', -2.1766313740848613]	[253.0750400392586, 87.85842920410481, 12322796.4765625, 'C9H17O6S1', 113.06102366118282, 4.414422805274755, 6139415.984375, 'C6H9O2', 'C3H8O4S1', -1.3311339465981507]	
39.1367556	[221.06646679669856, 61.01818124219916, 7179932.036865234, 'C8H13O7', 0, 0, 0, 'None', 'None', 0]	
471.646122	[95.95245032871767, 258.8976163751762, 159627482.671875, 'O4S1', 0, 0, 0, 'None', 'None', 0]	
329.936376	[135.0447791431146, 12.024229119326643, 10282113.161132812, 'C8H7O2', 91.05548386538051, 10.111025242557691, 6534475.476806641, 'C7H7', 'C1O2', 0.7893254717259747]	
37.9207548	[147.0658814182112, 79.93087113819692, 15290153.482421875, 'C6H11O4', 73.02960597295058, 109.20081689950806, 44571203.662597656, 'C3H5O2', 'C3H6O2', 0.06151995863094667]	[147.0658814182112, 79.93087113819692, 15290153.482421875, 'C6H11O4', 85.02963872683087, 13.021567230988413, 23527742.58532715, 'C4H5O2', 'C2H6O2', 0.6013955285489311]	[147.0658814182112, 79.93087113819692, 15290153.482421875, 'C6H11O4', 117.0195207641468, 86.43098066925252, 19668379.6640625, 'C4H5O4', 'C2H6', 2.973553098539679]	[147.0658814182112, 79.93087113819692, 15290153.482421875, 'C6H11O4', 87.04527822965626, 6.608401311782302, 15116855.965332031, 'C4H7O2', 'C2H4O2', 0.4467003042117779]	[147.0658814182112, 79.93087113819692, 15290153.482421875, 'C6H11O4', 72.99325026715019, 42.03314396258008, 12128086.274414062, 'C2H1O3', 'C4H10O1', 0.38946563394036715]	[147.0658814182112, 79.93087113819692, 15290153.482421875, 'C6H11O4', 131.03511701863758, 130.13245729001696, 10644949.727539062, 'C5H7O4', 'C1H4', 2.220687369904763]	[147.0658814182112, 79.93087113819692, 15290153.482421875, 'C6H11O4', 115.04023948055253, 10.50992112719167, 9138016.58203125, 'C5H7O3', 'C1H4O1', 2.125212005016831]	[147.0658814182112, 79.93087113819692, 15290153.482421875, 'C6H11O4', 99.00894628854817, 22.258061179955323, 7949692.798706055, 'C4H3O3', 'C2H8O1', 1.7660188633394036]	[147.0658814182112, 79.93087113819692, 15290153.482421875, 'C6H11O4', 83.05038868082745, 1.5511860864677163, 7226129.691558838, 'C5H7O1', 'C1H4O3', 0.8945048542351801]	[147.0658814182112, 79.93087113819692, 15290153.482421875, 'C6H11O4', 97.02963609345532, 49.138890002505235, 7206390.53515625, 'C5H5O2', 'C1H6O2', 0.6929955953567788]	[147.0658814182112, 79.93087113819692, 15290153.482421875, 'C6H11O4', 69.0346949001858, 22.76271096611005, 6592374.015014648, 'C4H5O1', 'C2H6O3', 0.04462257248492097]	[147.0658814182112, 79.93087113819692, 15290153.482421875, 'C6H11O4', 57.03464753523809, 61.970110478227404, 6343395.452774048, 'C3H5O1', 'C3H6O3', -0.3763447803582927]	[147.0658814182112, 79.93087113819692, 15290153.482421875, 'C6H11O4', 111.04531556946635, 9.53677558364318, 5612311.979736328, 'C6H7O2', 'H4O2', 1.7809371720075549]	[147.0658814182112, 79.93087113819692, 15290153.482421875, 'C6H11O4', 71.05034717123237, 13.97133449540356, 4261359.107666016, 'C4H7O1', 'C2H4O3', 0.07568167989230745]	[147.0658814182112, 79.93087113819692, 15290153.482421875, 'C6H11O4', 127.04022560374388, 58.908908285890746, 3654489.984375, 'C6H7O3', 'H4O1', 3.2050850530977826]	[147.0658814182112, 79.93087113819692, 15290153.482421875, 'C6H11O4', 97.06602925317733, 1.4026721239169089, 3297853.020629883, 'C6H9O1', 'H2O3', 0.956692584227227]	[147.0658814182112, 79.93087113819692, 15290153.482421875, 'C6H11O4', 101.06089588337835, 31.060945381568022, 2937536.918823242, 'C5H9O2', 'C1H2O2', -0.12030810661718766]	[147.0658814182112, 79.93087113819692, 15290153.482421875, 'C6H11O4', 129.01952035519489, 14.941578877008174, 2794772.7802734375, 'C5H5O4', 'C1H6', 4.928113724003976]	[147.0658814182112, 79.93087113819692, 15290153.482421875, 'C6H11O4', 95.05039350915173, 5.041555579387845, 2300206.6389160156, 'C6H7O1', 'H4O3', 1.1936895370089566]	[147.0658814182112, 79.93087113819692, 15290153.482421875, 'C6H11O4', 109.02961411822582, 14.394257677805724, 1922514.6027832031, 'C6H5O2', 'H6O2', 0.33388785421489847]	
455.990748	[295.1218605793613, 109.1318751340607, 14228203.3203125, 'C12H23O6S1', 207.0123316180037, 58.43064983160751, 4473814.019958496, 'C10H7O3S1', 'C2H16O3', -0.9529148788698996]	[295.1218605793613, 109.1318751340607, 14228203.3203125, 'C12H23O6S1', 87.04530577117634, 2.0838124873736446, 3596383.251953125, 'C4H7O2', 'C8H16O4S1', -0.5998171448374028]	[295.1218605793613, 109.1318751340607, 14228203.3203125, 'C12H23O6S1', 115.04022541747672, 5.408152240807133, 2756883.83203125, 'C5H7O3', 'C7H16O3S1', -0.6394964410736766]	
188.365626	[165.01900717379698, 17.144041910556336, 8816649.4921875, 'C8H5O4', 0, 0, 0, 'None', 'None', 0]	
366.401118	[193.0503504646654, 32.85227262369679, 8449489.361328125, 'C10H9O4', 149.06107433372995, 15.996940160552406, 1166411.3063964844, 'C9H9O2', 'C1O2', 1.2245814660171572]	
528.60912	[205.01401545368194, 83.64175221997877, 9777393.494873047, 'C10H5O5', 117.03475183290979, 6.483323311371061, 8985363.458984375, 'C8H5O1', 'C2O4', -1.1777796152970998]	
37.9207548	[115.03971134901853, 4.252424183096705, 9259087.33984375, 'C5H7O3', 73.02960597295058, 109.20081689950806, 44571203.662597656, 'C3H5O2', 'C2H2O1', -1.0801098330498686]	[115.03971134901853, 4.252424183096705, 9259087.33984375, 'C5H7O3', 85.02963872683087, 13.021567230988413, 23527742.58532715, 'C4H5O2', 'C1H2O1', -0.42059136359034827]	[115.03971134901853, 4.252424183096705, 9259087.33984375, 'C5H7O3', 87.04527822965626, 6.608401311782302, 15116855.965332031, 'C4H7O2', 'C1O1', -0.8258409537755115]	[115.03971134901853, 4.252424183096705, 9259087.33984375, 'C5H7O3', 72.99325026715019, 42.03314396258008, 12128086.274414062, 'C2H1O3', 'C3H6', -0.2635593169810296]	[115.03971134901853, 4.252424183096705, 9259087.33984375, 'C5H7O3', 99.00894628854817, 22.258061179955323, 7949692.798706055, 'C4H3O3', 'C1H4', 2.1794617899975277]	[115.03971134901853, 4.252424183096705, 9259087.33984375, 'C5H7O3', 83.05038868082745, 1.5511860864677163, 7226129.691558838, 'C5H7O1', 'O2', 0.22919192143034048]	[115.03971134901853, 4.252424183096705, 9259087.33984375, 'C5H7O3', 97.02963609345532, 49.138890002505235, 7206390.53515625, 'C5H5O2', 'H2O1', -0.8470336449066419]	[115.03971134901853, 4.252424183096705, 9259087.33984375, 'C5H7O3', 69.0346949001858, 22.76271096611005, 6592374.015014648, 'C4H5O1', 'C1H2O2', -0.7922709177350113]	[115.03971134901853, 4.252424183096705, 9259087.33984375, 'C5H7O3', 57.03464753523809, 61.970110478227404, 6343395.452774048, 'C3H5O1', 'C2H2O2', -1.44492657137637]	[115.03971134901853, 4.252424183096705, 9259087.33984375, 'C5H7O3', 71.05034717123237, 13.97133449540356, 4261359.107666016, 'C4H7O1', 'C1O2', -0.7769468444815739]	[115.03971134901853, 4.252424183096705, 9259087.33984375, 'C5H7O3', 55.01896449338035, 31.415277273883778, 1394684.75390625, 'C3H3O1', 'C2H4O2', -1.946904543049803]	[115.03971134901853, 4.252424183096705, 9259087.33984375, 'C5H7O3', 103.04016441167329, 25.471311599023238, 1274518.71484375, 'C4H7O3', 'C1', -3.9114301376796243]	
437.969496	[309.1010087443272, 46.69382634655767, 7317197.5390625, 'C12H21O7S1', 79.9574636659596, 121.61916584108795, 109430141.05078125, 'O3S1', 'C12H21O4', -0.284006366220342]	[309.1010087443272, 46.69382634655767, 7317197.5390625, 'C12H21O7S1', 159.06648488698252, 60.97866152914419, 38003691.26660156, 'C7H11O4', 'C5H10O3S1', 0.30754589252052983]	[309.1010087443272, 46.69382634655767, 7317197.5390625, 'C12H21O7S1', 251.09639941297178, 69.97980586567826, 29247305.361328125, 'C10H19O5S1', 'C2H2O2', 6.390275767839236]	[309.1010087443272, 46.69382634655767, 7317197.5390625, 'C12H21O7S1', 80.96529479498305, 6.149478580381945, 14323169.965820312, 'H1O3S1', 'C12H20O4', -0.2364786511954789]	[309.1010087443272, 46.69382634655767, 7317197.5390625, 'C12H21O7S1', 147.02993799331134, 3.8431134442942474, 7051568.5859375, 'C5H7O5', 'C7H14O2S1', -0.7450474830161166]	
63.927258	[203.09218876212634, 24.47062269119274, 8067824.984375, 'C9H15O5', 97.02966125012689, 11.644774985643464, 8186117.826660156, 'C5H5O2', 'C4H10O3', -0.2593929297867763]	[203.09218876212634, 24.47062269119274, 8067824.984375, 'C9H15O5', 159.0301921152083, 13.66832168328102, 3675596.7963867188, 'C6H7O5', 'C3H8', 2.3456020387696936]	[203.09218876212634, 24.47062269119274, 8067824.984375, 'C9H15O5', 175.06147134169754, 24.672368368290567, 2435254.060546875, 'C7H11O5', 'C2H4', 2.945985897220372]	
37.9207548	[133.0502529333562, 7.775262619775213, 11327943.624176025, 'C5H9O4', 73.02960597295058, 109.20081689950806, 44571203.662597656, 'C3H5O2', 'C2H4O2', -0.2825738342225849]	[133.0502529333562, 7.775262619775213, 11327943.624176025, 'C5H9O4', 85.02963872683087, 13.021567230988413, 23527742.58532715, 'C4H5O2', 'C1H4O2', 0.3288860519084959]	[133.0502529333562, 7.775262619775213, 11327943.624176025, 'C5H9O4', 117.0195207641468, 86.43098066925252, 19668379.6640625, 'C4H5O4', 'C1H4', 4.231165133545404]	[133.0502529333562, 7.775262619775213, 11327943.624176025, 'C5H9O4', 87.04527822965626, 6.608401311782302, 15116855.965332031, 'C4H7O2', 'C1H2O2', 0.11512325623981537]	[133.0502529333562, 7.775262619775213, 11327943.624176025, 'C5H9O4', 72.99325026715019, 42.03314396258008, 12128086.274414062, 'C2H1O3', 'C3H8O1', 0.12211286942367323]	[133.0502529333562, 7.775262619775213, 11327943.624176025, 'C5H9O4', 131.03511701863758, 130.13245729001696, 10644949.727539062, 'C5H7O4', 'H2', 6.98800873211132]	[133.0502529333562, 7.775262619775213, 11327943.624176025, 'C5H9O4', 115.04023948055253, 10.50992112719167, 9138016.58203125, 'C5H7O3', 'H2O1', 2.5844458265257884]	[133.0502529333562, 7.775262619775213, 11327943.624176025, 'C5H9O4', 99.00894628854817, 22.258061179955323, 7949692.798706055, 'C4H3O3', 'C1H6O1', 1.8610995776499781]	[133.0502529333562, 7.775262619775213, 11327943.624176025, 'C5H9O4', 83.05038868082745, 1.5511860864677163, 7226129.691558838, 'C5H7O1', 'H2O3', 0.7149442164844797]	[133.0502529333562, 7.775262619775213, 11327943.624176025, 'C5H9O4', 97.02963609345532, 49.138890002505235, 7206390.53515625, 'C5H5O2', 'H4O2', 0.36534400567951186]	[133.0502529333562, 7.775262619775213, 11327943.624176025, 'C5H9O4', 69.0346949001858, 22.76271096611005, 6592374.015014648, 'C4H5O1', 'C1H4O3', -0.12548680205351576]	[133.0502529333562, 7.775262619775213, 11327943.624176025, 'C5H9O4', 57.03464753523809, 61.970110478227404, 6343395.452774048, 'C3H5O1', 'C2H4O3', -0.8603192411361964]	[133.0502529333562, 7.775262619775213, 11327943.624176025, 'C5H9O4', 71.05034717123237, 13.97133449540356, 4261359.107666016, 'C4H7O1', 'C1H2O3', -0.09293687296470027]	[133.0502529333562, 7.775262619775213, 11327943.624176025, 'C5H9O4', 101.06089588337835, 31.060945381568022, 2937536.918823242, 'C5H9O2', 'O2', -0.8455798289451584]	[133.0502529333562, 7.775262619775213, 11327943.624176025, 'C5H9O4', 55.01896449338035, 31.415277273883778, 1394684.75390625, 'C3H3O1', 'C2H6O3', -1.2615368406380034]	
472.841616	[355.2852393024243, 24.162812355862826, 12811493.1640625, 'C21H39O4', 173.0821650076143, 64.15055719632868, 19302313.59765625, 'C8H13O4', 'C13H26', -0.6821754759101161]	[355.2852393024243, 24.162812355862826, 12811493.1640625, 'C21H39O4', 205.16003196068638, 63.69532543394773, 8466534.392578125, 'C14H21O1', 'C7H18O3', -0.7150123708387174]	
89.569878	[375.1294582625006, 57.47158479667951, 9685035.916503906, 'C16H23O10', 125.06095758542125, 200.31521120109707, 74394471.48388672, 'C7H9O2', 'C9H14O8', -0.5225640881449463]	[375.1294582625006, 57.47158479667951, 9685035.916503906, 'C16H23O10', 187.06151121296435, 176.43995691453466, 19541713.90222168, 'C8H11O5', 'C8H12O5', 0.12203250536194948]	[375.1294582625006, 57.47158479667951, 9685035.916503906, 'C16H23O10', 127.04023051322783, 96.45813264377804, 9183291.870605469, 'C6H7O3', 'C10H16O7', -0.514931730236446]	
419.822742	[267.0908919152126, 73.41529089909733, 8480191.7890625, 'C11H23O1S3', 57.034651250511004, 61.04799313798943, 13445865.817626953, 'C3H5O1', 'C8H18S3', 1.5678397055449989]	[267.0908919152126, 73.41529089909733, 8480191.7890625, 'C11H23O1S3', 247.06512768106074, 12.367443704691594, 4295530.650390625, 'C11H19S3', 'H4O1', -2.2088069606654286]	[267.0908919152126, 73.41529089909733, 8480191.7890625, 'C11H23O1S3', 83.05041511604807, 3.9622940116894885, 2648299.283203125, 'C5H7O1', 'C6H16S3', 2.4081638947979638]	
503.105622	[323.1533288904943, 109.46592946828804, 4958627.748046875, 'C14H27O6S1', 107.05035660577431, 47.17134198381622, 3394030.1806640625, 'C7H7O1', 'C7H20O5S1', -1.4913444776799922]	[323.1533288904943, 109.46592946828804, 4958627.748046875, 'C14H27O6S1', 151.04033160604916, 3.3878508982802007, 1160851.3740234375, 'C8H7O3', 'C6H20O3S1', -1.0300438254704387]	
263.332134	[251.1289363869076, 42.19046822279094, 5721117.579467773, 'C14H19O4', 0, 0, 0, 'None', 'None', 0]	
469.25412	[316.2127734138481, 24.67797267410971, 4003940.19921875, 'C16H30N1O5', 0, 0, 0, 'None', 'None', 0]	
506.725368	[392.0324220749804, 11.124968197507746, 8684756.912109375, 'C16H12N2O8S1', 61.98843592520565, 222.37033462127334, 497129684.47265625, 'N1O3', 'C16H12N1O5S1', -2.624342508701176]	[392.0324220749804, 11.124968197507746, 8684756.912109375, 'C16H12N2O8S1', 79.95748613021377, 260.7129139179141, 220996643.2109375, 'O3S1', 'C16H12N2O5', -2.61457542830993]	
37.9207548	[207.0508029375367, 1.0548878101254169, 5976365.208984375, 'C7H11O7', 73.02960597295058, 109.20081689950806, 44571203.662597656, 'C3H5O2', 'C4H6O5', -1.320417440691926]	[207.0508029375367, 1.0548878101254169, 5976365.208984375, 'C7H11O7', 85.02963872683087, 13.021567230988413, 23527742.58532715, 'C4H5O2', 'C3H6O5', -1.1818450991776146]	[207.0508029375367, 1.0548878101254169, 5976365.208984375, 'C7H11O7', 117.0195207641468, 86.43098066925252, 19668379.6640625, 'C4H5O4', 'C3H6O3', -0.912715353568621]	[207.0508029375367, 1.0548878101254169, 5976365.208984375, 'C7H11O7', 87.04527822965626, 6.608401311782302, 15116855.965332031, 'C4H7O2', 'C3H4O5', -1.2058384634419095]	[207.0508029375367, 1.0548878101254169, 5976365.208984375, 'C7H11O7', 72.99325026715019, 42.03314396258008, 12128086.274414062, 'C2H1O3', 'C5H10O4', -1.064243315991389]	[207.0508029375367, 1.0548878101254169, 5976365.208984375, 'C7H11O7', 131.03511701863758, 130.13245729001696, 10644949.727539062, 'C5H7O4', 'C2H4O3', -1.9195766974897366]	[207.0508029375367, 1.0548878101254169, 5976365.208984375, 'C7H11O7', 115.04023948055253, 10.50992112719167, 9138016.58203125, 'C5H7O3', 'C2H4O4', -1.1243972223640635]	[207.0508029375367, 1.0548878101254169, 5976365.208984375, 'C7H11O7', 99.00894628854817, 22.258061179955323, 7949692.798706055, 'C4H3O3', 'C3H8O4', -0.8945472084198626]	[207.0508029375367, 1.0548878101254169, 5976365.208984375, 'C7H11O7', 83.05038868082745, 1.5511860864677163, 7226129.691558838, 'C5H7O1', 'C2H4O6', -1.0020628476887579]	[207.0508029375367, 1.0548878101254169, 5976365.208984375, 'C7H11O7', 97.02963609345532, 49.138890002505235, 7206390.53515625, 'C5H5O2', 'C2H6O5', -1.3346833000931824]	[207.0508029375367, 1.0548878101254169, 5976365.208984375, 'C7H11O7', 69.0346949001858, 22.76271096611005, 6592374.015014648, 'C4H5O1', 'C3H6O6', -1.2175154374010544]	[207.0508029375367, 1.0548878101254169, 5976365.208984375, 'C7H11O7', 147.0301120400169, 36.52274786106223, 6550814.466308594, 'C5H7O5', 'C2H4O2', -1.014600325411249]	[207.0508029375367, 1.0548878101254169, 5976365.208984375, 'C7H11O7', 57.03464753523809, 61.970110478227404, 6343395.452774048, 'C3H5O1', 'C4H6O6', -1.4358558923338975]	[207.0508029375367, 1.0548878101254169, 5976365.208984375, 'C7H11O7', 111.04531556946635, 9.53677558364318, 5612311.979736328, 'C6H7O2', 'C1H4O5', -1.1183476498604632]	[207.0508029375367, 1.0548878101254169, 5976365.208984375, 'C7H11O7', 71.05034717123237, 13.97133449540356, 4261359.107666016, 'C4H7O1', 'C3H4O6', -1.2188613189252615]	[207.0508029375367, 1.0548878101254169, 5976365.208984375, 'C7H11O7', 127.04022560374388, 58.908908285890746, 3654489.984375, 'C6H7O3', 'C1H4O4', -1.466469353234709]	[207.0508029375367, 1.0548878101254169, 5976365.208984375, 'C7H11O7', 97.06602925317733, 1.4026721239169089, 3297853.020629883, 'C6H9O1', 'C1H2O6', -1.215475080352722]	[207.0508029375367, 1.0548878101254169, 5976365.208984375, 'C7H11O7', 145.05081268194772, 52.96452962961185, 3292626.8388671875, 'C6H9O4', 'C1H2O3', -1.4557237953199773]	[207.0508029375367, 1.0548878101254169, 5976365.208984375, 'C7H11O7', 101.06089588337835, 31.060945381568022, 2937536.918823242, 'C5H9O2', 'C2H2O5', -1.6704734256404152]	[207.0508029375367, 1.0548878101254169, 5976365.208984375, 'C7H11O7', 161.0458044216881, 8.066402697230046, 2870981.705078125, 'C6H9O5', 'C1H2O2', -0.40247033939930243]	[207.0508029375367, 1.0548878101254169, 5976365.208984375, 'C7H11O7', 129.01952035519489, 14.941578877008174, 2794772.7802734375, 'C5H5O4', 'C2H6O3', -1.1864696506672285]	[207.0508029375367, 1.0548878101254169, 5976365.208984375, 'C7H11O7', 173.04576396994534, 17.884147648850988, 2447460.41796875, 'C7H9O5', 'H2O2', -1.7340584256193303]	[207.0508029375367, 1.0548878101254169, 5976365.208984375, 'C7H11O7', 125.06092353813813, 10.135006421550328, 2305697.103515625, 'C7H9O2', 'H2O5', -1.9441231977605509]	[207.0508029375367, 1.0548878101254169, 5976365.208984375, 'C7H11O7', 95.05039350915173, 5.041555579387845, 2300206.6389160156, 'C6H7O1', 'C1H4O6', -1.0663162074892927]	[207.0508029375367, 1.0548878101254169, 5976365.208984375, 'C7H11O7', 109.02961411822582, 14.394257677805724, 1922514.6027832031, 'C6H5O2', 'C1H6O5', -1.722264867292655]	
440.361492	[253.03856382295797, 18.58204436099427, 4243043.0, 'C8H13O7S1', 79.9574851354925, 125.06661295481871, 81625703.8046875, 'O3S1', 'C8H13O4', -1.0901649204032273]	
419.822742	[223.0642607832605, 123.98580479350414, 6110540.805175781, 'C8H15O5S1', 96.96024687467347, 143.26722417103753, 440517292.90625, 'H1O4S1', 'C8H14O1', -0.34819203259291137]	[223.0642607832605, 123.98580479350414, 6110540.805175781, 'C8H15O5S1', 79.95751520770663, 316.52518408729657, 134844944.375, 'O3S1', 'C8H15O2', -0.31847132318155846]	[223.0642607832605, 123.98580479350414, 6110540.805175781, 'C8H15O5S1', 80.96529734730392, 60.15850694828398, 47114048.71484375, 'H1O3S1', 'C8H14O2', -0.5871658806121611]	[223.0642607832605, 123.98580479350414, 6110540.805175781, 'C8H15O5S1', 87.00891509774414, 19.007134949332922, 18937810.751464844, 'C3H3O3', 'C5H12O2S1', -0.33578503084868055]	[223.0642607832605, 123.98580479350414, 6110540.805175781, 'C8H15O5S1', 59.013958667100425, 1.658054143693776, 16052933.787841797, 'C2H3O2', 'C6H12O3S1', -0.5005532371626693]	[223.0642607832605, 123.98580479350414, 6110540.805175781, 'C8H15O5S1', 57.034651250511004, 61.04799313798943, 13445865.817626953, 'C3H5O1', 'C5H10O4S1', -0.7801762573869636]	[223.0642607832605, 123.98580479350414, 6110540.805175781, 'C8H15O5S1', 121.02967141184232, 14.443944659777857, 5411209.556640625, 'C7H5O2', 'C1H10O3S1', -0.1898505533296706]	[223.0642607832605, 123.98580479350414, 6110540.805175781, 'C8H15O5S1', 83.05041511604807, 3.9622940116894885, 2648299.283203125, 'C5H7O1', 'C3H8O4S1', -0.11189719406635892]	[223.0642607832605, 123.98580479350414, 6110540.805175781, 'C8H15O5S1', 101.02453585520736, 10.715973943975369, 2531933.9140625, 'C4H5O3', 'C4H10O2S1', -0.6139619390426089]	[223.0642607832605, 123.98580479350414, 6110540.805175781, 'C8H15O5S1', 97.02943825563962, 3.2939337480955153, 2229733.1484375, 'C5H5O2', 'C3H10O3S1', -2.003625775762736]	
190.772502	[303.0388890459286, 2.0102785555095597, 4178546.267578125, 'C9H19O5S3', 0, 0, 0, 'None', 'None', 0]	
466.856868	[267.0909136105102, 18.562889324534837, 5094730.21484375, 'C10H19O6S1', 125.09736266246298, 23.628225728438032, 3685183.2109375, 'C8H13O1', 'C2H6O5S1', -3.175823523631729]	
287.490372	[241.0504640648244, 43.09857999598213, 5177127.96875, 'C14H9O4', 0, 0, 0, 'None', 'None', 0]	
466.856868	[327.2902018984274, 42.975700939914944, 7345865.9140625, 'C20H39O3', 125.09736266246298, 23.628225728438032, 3685183.2109375, 'C8H13O1', 'C12H26O2', -0.29296694276251833]	
451.16499	[155.10718592142896, 40.55096269125133, 4983421.71875, 'C9H15O2', 0, 0, 0, 'None', 'None', 0]	
528.60912	[223.100695483963, 169.75292907753365, 8540302.709472656, 'C9H19O4S1', 0, 0, 0, 'None', 'None', 0]	
506.725368	[362.05255792132317, 90.32553179436279, 6494754.6953125, 'C17H16N1O4S2', 61.98843592520565, 222.37033462127334, 497129684.47265625, 'N1O3', 'C17H16O1S2', -1.2063938598461792]	[362.05255792132317, 90.32553179436279, 6494754.6953125, 'C17H16N1O4S2', 79.95748613021377, 260.7129139179141, 220996643.2109375, 'O3S1', 'C17H16N1O1S1', -1.1052676487919737]	
421.02612	[165.0190072343143, 17.539170470759775, 5605921.392578125, 'C8H5O4', 59.01395912348164, 1.658054143693776, 13848268.485839844, 'C2H3O2', 'C6H2O2', -0.6425213950711405]	[165.0190072343143, 17.539170470759775, 5605921.392578125, 'C8H5O4', 87.00890957098883, 19.007134949332922, 13347165.058288574, 'C3H3O3', 'C5H2O1', -0.4827975505875737]	[165.0190072343143, 17.539170470759775, 5605921.392578125, 'C8H5O4', 121.0296722541165, 18.144985974381083, 5486268.68359375, 'C7H5O2', 'C1O2', -0.1132124683591311]	
396.781872	[207.06595254412935, 91.50346707798595, 5519850.212890625, 'C11H11O4', 163.07687497115782, 1.391681001161266, 893114.8408203125, 'C10H11O2', 'C1O2', 5.738337178896799]	
62.724258	[205.07127783715376, 42.04375101091817, 8674418.7578125, 'C8H13O6', 73.02960117009208, 146.84465480495703, 113085636.76367188, 'C3H5O2', 'C5H8O4', 0.6311084870670765]	[205.07127783715376, 42.04375101091817, 8674418.7578125, 'C8H13O6', 85.02964401290917, 47.316538024248544, 47802692.99609375, 'C4H5O2', 'C4H8O4', 1.0510955727976818]	[205.07127783715376, 42.04375101091817, 8674418.7578125, 'C8H13O6', 117.01952653102705, 102.32173351772487, 36966122.83105469, 'C4H5O4', 'C4H8O2', 2.029407205882529]	[205.07127783715376, 42.04375101091817, 8674418.7578125, 'C8H13O6', 147.03012558248824, 83.29182050199289, 15413600.594482422, 'C5H7O5', 'C3H6O1', 3.5792457038730365]	[205.07127783715376, 42.04375101091817, 8674418.7578125, 'C8H13O6', 99.04529798731777, 34.8670626736186, 13126024.200195312, 'C5H7O2', 'C3H6O4', 1.2275250880321709]	[205.07127783715376, 42.04375101091817, 8674418.7578125, 'C8H13O6', 99.00891088717565, 78.95408936333826, 13076581.393554688, 'C4H3O3', 'C4H10O3', 1.2544448939869346]	[205.07127783715376, 42.04375101091817, 8674418.7578125, 'C8H13O6', 97.0296231988368, 37.15207565308553, 12479852.857910156, 'C5H5O2', 'C3H8O4', 0.9751905021992379]	[205.07127783715376, 42.04375101091817, 8674418.7578125, 'C8H13O6', 101.02452976397896, 105.79291904667397, 12445711.014038086, 'C4H5O3', 'C4H8O3', 0.8835103946386973]	[205.07127783715376, 42.04375101091817, 8674418.7578125, 'C8H13O6', 69.0346963414975, 10.96757021770237, 8409827.977539062, 'C4H5O1', 'C4H8O5', 0.6505898448979466]	[205.07127783715376, 42.04375101091817, 8674418.7578125, 'C8H13O6', 85.06601844909757, 2.428484893842909, 7519915.388427734, 'C5H9O1', 'C3H4O5', 1.0050512944443417]	[205.07127783715376, 42.04375101091817, 8674418.7578125, 'C8H13O6', 145.05081644716327, 5.407456992546546, 6726028.66796875, 'C6H9O4', 'C2H4O2', 2.8091854179809994]	[205.07127783715376, 42.04375101091817, 8674418.7578125, 'C8H13O6', 127.04022726093822, 49.642704661163656, 5047696.1015625, 'C6H7O3', 'C2H6O3', 1.786761680771254]	[205.07127783715376, 42.04375101091817, 8674418.7578125, 'C8H13O6', 161.04583903686853, 1.3601255959274634, 4435641.609375, 'C6H9O5', 'C2H4O1', 6.159998449943822]	[205.07127783715376, 42.04375101091817, 8674418.7578125, 'C8H13O6', 143.0351913365941, 19.015311948175455, 2200527.8984375, 'C6H7O4', 'C2H6O2', 3.1191181083745967]	
396.781872	[233.04868842632288, 35.689676887501975, 3596912.830078125, 'C9H13O5S1', 0, 0, 0, 'None', 'None', 0]	
383.392872	[193.05032920445151, 46.38655476198677, 3839577.4404296875, 'C10H9O4', 149.06098622351047, 6.530856058197276, 922661.1401367188, 'C9H9O2', 'C1O2', -0.2950895063794442]	
339.656748	[207.02968434015648, 13.721051548003512, 4157870.514770508, 'C10H7O5', 119.05043158412069, 22.53271595389699, 2147192.4370117188, 'C8H7O1', 'C2O4', -1.0542884344669163]	
598.138116	[279.1635084391738, 133.97458919197283, 7318378.328125, 'C13H27O4S1', 0, 0, 0, 'None', 'None', 0]	
419.822742	[225.0800111812987, 174.7973545726406, 6087661.71484375, 'C8H17O5S1', 96.96024687467347, 143.26722417103753, 440517292.90625, 'H1O4S1', 'C8H16O1', -1.126337242459151]	[225.0800111812987, 174.7973545726406, 6087661.71484375, 'C8H17O5S1', 79.95751520770663, 316.52518408729657, 134844944.375, 'O3S1', 'C8H17O2', -0.93695414094099]	[225.0800111812987, 174.7973545726406, 6087661.71484375, 'C8H17O5S1', 80.96529734730392, 60.15850694828398, 47114048.71484375, 'H1O3S1', 'C8H16O2', -1.2756043575366374]	[225.0800111812987, 174.7973545726406, 6087661.71484375, 'C8H17O5S1', 87.00891509774414, 19.007134949332922, 18937810.751464844, 'C3H3O3', 'C5H14O2S1', -1.058027564566952]	[225.0800111812987, 174.7973545726406, 6087661.71484375, 'C8H17O5S1', 59.013958667100425, 1.658054143693776, 16052933.787841797, 'C2H3O2', 'C6H14O3S1', -1.0990424951096092]	[225.0800111812987, 174.7973545726406, 6087661.71484375, 'C8H17O5S1', 57.034651250511004, 61.04799313798943, 13445865.817626953, 'C3H5O1', 'C5H12O4S1', -1.3682621386294853]	[225.0800111812987, 174.7973545726406, 6087661.71484375, 'C8H17O5S1', 83.05041511604807, 3.9622940116894885, 2648299.283203125, 'C5H7O1', 'C3H10O4S1', -0.8171877216458193]	[225.0800111812987, 174.7973545726406, 6087661.71484375, 'C8H17O5S1', 97.02943825563962, 3.2939337480955153, 2229733.1484375, 'C5H5O2', 'C3H12O3S1', -2.7561319947947194]	
283.873494	[339.2174074489203, 105.46074898779105, 6106474.3515625, 'C19H31O5', 285.20761090204365, 8.525140398476971, 2632133.748046875, 'C16H29O4', 'C3H2O1', 4.877831454038623]	
41.6033778	[211.0376879711011, 276.9560398341561, 3242268.2817382812, 'C7H12O5Cl1', 0, 0, 0, 'None', 'None', 0]	
370.040376	[148.96432968057567, 116.99987734468078, 3535582.63671875, 'C4H2O4Cl1', 0, 0, 0, 'None', 'None', 0]	
36.708879	[71.01345525442531, 3.3866913504618927, 3933445.9451904297, 'C3H3O2', 59.013951981316204, 138.1475664654645, 35294189.396484375, 'C2H3O2', 'C1', -0.27275901780386685]	[71.01345525442531, 3.3866913504618927, 3933445.9451904297, 'C3H3O2', 55.0189596544708, 44.060704909010724, 1262708.552734375, 'C3H3O1', 'O1', -5.351671025876277]	
455.990748	[237.08011194151894, 79.58498422658906, 5317147.75390625, 'C9H17O5S1', 87.04530577117634, 2.0838124873736446, 3596383.251953125, 'C4H7O2', 'C5H10O3S1', -1.5740984480073794]	[237.08011194151894, 79.58498422658906, 5317147.75390625, 'C9H17O5S1', 115.04022541747672, 5.408152240807133, 2756883.83203125, 'C5H7O3', 'C4H10O2S1', -1.9380800811835366]	
464.453118	[207.0693137675341, 65.10307494790015, 5454845.707885742, 'C8H15O4S1', 0, 0, 0, 'None', 'None', 0]	
189.568998	[332.99308240150486, 3.677886947723409, 3283869.5166015625, 'C12H13O5S3', 0, 0, 0, 'None', 'None', 0]	
421.02612	[127.0396301431803, 28.116132261575135, 4276007.046875, 'C6H7O3', 59.01395912348164, 1.658054143693776, 13848268.485839844, 'C2H3O2', 'C4H4O1', 0.7200214357987266]	[127.0396301431803, 28.116132261575135, 4276007.046875, 'C6H7O3', 87.00890957098883, 19.007134949332922, 13347165.058288574, 'C3H3O3', 'C3H4', 1.9841465584640974]	[127.0396301431803, 28.116132261575135, 4276007.046875, 'C6H7O3', 83.05040760735113, 3.9622940116894885, 2252106.37890625, 'C5H7O1', 'C1O2', 2.4429381371244667]	[127.0396301431803, 28.116132261575135, 4276007.046875, 'C6H7O3', 111.04539647391978, 21.208432636100113, 1918674.720703125, 'C6H7O2', 'O1', 11.024299817839921]	
516.423876	[387.03503251160555, 47.92194492846443, 5200453.43359375, 'C18H11O10', 0, 0, 0, 'None', 'None', 0]	
384.609744	[167.03802778107865, 77.78149325763023, 3476404.16796875, 'C5H11O4S1', 0, 0, 0, 'None', 'None', 0]	
448.75362	[210.0041053467933, 24.440102564827818, 2545213.78515625, 'C8H4N1O6', 0, 0, 0, 'None', 'None', 0]	
577.41687	[363.22057128877026, 164.39179334482304, 2492332.53515625, 'C18H35O5S1', 0, 0, 0, 'None', 'None', 0]	
421.02612	[253.07504441522022, 37.465943787090396, 3058845.533203125, 'C9H17O6S1', 96.96023875410084, 71.68987741419309, 388250731.015625, 'H1O4S1', 'C9H16O2', -1.7657533205538007]	[253.07504441522022, 37.465943787090396, 3058845.533203125, 'C9H17O6S1', 79.95750506657369, 298.37319655118324, 116928795.60351562, 'O3S1', 'C9H17O3', -1.5558670113823274]	[253.07504441522022, 37.465943787090396, 3058845.533203125, 'C9H17O6S1', 80.96528429233467, 23.675136716416525, 36180734.97265625, 'H1O3S1', 'C9H16O3', -1.8018849388507476]	[253.07504441522022, 37.465943787090396, 3058845.533203125, 'C9H17O6S1', 59.01395912348164, 1.658054143693776, 13848268.485839844, 'C2H3O2', 'C7H14O4S1', -1.5731693528991084]	[253.07504441522022, 37.465943787090396, 3058845.533203125, 'C9H17O6S1', 121.0296722541165, 18.144985974381083, 5486268.68359375, 'C7H5O2', 'C2H12O4S1', -1.8339165001107822]	[253.07504441522022, 37.465943787090396, 3058845.533203125, 'C9H17O6S1', 119.03513258189177, 6.588260289203008, 3230112.4350585938, 'C4H7O4', 'C5H10O2S1', -1.9533909576688535]	[253.07504441522022, 37.465943787090396, 3058845.533203125, 'C9H17O6S1', 83.05040760735113, 3.9622940116894885, 2252106.37890625, 'C5H7O1', 'C4H10O5S1', -1.3927815234744085]	[253.07504441522022, 37.465943787090396, 3058845.533203125, 'C9H17O6S1', 111.04539647391978, 21.208432636100113, 1918674.720703125, 'C6H7O2', 'C3H10O4S1', -1.1824341722696403]	
599.356116	[363.2206117041809, 159.61338857127288, 2758858.669921875, 'C18H35O5S1', 0, 0, 0, 'None', 'None', 0]	
259.697748	[96.95849136904215, 46.302862916541045, 1531230.765625, 'H1O4S1', 0, 0, 0, 'None', 'None', 0]	
422.230866	[200.98600787195983, 79.55117721105101, 3856668.33203125, 'C7H5O5S1', 121.02965308811964, 5.920522244035421, 4945619.65625, 'C7H5O2', 'O3S1', -0.43503262210867166]	[200.98600787195983, 79.55117721105101, 3856668.33203125, 'C7H5O5S1', 81.03471519027029, 4.332346869668406, 1680244.814453125, 'C5H5O1', 'C2O4S1', -0.5225573385824078]	
344.517624	[133.02898233895633, 29.089284112092393, 2585732.3359375, 'C8H5O2', 0, 0, 0, 'None', 'None', 0]	
187.16238	[351.1117330804687, 108.95094114402482, 4771887.3203125, 'C14H23O8S1', 121.0297127479508, 7.748527814765934, 2794759.671875, 'C7H5O2', 'C7H18O6S1', -0.4708420167694894]	
550.597494	[237.11644580751465, 99.85131390357164, 4446954.160369873, 'C10H21O4S1', 0, 0, 0, 'None', 'None', 0]	
746.55648	[395.3892080706418, 68.78179978168289, 3200454.783203125, 'C26H51O2', 0, 0, 0, 'None', 'None', 0]	
153.17625	[193.01382139561926, 37.288951274192186, 2743392.982421875, 'C9H5O5', 0, 0, 0, 'None', 'None', 0]	
316.571502	[243.196583599797, 13.348000236559415, 4006751.22265625, 'C14H27O3', 0, 0, 0, 'None', 'None', 0]	
474.03912	[325.27456434746176, 20.18110080857553, 2439294.875, 'C20H37O3', 0, 0, 0, 'None', 'None', 0]	
455.990748	[295.0490222659468, 22.014331475749163, 2767696.515625, 'C10H15O8S1', 207.0123316180037, 58.43064983160751, 4473814.019958496, 'C10H7O3S1', 'H8O5', -0.12094823797881064]	
653.98164	[339.3266153439522, 178.6214525297491, 2389885.520751953, 'C22H43O2', 0, 0, 0, 'None', 'None', 0]	
421.02612	[229.03508899283173, 14.85682705985035, 2397164.267578125, 'C9H9O7', 59.01395912348164, 1.658054143693776, 13848268.485839844, 'C2H3O2', 'C7H6O5', -0.6462080745481007]	[229.03508899283173, 14.85682705985035, 2397164.267578125, 'C9H9O7', 87.00890957098883, 19.007134949332922, 13347165.058288574, 'C3H3O3', 'C6H6O4', -0.4887943811902209]	[229.03508899283173, 14.85682705985035, 2397164.267578125, 'C9H9O7', 121.0296722541165, 18.144985974381083, 5486268.68359375, 'C7H5O2', 'C2H4O5', -0.34015465386662525]	[229.03508899283173, 14.85682705985035, 2397164.267578125, 'C9H9O7', 119.03513258189177, 6.588260289203008, 3230112.4350585938, 'C4H7O4', 'C5H2O3', -0.6037333128598015]	[229.03508899283173, 14.85682705985035, 2397164.267578125, 'C9H9O7', 83.05040760735113, 3.9622940116894885, 2252106.37890625, 'C5H7O1', 'C4H2O6', -0.283490969376895]	[229.03508899283173, 14.85682705985035, 2397164.267578125, 'C9H9O7', 111.04539647391978, 21.208432636100113, 1918674.720703125, 'C6H7O2', 'C3H2O5', 0.3176627416470701]	[229.03508899283173, 14.85682705985035, 2397164.267578125, 'C9H9O7', 149.0458086772051, 12.173019182402147, 1733290.697265625, 'C5H9O5', 'C4O2', 0.6211340143136312]	
181.11588	[306.0132714412939, 6.090077217880951, 2327735.251953125, 'C12H6N2O8', 0, 0, 0, 'None', 'None', 0]	
568.881618	[251.1322464559494, 2.3558993986496914, 4272136.1923828125, 'C11H23O4S1', 0, 0, 0, 'None', 'None', 0]	
516.423876	[223.10069323262556, 96.43809269657139, 4062473.3486328125, 'C9H19O4S1', 0, 0, 0, 'None', 'None', 0]	
433.154616	[198.9881615948147, 7.334583320279367, 2274349.8818359375, 'C7H3O7', 0, 0, 0, 'None', 'None', 0]	
177.480006	[193.01380630970993, 31.675986926088193, 2573875.775390625, 'C9H5O5', 0, 0, 0, 'None', 'None', 0]	
577.41687	[258.0045149303834, 34.48615989281592, 3987054.6162109375, 'C12H4N1O6', 0, 0, 0, 'None', 'None', 0]	
181.11588	[348.9877730302407, 33.844272141367206, 2071235.263671875, 'C12H13O6S3', 0, 0, 0, 'None', 'None', 0]	
35.4940068	[341.10871015804344, 176.1124710810579, 4594496.6240234375, 'C12H21O11', 71.01397399464011, 81.93866154075829, 51495164.10644531, 'C3H3O2', 'C9H18O9', -0.5596670474692363]	[341.10871015804344, 176.1124710810579, 4594496.6240234375, 'C12H21O11', 59.01395028899356, 178.79308303679477, 45026707.99609375, 'C2H3O2', 'C10H18O9', -0.6376181221783059]	[341.10871015804344, 176.1124710810579, 4594496.6240234375, 'C12H21O11', 89.02459849362596, 84.28312879580844, 33336159.4375, 'C3H5O3', 'C9H16O8', -0.3636255972825234]	[341.10871015804344, 176.1124710810579, 4594496.6240234375, 'C12H21O11', 101.02455705543521, 132.79570391524928, 31965477.751953125, 'C4H5O3', 'C8H16O8', -0.5543986527714365]	[341.10871015804344, 176.1124710810579, 4594496.6240234375, 'C12H21O11', 181.07211314362553, 104.88161138236961, 27108537.9375, 'C6H13O6', 'C6H8O5', 0.4560541491276922]	[341.10871015804344, 176.1124710810579, 4594496.6240234375, 'C12H21O11', 151.06144604453388, 71.17823001715104, 10232255.262817383, 'C5H11O5', 'C7H10O6', -0.12688131139993414]	[341.10871015804344, 176.1124710810579, 4594496.6240234375, 'C12H21O11', 119.035170102255, 27.081822398269704, 9232836.87915039, 'C4H7O4', 'C8H14O7', -0.40552145766767955]	[341.10871015804344, 176.1124710810579, 4594496.6240234375, 'C12H21O11', 179.0564674650668, 4.622401050176075, 5610373.041503906, 'C6H11O6', 'C6H10O5', 0.47704853417435045]	[341.10871015804344, 176.1124710810579, 4594496.6240234375, 'C12H21O11', 83.01400302196045, 6.8489744894651094, 3749776.880859375, 'C4H3O2', 'C8H18O9', -0.47322104258551884]	[341.10871015804344, 176.1124710810579, 4594496.6240234375, 'C12H21O11', 161.0458435209711, 6.359524984760971, 2533397.78515625, 'C6H9O5', 'C6H12O6', 0.12974836636634204]	[341.10871015804344, 176.1124710810579, 4594496.6240234375, 'C12H21O11', 143.03524890114934, 5.744848980187107, 2113606.372680664, 'C6H7O4', 'C6H14O7', -0.05683177138536004]	
31.776258	[94.02939721923973, 13.861295619195964, 5426288.01171875, 'C5H4N1O1', 0, 0, 0, 'None', 'None', 0]	
621.249	[307.19444019523763, 95.6369545969005, 4254679.68359375, 'C15H31O4S1', 0, 0, 0, 'None', 'None', 0]	
587.16624	[275.9147547820333, 1101.9196290785958, 2638512.1166992188, 'C7H3N1O6Br1', 0, 0, 0, 'None', 'None', 0]	
378.529746	[243.19652997432894, 25.477665574970192, 3057359.2314453125, 'C14H27O3', 0, 0, 0, 'None', 'None', 0]	
297.147246	[391.14293304194643, 75.24384821490194, 2833180.7734375, 'C17H27O8S1', 221.15505707248101, 216.75184675883077, 17111746.10546875, 'C14H21O2', 'C3H6O6S1', 0.7884688221630405]	[391.14293304194643, 75.24384821490194, 2833180.7734375, 'C17H27O8S1', 236.1059434110912, 71.40650324655009, 16092290.914916992, 'C13H16O4', 'C4H11O4S1', 2.001897383166886]	[391.14293304194643, 75.24384821490194, 2833180.7734375, 'C17H27O8S1', 293.1765377381013, 68.88654296125901, 2828416.412109375, 'C17H25O4', 'H2O4S1', 4.947550428530766]	
35.4940068	[215.03252074563696, 193.17033011385553, 5216619.652587891, 'C6H12O6Cl1', 71.01397399464011, 81.93866154075829, 51495164.10644531, 'C3H3O2', 'C3H9O4Cl1', -0.741228325402558]	[215.03252074563696, 193.17033011385553, 5216619.652587891, 'C6H12O6Cl1', 59.01395028899356, 178.79308303679477, 45026707.99609375, 'C2H3O2', 'C4H9O4Cl1', -0.8361583172016098]	[215.03252074563696, 193.17033011385553, 5216619.652587891, 'C6H12O6Cl1', 89.02459849362596, 84.28312879580844, 33336159.4375, 'C3H5O3', 'C3H7O3Cl1', -0.4146707820684397]	[215.03252074563696, 193.17033011385553, 5216619.652587891, 'C6H12O6Cl1', 101.02455705543521, 132.79570391524928, 31965477.751953125, 'C4H5O3', 'C2H7O3Cl1', -0.821782863472447]	[215.03252074563696, 193.17033011385553, 5216619.652587891, 'C6H12O6Cl1', 151.06144604453388, 71.17823001715104, 10232255.262817383, 'C5H11O5', 'C1H1O1Cl1', 0.23915148236655293]	[215.03252074563696, 193.17033011385553, 5216619.652587891, 'C6H12O6Cl1', 119.035170102255, 27.081822398269704, 9232836.87915039, 'C4H7O4', 'C2H5O2Cl1', -0.4233780412005239]	[215.03252074563696, 193.17033011385553, 5216619.652587891, 'C6H12O6Cl1', 179.0564674650668, 4.622401050176075, 5610373.041503906, 'C6H11O6', 'H1Cl1', 3.5222782138436095]	[215.03252074563696, 193.17033011385553, 5216619.652587891, 'C6H12O6Cl1', 83.01400302196045, 6.8489744894651094, 3749776.880859375, 'C4H3O2', 'C2H9O4Cl1', -0.588730910422155]	
637.0176	[379.15583497507515, 14.771221512140217, 3049997.5346679688, 'C18H25N3O4S1', 0, 0, 0, 'None', 'None', 0]	
454.787742	[341.26957619112954, 46.851132211510205, 2225575.912109375, 'C20H37O4', 0, 0, 0, 'None', 'None', 0]	
37.9207548	[233.06658387749368, 10.345350035607845, 3128551.6640625, 'C9H13O7', 73.02960597295058, 109.20081689950806, 44571203.662597656, 'C3H5O2', 'C6H8O5', -1.9239527335960513]	[233.06658387749368, 10.345350035607845, 3128551.6640625, 'C9H13O7', 85.02963872683087, 13.021567230988413, 23527742.58532715, 'C4H5O2', 'C5H8O5', -1.8586558455352429]	[233.06658387749368, 10.345350035607845, 3128551.6640625, 'C9H13O7', 117.0195207641468, 86.43098066925252, 19668379.6640625, 'C4H5O4', 'C5H8O3', -1.8364310388813643]	[233.06658387749368, 10.345350035607845, 3128551.6640625, 'C9H13O7', 87.04527822965626, 6.608401311782302, 15116855.965332031, 'C4H7O2', 'C5H6O5', -1.9561998713019733]	[233.06658387749368, 10.345350035607845, 3128551.6640625, 'C9H13O7', 72.99325026715019, 42.03314396258008, 12128086.274414062, 'C2H1O3', 'C7H12O4', -1.7092758843047802]	[233.06658387749368, 10.345350035607845, 3128551.6640625, 'C9H13O7', 131.03511701863758, 130.13245729001696, 10644949.727539062, 'C5H7O4', 'C4H6O3', -2.713452113434695]	[233.06658387749368, 10.345350035607845, 3128551.6640625, 'C9H13O7', 115.04023948055253, 10.50992112719167, 9138016.58203125, 'C5H7O3', 'C4H6O4', -1.9859629591075987]	[233.06658387749368, 10.345350035607845, 3128551.6640625, 'C9H13O7', 99.00894628854817, 22.258061179955323, 7949692.798706055, 'C4H3O3', 'C5H10O4', -1.6976884029538226]	[233.06658387749368, 10.345350035607845, 3128551.6640625, 'C9H13O7', 83.05038868082745, 1.5511860864677163, 7226129.691558838, 'C5H7O1', 'C4H6O6', -1.7011217710282736]	[233.06658387749368, 10.345350035607845, 3128551.6640625, 'C9H13O7', 97.02963609345532, 49.138890002505235, 7206390.53515625, 'C5H5O2', 'C4H8O5', -2.04196743532768]	[233.06658387749368, 10.345350035607845, 3128551.6640625, 'C9H13O7', 69.0346949001858, 22.76271096611005, 6592374.015014648, 'C4H5O1', 'C5H8O6', -1.8226723985909843]	[233.06658387749368, 10.345350035607845, 3128551.6640625, 'C9H13O7', 147.0301120400169, 36.52274786106223, 6550814.466308594, 'C5H7O5', 'C4H6O2', -2.22970977137212]	[233.06658387749368, 10.345350035607845, 3128551.6640625, 'C9H13O7', 57.03464753523809, 61.970110478227404, 6343395.452774048, 'C3H5O1', 'C6H8O6', -1.967491121323251]	[233.06658387749368, 10.345350035607845, 3128551.6640625, 'C9H13O7', 111.04531556946635, 9.53677558364318, 5612311.979736328, 'C6H7O2', 'C3H6O5', -2.034948606145953]	[233.06658387749368, 10.345350035607845, 3128551.6640625, 'C9H13O7', 71.05034717123237, 13.97133449540356, 4261359.107666016, 'C4H7O1', 'C5H6O6', -1.8313309312447286]	[233.06658387749368, 10.345350035607845, 3128551.6640625, 'C9H13O7', 127.04022560374388, 58.908908285890746, 3654489.984375, 'C6H7O3', 'C3H6O4', -2.3416118693545407]	[233.06658387749368, 10.345350035607845, 3128551.6640625, 'C9H13O7', 97.06602925317733, 1.4026721239169089, 3297853.020629883, 'C6H9O1', 'C3H4O6', -1.9457519434315038]	[233.06658387749368, 10.345350035607845, 3128551.6640625, 'C9H13O7', 145.05081268194772, 52.96452962961185, 3292626.8388671875, 'C6H9O4', 'C3H4O3', -2.6267364298014453]	[233.06658387749368, 10.345350035607845, 3128551.6640625, 'C9H13O7', 101.06089588337835, 31.060945381568022, 2937536.918823242, 'C5H9O2', 'C4H4O5', -2.408933400523744]	[233.06658387749368, 10.345350035607845, 3128551.6640625, 'C9H13O7', 129.01952035519489, 14.941578877008174, 2794772.7802734375, 'C5H5O4', 'C4H8O3', -2.148270379713343]	[233.06658387749368, 10.345350035607845, 3128551.6640625, 'C9H13O7', 173.04576396994534, 17.884147648850988, 2447460.41796875, 'C7H9O5', 'C2H4O2', -3.1640015354375026]	[233.06658387749368, 10.345350035607845, 3128551.6640625, 'C9H13O7', 125.06092353813813, 10.135006421550328, 2305697.103515625, 'C7H9O2', 'C2H4O5', -2.5955867209281713]	[233.06658387749368, 10.345350035607845, 3128551.6640625, 'C9H13O7', 95.05039350915173, 5.041555579387845, 2300206.6389160156, 'C6H7O1', 'C3H6O6', -1.8140439483769155]	[233.06658387749368, 10.345350035607845, 3128551.6640625, 'C9H13O7', 109.02961411822582, 14.394257677805724, 1922514.6027832031, 'C6H5O2', 'C3H8O5', -2.3360623884078606]	
437.969496	[193.01394567444146, 7.716898339174328, 2166058.8388671875, 'C9H5O5', 0, 0, 0, 'None', 'None', 0]	
419.822742	[221.08150996542759, 51.14713153383326, 2542101.2578125, 'C12H13O4', 87.00891509774414, 19.007134949332922, 18937810.751464844, 'C3H3O3', 'C9H10O1', 0.4857970693405007]	[221.08150996542759, 51.14713153383326, 2542101.2578125, 'C12H13O4', 59.013958667100425, 1.658054143693776, 16052933.787841797, 'C2H3O2', 'C10H10O2', 0.1770964273643212]	[221.08150996542759, 51.14713153383326, 2542101.2578125, 'C12H13O4', 121.02967141184232, 14.443944659777857, 5411209.556640625, 'C7H5O2', 'C5H8O2', 0.913985780348389]	[221.08150996542759, 51.14713153383326, 2542101.2578125, 'C12H13O4', 83.05041511604807, 3.9622940116894885, 2648299.283203125, 'C5H7O1', 'C7H6O3', 0.6893394269581272]	[221.08150996542759, 51.14713153383326, 2542101.2578125, 'C12H13O4', 101.02453585520736, 10.715973943975369, 2531933.9140625, 'C4H5O3', 'C8H8O1', 0.29893832127280373]	[221.08150996542759, 51.14713153383326, 2542101.2578125, 'C12H13O4', 97.02943825563962, 3.2939337480955153, 2229733.1484375, 'C5H5O2', 'C7H8O2', -1.1423365595325574]	
37.9207548	[247.08231391676176, 38.22720006597764, 2780688.203125, 'C10H15O7', 73.02960597295058, 109.20081689950806, 44571203.662597656, 'C3H5O2', 'C7H10O5', -2.2288805576161588]	[247.08231391676176, 38.22720006597764, 2780688.203125, 'C10H15O7', 85.02963872683087, 13.021567230988413, 23527742.58532715, 'C4H5O2', 'C6H10O5', -2.1918109932465657]	[247.08231391676176, 38.22720006597764, 2780688.203125, 'C10H15O7', 117.0195207641468, 86.43098066925252, 19668379.6640625, 'C4H5O4', 'C6H10O3', -2.330808390276188]	[247.08231391676176, 38.22720006597764, 2780688.203125, 'C10H15O7', 87.04527822965626, 6.608401311782302, 15116855.965332031, 'C4H7O2', 'C6H8O5', -2.28500835088443]	[247.08231391676176, 38.22720006597764, 2780688.203125, 'C10H15O7', 72.99325026715019, 42.03314396258008, 12128086.274414062, 'C2H1O3', 'C8H14O4', -2.031423390009532]	[247.08231391676176, 38.22720006597764, 2780688.203125, 'C10H15O7', 131.03511701863758, 130.13245729001696, 10644949.727539062, 'C5H7O4', 'C5H8O3', -2.9892719413194557]	[247.08231391676176, 38.22720006597764, 2780688.203125, 'C10H15O7', 115.04023948055253, 10.50992112719167, 9138016.58203125, 'C5H7O3', 'C5H8O4', -2.3813244370588036]	[247.08231391676176, 38.22720006597764, 2780688.203125, 'C10H15O7', 99.00894628854817, 22.258061179955323, 7949692.798706055, 'C4H3O3', 'C6H12O4', -2.0775321028499008]	[247.08231391676176, 38.22720006597764, 2780688.203125, 'C10H15O7', 83.05038868082745, 1.5511860864677163, 7226129.691558838, 'C5H7O1', 'C5H8O6', -2.0437174771425624]	[247.08231391676176, 38.22720006597764, 2780688.203125, 'C10H15O7', 97.02963609345532, 49.138890002505235, 7206390.53515625, 'C5H5O2', 'C5H10O5', -2.3846433086933145]	[247.08231391676176, 38.22720006597764, 2780688.203125, 'C10H15O7', 69.0346949001858, 22.76271096611005, 6592374.015014648, 'C4H5O1', 'C6H10O6', -2.1287311432535443]	[247.08231391676176, 38.22720006597764, 2780688.203125, 'C10H15O7', 147.0301120400169, 36.52274786106223, 6550814.466308594, 'C5H7O5', 'C5H8O2', -2.717335362021751]	[247.08231391676176, 38.22720006597764, 2780688.203125, 'C10H15O7', 57.03464753523809, 61.970110478227404, 6343395.452774048, 'C3H5O1', 'C7H10O6', -2.2435445275317347]	[247.08231391676176, 38.22720006597764, 2780688.203125, 'C10H15O7', 111.04531556946635, 9.53677558364318, 5612311.979736328, 'C6H7O2', 'C4H8O5', -2.4136528486420925]	[247.08231391676176, 38.22720006597764, 2780688.203125, 'C10H15O7', 71.05034717123237, 13.97133449540356, 4261359.107666016, 'C4H7O1', 'C6H8O6', -2.14020479477872]	[247.08231391676176, 38.22720006597764, 2780688.203125, 'C10H15O7', 127.04022560374388, 58.908908285890746, 3654489.984375, 'C6H7O3', 'C4H8O4', -2.734971167336955]	[247.08231391676176, 38.22720006597764, 2780688.203125, 'C10H15O7', 97.06602925317733, 1.4026721239169089, 3297853.020629883, 'C6H9O1', 'C4H6O6', -2.2975001444093888]	[247.08231391676176, 38.22720006597764, 2780688.203125, 'C10H15O7', 145.05081268194772, 52.96452962961185, 3292626.8388671875, 'C6H9O4', 'C4H6O3', -3.0503646922770384]	[247.08231391676176, 38.22720006597764, 2780688.203125, 'C10H15O7', 101.06089588337835, 31.060945381568022, 2937536.918823242, 'C5H9O2', 'C5H6O5', -2.725846836910065]	[247.08231391676176, 38.22720006597764, 2780688.203125, 'C10H15O7', 129.01952035519489, 14.941578877008174, 2794772.7802734375, 'C5H5O4', 'C5H10O3', -2.5711765081533784]	[247.08231391676176, 38.22720006597764, 2780688.203125, 'C10H15O7', 173.04576396994534, 17.884147648850988, 2447460.41796875, 'C7H9O5', 'C3H6O2', -3.646104438585831]	[247.08231391676176, 38.22720006597764, 2780688.203125, 'C10H15O7', 125.06092353813813, 10.135006421550328, 2305697.103515625, 'C7H9O2', 'C3H6O5', -3.0353457276691134]	[247.08231391676176, 38.22720006597764, 2780688.203125, 'C10H15O7', 95.05039350915173, 5.041555579387845, 2300206.6389160156, 'C6H7O1', 'C4H8O6', -2.1732707346752247]	[247.08231391676176, 38.22720006597764, 2780688.203125, 'C10H15O7', 109.02961411822582, 14.394257677805724, 1922514.6027832031, 'C6H5O2', 'C4H10O5', -2.7511027378252333]	
236.70075	[187.13363586364116, 59.93468762410503, 3232079.87890625, 'C10H19O3', 0, 0, 0, 'None', 'None', 0]	
416.194992	[96.95846689257813, 44.92008315227176, 548199.0625, 'H1O4S1', 0, 0, 0, 'None', 'None', 0]	
62.724258	[174.0403906937722, 45.629886291835305, 3439923.7890625, 'C6H8N1O5', 73.02960117009208, 146.84465480495703, 113085636.76367188, 'C3H5O2', 'C3H3N1O3', 0.004715511358557875]	[174.0403906937722, 45.629886291835305, 3439923.7890625, 'C6H8N1O5', 85.02964401290917, 47.316538024248544, 47802692.99609375, 'C4H5O2', 'C2H3N1O3', 0.48667037698376636]	[174.0403906937722, 45.629886291835305, 3439923.7890625, 'C6H8N1O5', 117.01952653102705, 102.32173351772487, 36966122.83105469, 'C4H5O4', 'C2H3N1O1', 1.6807253958414228]	[174.0403906937722, 45.629886291835305, 3439923.7890625, 'C6H8N1O5', 87.04527788446349, 61.416905974344694, 30066295.249450684, 'C4H7O2', 'C2H1N1O3', 0.31255244266074506]	[174.0403906937722, 45.629886291835305, 3439923.7890625, 'C6H8N1O5', 147.03012558248824, 83.29182050199289, 15413600.594482422, 'C5H7O5', 'C1H1N1', 4.993887270064602]	[174.0403906937722, 45.629886291835305, 3439923.7890625, 'C6H8N1O5', 99.04529798731777, 34.8670626736186, 13126024.200195312, 'C5H7O2', 'C1H1N1O3', 0.6306176650731407]	[174.0403906937722, 45.629886291835305, 3439923.7890625, 'C6H8N1O5', 99.00891088717565, 78.95408936333826, 13076581.393554688, 'C4H3O3', 'C2H5N1O2', 0.6689601364979991]	[174.0403906937722, 45.629886291835305, 3439923.7890625, 'C6H8N1O5', 97.0296231988368, 37.15207565308553, 12479852.857910156, 'C5H5O2', 'C1H3N1O3', 0.292230803862933]	[174.0403906937722, 45.629886291835305, 3439923.7890625, 'C6H8N1O5', 101.02452976397896, 105.79291904667397, 12445711.014038086, 'C4H5O3', 'C2H3N1O2', 0.2611771734231056]	[174.0403906937722, 45.629886291835305, 3439923.7890625, 'C6H8N1O5', 69.0346963414975, 10.96757021770237, 8409827.977539062, 'C4H5O1', 'C2H3N1O4', 0.14901716406373197]	[174.0403906937722, 45.629886291835305, 3439923.7890625, 'C6H8N1O5', 159.0300978336615, 28.15987639518475, 3955859.93359375, 'C6H7O5', 'H1N1', 7.1375236672717275]	[174.0403906937722, 45.629886291835305, 3439923.7890625, 'C6H8N1O5', 143.0351913365941, 19.015311948175455, 2200527.8984375, 'C6H7O4', 'H1N1O1', 3.568467223628297]	[174.0403906937722, 45.629886291835305, 3439923.7890625, 'C6H8N1O5', 109.02965140940009, 23.258964755229623, 1702129.7905273438, 'C6H5O2', 'H3N1O3', 0.7801055394589164]	
439.16562	[221.08140551216178, 70.43956437149518, 2700044.37890625, 'C12H13O4', 159.0664836755046, 60.97866152914419, 34085181.78515625, 'C7H11O4', 'C5H2', 3.6791387700181755]	
451.16499	[198.00417544002434, 17.39535667434312, 1846414.888671875, 'C7H4N1O6', 0, 0, 0, 'None', 'None', 0]	
492.181746	[61.987057099282836, 30.26137809902208, 2311062.9291992188, 'N1O3', 0, 0, 0, 'None', 'None', 0]	
166.547124	[83.01346932705482, 2.648559188371612, 1580903.9892578125, 'C4H3O2', 0, 0, 0, 'None', 'None', 0]	
543.265116	[281.07016452123474, 34.07098659112853, 1681351.2265625, 'C11H21O2S3', 0, 0, 0, 'None', 'None', 0]	
343.303374	[257.21229478193044, 1.709023895183845, 1685405.9638671875, 'C15H29O3', 0, 0, 0, 'None', 'None', 0]	
394.352118	[198.003985628458, 20.657029321792944, 1913855.1958007812, 'C7H4N1O6', 102.03504767033508, 13.709679727669974, 2029059.3118286133, 'C7H4N1', 'O6', 0.5422755220447952]	
516.423876	[393.19484191389904, 26.439532844483917, 1215691.642578125, 'C18H33O7S1', 187.0614567643956, 28.513814049539278, 5010881.296875, 'C8H11O5', 'C10H22O2S1', 0.7997253650973435]	[393.19484191389904, 26.439532844483917, 1215691.642578125, 'C18H33O7S1', 57.03465541370874, 4.344387371698302, 1879871.1906738281, 'C3H5O1', 'C15H28O6S1', -0.07288237825138824]	
421.02612	[349.1327075852129, 42.45931721089456, 1939853.8193359375, 'C15H25O7S1', 79.95750506657369, 298.37319655118324, 116928795.60351562, 'O3S1', 'C15H25O4', -1.5696759971317211]	[349.1327075852129, 42.45931721089456, 1939853.8193359375, 'C15H25O7S1', 80.96528429233467, 23.675136716416525, 36180734.97265625, 'H1O3S1', 'C15H24O4', -1.727622276923535]	[349.1327075852129, 42.45931721089456, 1939853.8193359375, 'C15H25O7S1', 59.01395912348164, 1.658054143693776, 13848268.485839844, 'C2H3O2', 'C13H22O5S1', -1.58025271923611]	[349.1327075852129, 42.45931721089456, 1939853.8193359375, 'C15H25O7S1', 87.00890957098883, 19.007134949332922, 13347165.058288574, 'C3H3O3', 'C12H22O4S1', -1.5947175721238356]	[349.1327075852129, 42.45931721089456, 1939853.8193359375, 'C15H25O7S1', 121.0296722541165, 18.144985974381083, 5486268.68359375, 'C7H5O2', 'C8H20O5S1', -1.7024334840970954]	[349.1327075852129, 42.45931721089456, 1939853.8193359375, 'C15H25O7S1', 119.03513258189177, 6.588260289203008, 3230112.4350585938, 'C4H7O4', 'C11H18O3S1', -1.773171379729196]	[349.1327075852129, 42.45931721089456, 1939853.8193359375, 'C15H25O7S1', 83.05040760735113, 3.9622940116894885, 2252106.37890625, 'C5H7O1', 'C10H18O6S1', -1.4656259699351595]	
37.9207548	[219.08710056728341, 23.382892821931087, 2937992.8828125, 'C9H15O6', 73.02960597295058, 109.20081689950806, 44571203.662597656, 'C3H5O2', 'C6H10O4', -0.5791831735597691]	[219.08710056728341, 23.382892821931087, 2937992.8828125, 'C9H15O6', 85.02963872683087, 13.021567230988413, 23527742.58532715, 'C4H5O2', 'C5H10O4', -0.3867017806682699]	[219.08710056728341, 23.382892821931087, 2937992.8828125, 'C9H15O6', 117.0195207641468, 86.43098066925252, 19668379.6640625, 'C4H5O4', 'C5H10O2', 0.0019287458220452421]	[219.08710056728341, 23.382892821931087, 2937992.8828125, 'C9H15O6', 87.04527822965626, 6.608401311782302, 15116855.965332031, 'C4H7O2', 'C5H8O4', -0.4721033834017447]	[219.08710056728341, 23.382892821931087, 2937992.8828125, 'C9H15O6', 72.99325026715019, 42.03314396258008, 12128086.274414062, 'C2H1O3', 'C7H14O3', -0.41274787895566883]	[219.08710056728341, 23.382892821931087, 2937992.8828125, 'C9H15O6', 131.03511701863758, 130.13245729001696, 10644949.727539062, 'C5H7O4', 'C4H8O2', -0.6081446391903899]	[219.08710056728341, 23.382892821931087, 2937992.8828125, 'C9H15O6', 115.04023948055253, 10.50992112719167, 9138016.58203125, 'C5H7O3', 'C4H8O3', -0.202664735194248]	[219.08710056728341, 23.382892821931087, 2937992.8828125, 'C9H15O6', 99.00894628854817, 22.258061179955323, 7949692.798706055, 'C4H3O3', 'C5H12O3', -0.1189115195863865]	[219.08710056728341, 23.382892821931087, 2937992.8828125, 'C9H15O6', 83.05038868082745, 1.5511860864677163, 7226129.691558838, 'C5H7O1', 'C4H8O5', -0.3079043989489751]	[219.08710056728341, 23.382892821931087, 2937992.8828125, 'C9H15O6', 97.02963609345532, 49.138890002505235, 7206390.53515625, 'C5H5O2', 'C4H10O4', -0.446294744643423]	[219.08710056728341, 23.382892821931087, 2937992.8828125, 'C9H15O6', 69.0346949001858, 22.76271096611005, 6592374.015014648, 'C4H5O1', 'C5H10O5', -0.5709126206310817]	[219.08710056728341, 23.382892821931087, 2937992.8828125, 'C9H15O6', 147.0301120400169, 36.52274786106223, 6550814.466308594, 'C5H7O5', 'C4H8O1', 0.2979944750220312]	[219.08710056728341, 23.382892821931087, 2937992.8828125, 'C9H15O6', 57.03464753523809, 61.970110478227404, 6343395.452774048, 'C3H5O1', 'C6H10O5', -0.8209171312405136]	[219.08710056728341, 23.382892821931087, 2937992.8828125, 'C9H15O6', 111.04531556946635, 9.53677558364318, 5612311.979736328, 'C6H7O2', 'C3H8O4', -0.23137068107025646]	[219.08710056728341, 23.382892821931087, 2937992.8828125, 'C9H15O6', 71.05034717123237, 13.97133449540356, 4261359.107666016, 'C4H7O1', 'C5H8O5', -0.5633450304688273]	[219.08710056728341, 23.382892821931087, 2937992.8828125, 'C9H15O6', 127.04022560374388, 58.908908285890746, 3654489.984375, 'C6H7O3', 'C3H8O3', -0.3798428749071305]	[219.08710056728341, 23.382892821931087, 2937992.8828125, 'C9H15O6', 97.06602925317733, 1.4026721239169089, 3297853.020629883, 'C6H9O1', 'C3H6O5', -0.42053307079399693]	[219.08710056728341, 23.382892821931087, 2937992.8828125, 'C9H15O6', 145.05081268194772, 52.96452962961185, 3292626.8388671875, 'C6H9O4', 'C3H6O2', -0.10650564307968836]	[219.08710056728341, 23.382892821931087, 2937992.8828125, 'C9H15O6', 101.06089588337835, 31.060945381568022, 2937536.918823242, 'C5H9O2', 'C4H6O4', -0.8022244229800964]	[219.08710056728341, 23.382892821931087, 2937992.8828125, 'C9H15O6', 129.01952035519489, 14.941578877008174, 2794772.7802734375, 'C5H5O4', 'C4H10O2', -0.0023547580503055295]	[219.08710056728341, 23.382892821931087, 2937992.8828125, 'C9H15O6', 173.04576396994534, 17.884147648850988, 2447460.41796875, 'C7H9O5', 'C2H6O1', 0.5082912336573321]	[219.08710056728341, 23.382892821931087, 2937992.8828125, 'C9H15O6', 125.06092353813813, 10.135006421550328, 2305697.103515625, 'C7H9O2', 'C2H6O4', -0.71287370140832]	[219.08710056728341, 23.382892821931087, 2937992.8828125, 'C9H15O6', 95.05039350915173, 5.041555579387845, 2300206.6389160156, 'C6H7O1', 'C3H8O5', -0.21814528333968355]	[219.08710056728341, 23.382892821931087, 2937992.8828125, 'C9H15O6', 109.02961411822582, 14.394257677805724, 1922514.6027832031, 'C6H5O2', 'C3H10O4', -0.6946252612290902]	
555.467742	[377.2003003126622, 8.393863860558543, 2326850.365234375, 'C18H33O6S1', 0, 0, 0, 'None', 'None', 0]	
459.60837	[213.0032907825307, 12.683324734861047, 1509174.3349609375, 'C8H5O7', 0, 0, 0, 'None', 'None', 0]	
63.927258	[175.0971702421574, 31.25691026849813, 2511346.38671875, 'C8H15O4', 97.02966125012689, 11.644774985643464, 8186117.826660156, 'C5H5O2', 'C3H10O2', 0.9095655236766459]	
63.927258	[188.0560520209624, 4.637264340686243, 2207410.3515625, 'C7H10N1O5', 97.02966125012689, 11.644774985643464, 8186117.826660156, 'C5H5O2', 'C2H5N1O3', 0.5408200156242094]	[188.0560520209624, 4.637264340686243, 2207410.3515625, 'C7H10N1O5', 159.0301921152083, 13.66832168328102, 3675596.7963867188, 'C6H7O5', 'C1H3N1', 6.549021183832163]	
34.2730038	[125.03521293805056, 2.783543461614126, 3358359.0763549805, 'C5H5N2O2', 109.04085252187811, 4.214712226313728, 482701.6376953125, 'C5H5N2O1', 'O1', 3.0999850111245015]	
421.02612	[374.0398030250328, 30.765010604462237, 2005288.04296875, 'C11H20N1O7S3', 96.96023875410084, 71.68987741419309, 388250731.015625, 'H1O4S1', 'C11H19N1O3S2', 2.070625577292385]	[374.0398030250328, 30.765010604462237, 2005288.04296875, 'C11H20N1O7S3', 61.98844908179351, 110.06854345348646, 137715093.4140625, 'N1O3', 'C11H20O4S3', 1.6729808014411647]	[374.0398030250328, 30.765010604462237, 2005288.04296875, 'C11H20N1O7S3', 79.95750506657369, 298.37319655118324, 116928795.60351562, 'O3S1', 'C11H20N1O4S2', 1.9723749395398054]	[374.0398030250328, 30.765010604462237, 2005288.04296875, 'C11H20N1O7S3', 80.96528429233467, 23.675136716416525, 36180734.97265625, 'H1O3S1', 'C11H19N1O4S2', 1.8229711429632232]	[374.0398030250328, 30.765010604462237, 2005288.04296875, 'C11H20N1O7S3', 59.01395912348164, 1.658054143693776, 13848268.485839844, 'C2H3O2', 'C9H17N1O5S3', 1.733500894067492]	[374.0398030250328, 30.765010604462237, 2005288.04296875, 'C11H20N1O7S3', 87.00890957098883, 19.007134949332922, 13347165.058288574, 'C3H3O3', 'C8H17N1O4S3', 2.0260709082723]	[374.0398030250328, 30.765010604462237, 2005288.04296875, 'C11H20N1O7S3', 121.0296722541165, 18.144985974381083, 5486268.68359375, 'C7H5O2', 'C4H15N1O5S3', 2.407918915647552]	[374.0398030250328, 30.765010604462237, 2005288.04296875, 'C11H20N1O7S3', 119.03513258189177, 6.588260289203008, 3230112.4350585938, 'C4H7O4', 'C7H13N1O3S3', 2.311940804804178]	[374.0398030250328, 30.765010604462237, 2005288.04296875, 'C11H20N1O7S3', 83.05040760735113, 3.9622940116894885, 2252106.37890625, 'C5H7O1', 'C6H13N1O6S3', 2.094857340078985]	
395.567868	[179.07106110959387, 35.12603800109809, 1515741.8828125, 'C10H11O3', 163.07665770361731, 8.247762128183966, 867023.5590820312, 'C10H11O2', 'O1', 0.412257784697977]	
404.058996	[170.00928931824436, 7.100683384627828, 1819339.564453125, 'C6H4N1O5', 0, 0, 0, 'None', 'None', 0]	
455.990748	[267.1271223581437, 23.272216548820804, 1846962.1887207031, 'C11H23O5S1', 0, 0, 0, 'None', 'None', 0]	
67.576878	[152.03487418772463, 11.735040147070384, 1444616.09375, 'C7H6N1O3', 0, 0, 0, 'None', 'None', 0]	
468.05625	[235.09746148163353, 2.576635980105271, 2025001.13671875, 'C13H15O4', 125.09738655667194, 9.018144242337792, 2972953.4453125, 'C8H13O1', 'C5H2O3', -1.681127227995353]	
476.437992	[339.14816054734683, 13.171473907469768, 1969733.3107910156, 'C15H31O2S3', 0, 0, 0, 'None', 'None', 0]	
372.462372	[319.2275378836568, 60.142811611664456, 2130394.41015625, 'C20H31O3', 0, 0, 0, 'None', 'None', 0]	
777.144	[133.05009650870335, 20.775183156005745, 2835624.59992218, 'C5H9O4', 0, 0, 0, 'None', 'None', 0]	
37.9207548	[188.0560204260958, 4.187285411619709, 2569867.67578125, 'C7H10N1O5', 73.02960597295058, 109.20081689950806, 44571203.662597656, 'C3H5O2', 'C4H5N1O3', 0.22209458437893848]	[188.0560204260958, 4.187285411619709, 2569867.67578125, 'C7H10N1O5', 85.02963872683087, 13.021567230988413, 23527742.58532715, 'C4H5O2', 'C3H5N1O3', 0.5658788666312622]	[188.0560204260958, 4.187285411619709, 2569867.67578125, 'C7H10N1O5', 117.0195207641468, 86.43098066925252, 19668379.6640625, 'C4H5O4', 'C3H5N1O1', 1.5532476246541453]	[188.0560204260958, 4.187285411619709, 2569867.67578125, 'C7H10N1O5', 87.04527822965626, 6.608401311782302, 15116855.965332031, 'C4H7O2', 'C3H3N1O3', 0.47324990178608917]	[188.0560204260958, 4.187285411619709, 2569867.67578125, 'C7H10N1O5', 72.99325026715019, 42.03314396258008, 12128086.274414062, 'C2H1O3', 'C5H9N1O2', 0.5200708643453129]	[188.0560204260958, 4.187285411619709, 2569867.67578125, 'C7H10N1O5', 131.03511701863758, 130.13245729001696, 10644949.727539062, 'C5H7O4', 'C2H3N1O1', 0.9924789356022516]	[188.0560204260958, 4.187285411619709, 2569867.67578125, 'C7H10N1O5', 115.04023948055253, 10.50992112719167, 9138016.58203125, 'C5H7O3', 'C2H3N1O2', 1.356607806216975]	[188.0560204260958, 4.187285411619709, 2569867.67578125, 'C7H10N1O5', 99.00894628854817, 22.258061179955323, 7949692.798706055, 'C4H3O3', 'C3H7N1O2', 1.1888302784585205]	[188.0560204260958, 4.187285411619709, 2569867.67578125, 'C7H10N1O5', 83.05038868082745, 1.5511860864677163, 7226129.691558838, 'C5H7O1', 'C2H3N1O4', 0.745239638226089]	[188.0560204260958, 4.187285411619709, 2569867.67578125, 'C7H10N1O5', 97.02963609345532, 49.138890002505235, 7206390.53515625, 'C5H5O2', 'C2H5N1O3', 0.6115485541701655]	[188.0560204260958, 4.187285411619709, 2569867.67578125, 'C7H10N1O5', 69.0346949001858, 22.76271096611005, 6592374.015014648, 'C4H5O1', 'C3H5N1O4', 0.28964511201134724]	[188.0560204260958, 4.187285411619709, 2569867.67578125, 'C7H10N1O5', 147.0301120400169, 36.52274786106223, 6550814.466308594, 'C5H7O5', 'C2H3N1', 3.4517747627479505]	[188.0560204260958, 4.187285411619709, 2569867.67578125, 'C7H10N1O5', 57.03464753523809, 61.970110478227404, 6343395.452774048, 'C3H5O1', 'C4H5N1O4', -0.09838706636936285]	[188.0560204260958, 4.187285411619709, 2569867.67578125, 'C7H10N1O5', 111.04531556946635, 9.53677558364318, 5612311.979736328, 'C6H7O2', 'C1H3N1O3', 1.105597175101643]	[188.0560204260958, 4.187285411619709, 2569867.67578125, 'C7H10N1O5', 71.05034717123237, 13.97133449540356, 4261359.107666016, 'C4H7O1', 'C3H3N1O4', 0.3140444263123558]	[188.0560204260958, 4.187285411619709, 2569867.67578125, 'C7H10N1O5', 127.04022560374388, 58.908908285890746, 3654489.984375, 'C6H7O3', 'C1H3N1O2', 1.3959819800292106]	[188.0560204260958, 4.187285411619709, 2569867.67578125, 'C7H10N1O5', 97.06602925317733, 1.4026721239169089, 3297853.020629883, 'C6H9O1', 'C1H1N1O4', 0.7564205955272894]	[188.0560204260958, 4.187285411619709, 2569867.67578125, 'C7H10N1O5', 145.05081268194772, 52.96452962961185, 3292626.8388671875, 'C6H9O4', 'C1H1N1O1', 2.3777274520875014]	[188.0560204260958, 4.187285411619709, 2569867.67578125, 'C7H10N1O5', 101.06089588337835, 31.060945381568022, 2937536.918823242, 'C5H9O2', 'C2H1N1O3', 0.177678850065687]	[188.0560204260958, 4.187285411619709, 2569867.67578125, 'C7H10N1O5', 161.0458044216881, 8.066402697230046, 2870981.705078125, 'C6H9O5', 'C1H1N1', 6.811947978760442]	[188.0560204260958, 4.187285411619709, 2569867.67578125, 'C7H10N1O5', 129.01952035519489, 14.941578877008174, 2794772.7802734375, 'C5H5O4', 'C2H5N1O1', 1.8620373483750865]	[188.0560204260958, 4.187285411619709, 2569867.67578125, 'C7H10N1O5', 173.04576396994534, 17.884147648850988, 2447460.41796875, 'C7H9O5', 'H1N1', 9.562732560885376]	[188.0560204260958, 4.187285411619709, 2569867.67578125, 'C7H10N1O5', 125.06092353813813, 10.135006421550328, 2305697.103515625, 'C7H9O2', 'H1N1O3', 0.6843659627461932]	[188.0560204260958, 4.187285411619709, 2569867.67578125, 'C7H10N1O5', 109.02961411822582, 14.394257677805724, 1922514.6027832031, 'C6H5O2', 'C1H5N1O3', 0.42633745362628117]	
494.609994	[369.3009642145884, 58.335418798773084, 1466066.1522216797, 'C22H41O4', 0, 0, 0, 'None', 'None', 0]	
365.187996	[285.20709398646164, 43.94878943914386, 1949528.267578125, 'C16H29O4', 0, 0, 0, 'None', 'None', 0]	
777.144	[281.03339802802094, 4.873125142993075, 1703836.689453125, 'C9H13O8S1', 96.96022071667345, 332.74550210875043, 286429899.5, 'H1O4S1', 'C9H12O4', -0.6373064807206786]	[281.03339802802094, 4.873125142993075, 1703836.689453125, 'C9H13O8S1', 79.9574845991994, 76.71053845006179, 44035525.62109375, 'O3S1', 'C9H13O5', -0.5641080402568612]	[281.03339802802094, 4.873125142993075, 1703836.689453125, 'C9H13O8S1', 80.9652668337509, 12.786093243678932, 17141472.083984375, 'H1O3S1', 'C9H12O5', -0.7557120231369505]	
722.13174	[381.3734862308044, 40.746692101660784, 1092972.6767578125, 'C25H49O2', 0, 0, 0, 'None', 'None', 0]	
559.127118	[383.35305880439125, 62.091634265112766, 922602.439453125, 'C24H47O3', 0, 0, 0, 'None', 'None', 0]	
366.401118	[182.99297776347512, 25.378798964961664, 1185456.404296875, 'C7H3O6', 0, 0, 0, 'None', 'None', 0]	
397.995744	[382.01153936681015, 6.010490082189506, 1487041.1315917969, 'C15H14N2O4S3', 0, 0, 0, 'None', 'None', 0]	
474.03912	[241.05053620879903, 14.571280932667102, 1855246.71875, 'C14H9O4', 0, 0, 0, 'None', 'None', 0]	
548.154492	[253.07504708196961, 86.21126080562777, 1551059.0830078125, 'C9H17O6S1', 0, 0, 0, 'None', 'None', 0]	
65.13963	[307.10323001846285, 24.18566975136185, 1383843.73828125, 'C12H19O9', 119.03513555958854, 49.13719837245691, 15001535.155029297, 'C4H7O4', 'C8H12O5', -0.6617738314197329]	[307.10323001846285, 24.18566975136185, 1383843.73828125, 'C12H19O9', 187.06149002528673, 46.727766553692554, 8947148.047485352, 'C8H11O5', 'C4H8O4', 0.16666486626023225]	
370.040376	[104.97445295506036, 60.064374778832786, 1319448.4851074219, 'C3H2O2Cl1', 0, 0, 0, 'None', 'None', 0]	
253.642122	[187.1336731821116, 23.13181748800621, 1547901.9956054688, 'C10H19O3', 0, 0, 0, 'None', 'None', 0]	
34.2730038	[189.08780576139876, 10.820577740629345, 2745444.442504883, 'C7H13N2O4', 145.06203847990733, 105.15324122522736, 9613342.402893066, 'C5H9N2O3', 'C2H4O1', -1.3010753571954943]	[189.08780576139876, 10.820577740629345, 2745444.442504883, 'C7H13N2O4', 127.05146076201858, 25.968381153634812, 2105900.815185547, 'C5H7N2O2', 'C2H6O2', -1.0477544462379698]	
37.9207548	[161.0815114761502, 36.190494142548175, 1979227.0859375, 'C7H13O4', 73.02960597295058, 109.20081689950806, 44571203.662597656, 'C3H5O2', 'C4H8O2', 0.27820705435826115]	[161.0815114761502, 36.190494142548175, 1979227.0859375, 'C7H13O4', 85.02963872683087, 13.021567230988413, 23527742.58532715, 'C4H5O2', 'C3H8O2', 0.7527796778094193]	[161.0815114761502, 36.190494142548175, 1979227.0859375, 'C7H13O4', 117.0195207641468, 86.43098066925252, 19668379.6640625, 'C4H5O4', 'C3H8', 2.4802954809826248]	[161.0815114761502, 36.190494142548175, 1979227.0859375, 'C7H13O4', 87.04527822965626, 6.608401311782302, 15116855.965332031, 'C4H7O2', 'C3H6O2', 0.6314906667373845]	[161.0815114761502, 36.190494142548175, 1979227.0859375, 'C7H13O4', 72.99325026715019, 42.03314396258008, 12128086.274414062, 'C2H1O3', 'C5H12O1', 0.6674063656408389]	[161.0815114761502, 36.190494142548175, 1979227.0859375, 'C7H13O4', 131.03511701863758, 130.13245729001696, 10644949.727539062, 'C5H7O4', 'C2H6', 1.8485267236273322]	[161.0815114761502, 36.190494142548175, 1979227.0859375, 'C7H13O4', 115.04023948055253, 10.50992112719167, 9138016.58203125, 'C5H7O3', 'C2H6O1', 1.9114034603889176]	[161.0815114761502, 36.190494142548175, 1979227.0859375, 'C7H13O4', 99.00894628854817, 22.258061179955323, 7949692.798706055, 'C4H3O3', 'C3H10O1', 1.5274321909932158]	[161.0815114761502, 36.190494142548175, 1979227.0859375, 'C7H13O4', 83.05038868082745, 1.5511860864677163, 7226129.691558838, 'C5H7O1', 'C2H6O3', 0.8612492580451662]	[161.0815114761502, 36.190494142548175, 1979227.0859375, 'C7H13O4', 97.02963609345532, 49.138890002505235, 7206390.53515625, 'C5H5O2', 'C2H8O2', 0.8526975742001681]	[161.0815114761502, 36.190494142548175, 1979227.0859375, 'C7H13O4', 69.0346949001858, 22.76271096611005, 6592374.015014648, 'C4H5O1', 'C3H8O3', 0.25447820165494045]	[161.0815114761502, 36.190494142548175, 1979227.0859375, 'C7H13O4', 57.03464753523809, 61.970110478227404, 6343395.452774048, 'C3H5O1', 'C4H8O3', -0.23009628700051082]	[161.0815114761502, 36.190494142548175, 1979227.0859375, 'C7H13O4', 111.04531556946635, 9.53677558364318, 5612311.979736328, 'C6H7O2', 'C1H6O2', 1.6806328758543432]	[161.0815114761502, 36.190494142548175, 1979227.0859375, 'C7H13O4', 71.05034717123237, 13.97133449540356, 4261359.107666016, 'C4H7O1', 'C3H6O3', 0.3964725348214986]	[161.0815114761502, 36.190494142548175, 1979227.0859375, 'C7H13O4', 127.04022560374388, 58.908908285890746, 3654489.984375, 'C6H7O3', 'C1H6O1', 2.471303767135395]	[161.0815114761502, 36.190494142548175, 1979227.0859375, 'C7H13O4', 97.06602925317733, 1.4026721239169089, 3297853.020629883, 'C6H9O1', 'C1H4O3', 1.0587516550258962]	[161.0815114761502, 36.190494142548175, 1979227.0859375, 'C7H13O4', 145.05081268194772, 52.96452962961185, 3292626.8388671875, 'C6H9O4', 'C1H4', 6.313052367999266]	[161.0815114761502, 36.190494142548175, 1979227.0859375, 'C7H13O4', 101.06089588337835, 31.060945381568022, 2937536.918823242, 'C5H9O2', 'C2H4O2', 0.2400359938923332]	[161.0815114761502, 36.190494142548175, 1979227.0859375, 'C7H13O4', 129.01952035519489, 14.941578877008174, 2794772.7802734375, 'C5H5O4', 'C2H8', 3.395838591070067]	[161.0815114761502, 36.190494142548175, 1979227.0859375, 'C7H13O4', 125.06092353813813, 10.135006421550328, 2305697.103515625, 'C7H9O2', 'H4O2', 1.1677045397578694]	[161.0815114761502, 36.190494142548175, 1979227.0859375, 'C7H13O4', 95.05039350915173, 5.041555579387845, 2300206.6389160156, 'C6H7O1', 'C1H6O3', 1.0908865136637005]	[161.0815114761502, 36.190494142548175, 1979227.0859375, 'C7H13O4', 109.02961411822582, 14.394257677805724, 1922514.6027832031, 'C6H5O2', 'C1H8O2', 0.6271003309443521]	[161.0815114761502, 36.190494142548175, 1979227.0859375, 'C7H13O4', 141.0559652600028, 18.653252770564848, 1546218.2766113281, 'C7H9O3', 'H4O1', 8.677891318125079]	
65.13963	[97.06539486384686, 24.707954907148842, 1753072.572265625, 'C6H9O1', 0, 0, 0, 'None', 'None', 0]	
351.811746	[333.03175837295976, 6.167647997085382, 875099.048828125, 'C10H21O4S4', 121.0296706392434, 76.38599268818048, 16548263.50390625, 'C7H5O2', 'C3H16O2S4', 3.454044082692136]	[333.03175837295976, 6.167647997085382, 875099.048828125, 'C10H21O4S4', 235.06506265428166, 51.998884228649445, 13232116.784667969, 'C10H19S3', 'H2O4S1', 1.8810513106473503]	[333.03175837295976, 6.167647997085382, 875099.048828125, 'C10H21O4S4', 165.02286491636485, 117.65720052921512, 3677722.421875, 'C5H9O4S1', 'C5H12S3', 4.2649008508548]	
356.675244	[150.97989194115559, 21.727440840058076, 1039894.5185546875, 'C4H4O4Cl1', 0, 0, 0, 'None', 'None', 0]	
62.724258	[187.02427887643415, 5.5528922177222855, 2933269.33203125, 'C7H7O6', 73.02960117009208, 146.84465480495703, 113085636.76367188, 'C3H5O2', 'C4H2O4', 1.1605197745110152]	[187.02427887643415, 5.5528922177222855, 2933269.33203125, 'C7H7O6', 85.02964401290917, 47.316538024248544, 47802692.99609375, 'C4H5O2', 'C3H2O4', 1.7171061664492966]	[187.02427887643415, 5.5528922177222855, 2933269.33203125, 'C7H7O6', 117.01952653102705, 102.32173351772487, 36966122.83105469, 'C4H5O4', 'C3H2O2', 3.251964463776479]	[187.02427887643415, 5.5528922177222855, 2933269.33203125, 'C7H7O6', 147.03012558248824, 83.29182050199289, 15413600.594482422, 'C5H7O5', 'C2O1', 6.418509299094064]	[187.02427887643415, 5.5528922177222855, 2933269.33203125, 'C7H7O6', 99.00891088717565, 78.95408936333826, 13076581.393554688, 'C4H3O3', 'C3H4O3', 1.9543151186666683]	[187.02427887643415, 5.5528922177222855, 2933269.33203125, 'C7H7O6', 97.0296231988368, 37.15207565308553, 12479852.857910156, 'C5H5O2', 'C2H2O4', 1.7147856625018296]	[187.02427887643415, 5.5528922177222855, 2933269.33203125, 'C7H7O6', 101.02452976397896, 105.79291904667397, 12445711.014038086, 'C4H5O3', 'C3H2O3', 1.6382225197731655]	[187.02427887643415, 5.5528922177222855, 2933269.33203125, 'C7H7O6', 69.0346963414975, 10.96757021770237, 8409827.977539062, 'C4H5O1', 'C3H2O5', 1.2498089684092952]	[187.02427887643415, 5.5528922177222855, 2933269.33203125, 'C7H7O6', 159.0300978336615, 28.15987639518475, 3955859.93359375, 'C6H7O5', 'C1O1', 8.178597462850316]	[187.02427887643415, 5.5528922177222855, 2933269.33203125, 'C7H7O6', 143.0351913365941, 19.015311948175455, 2200527.8984375, 'C6H7O4', 'C1O2', 5.511762521507718]	[187.02427887643415, 5.5528922177222855, 2933269.33203125, 'C7H7O6', 137.02459187023146, 8.984467864176954, 1712015.05078125, 'C7H5O3', 'H2O3', 4.259860013699426]	
101.814006	[156.02997746994095, 1.4740989199559567, 1364483.94140625, 'C6H6N1O4', 71.01397730165661, 74.3751330756154, 24258381.892578125, 'C3H3O2', 'C3H3N1O2', -1.4134701393526399]	
637.0176	[313.16429816885096, 2.8927548724532075, 1703896.12890625, 'C14H23N3O5', 0, 0, 0, 'None', 'None', 0]	
248.794128	[235.1337745035975, 24.964927606987164, 1280505.0498046875, 'C14H19O3', 0, 0, 0, 'None', 'None', 0]	
37.9207548	[174.04043398546264, 2.126998338435437, 1804341.107421875, 'C6H8N1O5', 73.02960597295058, 109.20081689950806, 44571203.662597656, 'C3H5O2', 'C3H3N1O3', -0.3763192981637417]	[174.04043398546264, 2.126998338435437, 1804341.107421875, 'C6H8N1O5', 85.02963872683087, 13.021567230988413, 23527742.58532715, 'C4H5O2', 'C2H3N1O3', -0.059078252465671485]	[174.04043398546264, 2.126998338435437, 1804341.107421875, 'C6H8N1O5', 117.0195207641468, 86.43098066925252, 19668379.6640625, 'C4H5O4', 'C2H3N1O1', 0.8203704804139835]	[174.04043398546264, 2.126998338435437, 1804341.107421875, 'C6H8N1O5', 87.04527822965626, 6.608401311782302, 15116855.965332031, 'C4H7O2', 'C2H1N1O3', -0.18111026637697844]	[174.04043398546264, 2.126998338435437, 1804341.107421875, 'C6H8N1O5', 72.99325026715019, 42.03314396258008, 12128086.274414062, 'C2H1O3', 'C4H7N1O2', -0.03679760207590085]	[174.04043398546264, 2.126998338435437, 1804341.107421875, 'C6H8N1O5', 131.03511701863758, 130.13245729001696, 10644949.727539062, 'C5H7O4', 'C1H1N1O1', -0.16199727293212376]	[174.04043398546264, 2.126998338435437, 1804341.107421875, 'C6H8N1O5', 115.04023948055253, 10.50992112719167, 9138016.58203125, 'C5H7O3', 'C1H1N1O2', 0.6016046112724551]	[174.04043398546264, 2.126998338435437, 1804341.107421875, 'C6H8N1O5', 99.00894628854817, 22.258061179955323, 7949692.798706055, 'C4H3O3', 'C2H5N1O2', 0.5638006780089221]	[174.04043398546264, 2.126998338435437, 1804341.107421875, 'C6H8N1O5', 83.05038868082745, 1.5511860864677163, 7226129.691558838, 'C5H7O1', 'C1H1N1O4', 0.1615043053324484]	[174.04043398546264, 2.126998338435437, 1804341.107421875, 'C6H8N1O5', 97.02963609345532, 49.138890002505235, 7206390.53515625, 'C5H5O2', 'C1H3N1O3', -0.10247856527421216]	[174.04043398546264, 2.126998338435437, 1804341.107421875, 'C6H8N1O5', 69.0346949001858, 22.76271096611005, 6592374.015014648, 'C4H5O1', 'C2H3N1O4', -0.2769861781875852]	[174.04043398546264, 2.126998338435437, 1804341.107421875, 'C6H8N1O5', 147.0301120400169, 36.52274786106223, 6550814.466308594, 'C5H7O5', 'C1H1N1', 2.889751167337097]	[174.04043398546264, 2.126998338435437, 1804341.107421875, 'C6H8N1O5', 57.03464753523809, 61.970110478227404, 6343395.452774048, 'C3H5O1', 'C3H3N1O4', -0.6533856160541798]	[174.04043398546264, 2.126998338435437, 1804341.107421875, 'C6H8N1O5', 111.04531556946635, 9.53677558364318, 5612311.979736328, 'C6H7O2', 'H1N1O3', 0.3426270628682045]	[174.04043398546264, 2.126998338435437, 1804341.107421875, 'C6H8N1O5', 71.05034717123237, 13.97133449540356, 4261359.107666016, 'C4H7O1', 'C2H1N1O4', -0.2603561266784278]	[174.04043398546264, 2.126998338435437, 1804341.107421875, 'C6H8N1O5', 127.04022560374388, 58.908908285890746, 3654489.984375, 'C6H7O3', 'H1N1O2', 0.4599564980032734]	[174.04043398546264, 2.126998338435437, 1804341.107421875, 'C6H8N1O5', 129.01952035519489, 14.941578877008174, 2794772.7802734375, 'C5H5O4', 'C1H3N1O1', 1.0299483845536441]	[174.04043398546264, 2.126998338435437, 1804341.107421875, 'C6H8N1O5', 95.05039350915173, 5.041555579387845, 2300206.6389160156, 'C6H7O1', 'H1N1O4', 0.2471649006650514]	[174.04043398546264, 2.126998338435437, 1804341.107421875, 'C6H8N1O5', 109.02961411822582, 14.394257677805724, 1922514.6027832031, 'C6H5O2', 'H3N1O3', -0.4594159429442838]	[174.04043398546264, 2.126998338435437, 1804341.107421875, 'C6H8N1O5', 159.03016744293618, 29.84605226528925, 1698685.85546875, 'C6H7O5', 'H1N1', 8.890783369035715]	
37.9207548	[144.02971359292374, 1.7127314413204568, 1598155.015625, 'C5H6N1O4', 73.02960597295058, 109.20081689950806, 44571203.662597656, 'C3H5O2', 'C2H1N1O2', 1.7236475988031552]	[144.02971359292374, 1.7127314413204568, 1598155.015625, 'C5H6N1O4', 59.01394782332958, 97.62533174650122, 28058015.166015625, 'C2H3O2', 'C3H3N1O2', 1.3436300076655674]	[144.02971359292374, 1.7127314413204568, 1598155.015625, 'C5H6N1O4', 85.02963872683087, 13.021567230988413, 23527742.58532715, 'C4H5O2', 'C1H1N1O2', 2.62936263711645]	[144.02971359292374, 1.7127314413204568, 1598155.015625, 'C5H6N1O4', 117.0195207641468, 86.43098066925252, 19668379.6640625, 'C4H5O4', 'C1H1N1', 7.669970717784676]	[144.02971359292374, 1.7127314413204568, 1598155.015625, 'C5H6N1O4', 72.99325026715019, 42.03314396258008, 12128086.274414062, 'C2H1O3', 'C3H5N1O1', 2.0647592404817723]	[144.02971359292374, 1.7127314413204568, 1598155.015625, 'C5H6N1O4', 99.00894628854817, 22.258061179955323, 7949692.798706055, 'C4H3O3', 'C1H3N1O1', 4.280102182038261]	[144.02971359292374, 1.7127314413204568, 1598155.015625, 'C5H6N1O4', 97.02963609345532, 49.138890002505235, 7206390.53515625, 'C5H5O2', 'H1N1O2', 3.244652293447443]	[144.02971359292374, 1.7127314413204568, 1598155.015625, 'C5H6N1O4', 69.0346949001858, 22.76271096611005, 6592374.015014648, 'C4H5O1', 'C1H1N1O3', 1.617526809111563]	[144.02971359292374, 1.7127314413204568, 1598155.015625, 'C5H6N1O4', 57.03464753523809, 61.970110478227404, 6343395.452774048, 'C3H5O1', 'C2H1N1O3', 0.8499549769616034]	[144.02971359292374, 1.7127314413204568, 1598155.015625, 'C5H6N1O4', 129.01952035519489, 14.941578877008174, 2794772.7802734375, 'C5H5O4', 'H1N1', 13.774331929113709]	[144.02971359292374, 1.7127314413204568, 1598155.015625, 'C5H6N1O4', 55.01896449338035, 31.415277273883778, 1394684.75390625, 'C3H3O1', 'C2H3N1O3', 0.4594976143423249]	
582.29562	[231.96513567731031, 157.15690903746645, 1257760.783203125, 'C7H3N1O6Cl1', 0, 0, 0, 'None', 'None', 0]	
71.233254	[209.06628672477277, 2.9614815149680136, 1398635.734375, 'C7H13O7', 111.04532095910359, 41.0561604404422, 21044517.072265625, 'C6H7O2', 'C1H6O5', 0.5532903471159727]	
434.365242	[140.03486834244987, 15.315112534423562, 874439.998046875, 'C6H6N1O3', 0, 0, 0, 'None', 'None', 0]	
204.132876	[150.97992792367884, 26.94606280317143, 1077567.8588867188, 'C4H4O4Cl1', 0, 0, 0, 'None', 'None', 0]	
36.708879	[209.0664351492969, 26.538794869435783, 1245932.0927734375, 'C7H13O7', 73.02960855202292, 146.03474964993816, 44997003.890625, 'C3H5O2', 'C4H8O5', -1.1511346030828449]	[209.0664351492969, 26.538794869435783, 1245932.0927734375, 'C7H13O7', 59.013951981316204, 138.1475664654645, 35294189.396484375, 'C2H3O2', 'C5H10O5', -1.0874024443142452]	[209.0664351492969, 26.538794869435783, 1245932.0927734375, 'C7H13O7', 71.01398022533967, 48.74111874975789, 27080330.498535156, 'C3H3O2', 'C4H10O5', -0.9773348008332436]	[209.0664351492969, 26.538794869435783, 1245932.0927734375, 'C7H13O7', 85.02965661949129, 33.7791980043634, 25403492.625, 'C4H5O2', 'C3H8O5', -0.7943563964466924]	[209.0664351492969, 26.538794869435783, 1245932.0927734375, 'C7H13O7', 117.01953798093243, 80.94624972863976, 20233835.134277344, 'C4H5O4', 'C3H8O3', -0.6210752962314706]	[209.0664351492969, 26.538794869435783, 1245932.0927734375, 'C7H13O7', 101.0245461716125, 125.28319568732442, 18856291.998901367, 'C4H5O3', 'C3H8O4', -1.1937692753555127]	[209.0664351492969, 26.538794869435783, 1245932.0927734375, 'C7H13O7', 87.04529321590276, 6.608401311782302, 16498369.26171875, 'C4H7O2', 'C3H6O5', -0.9992767857298687]	[209.0664351492969, 26.538794869435783, 1245932.0927734375, 'C7H13O7', 72.99325463926961, 44.597903975758115, 12848922.135131836, 'C2H1O3', 'C5H12O4', -0.8856233389224549]	[209.0664351492969, 26.538794869435783, 1245932.0927734375, 'C7H13O7', 131.0351429078624, 126.10357995497127, 12310377.954467773, 'C5H7O4', 'C2H6O3', -1.3102535718786894]	[209.0664351492969, 26.538794869435783, 1245932.0927734375, 'C7H13O7', 115.0402450662677, 10.50992112719167, 9829655.182128906, 'C5H7O3', 'C2H6O4', -0.8517052883459505]	[209.0664351492969, 26.538794869435783, 1245932.0927734375, 'C7H13O7', 83.05038379836304, 1.5511860864677163, 7874020.798828125, 'C5H7O1', 'C2H6O6', -0.8836214977778204]	[209.0664351492969, 26.538794869435783, 1245932.0927734375, 'C7H13O7', 119.03515233944567, 25.656493621635164, 7152559.185058594, 'C4H7O4', 'C3H6O3', -0.9197846431237582]	[209.0664351492969, 26.538794869435783, 1245932.0927734375, 'C7H13O7', 97.02963835621003, 49.138890002505235, 7038336.854980469, 'C5H5O2', 'C2H8O5', -1.0424482757389972]	[209.0664351492969, 26.538794869435783, 1245932.0927734375, 'C7H13O7', 57.034651566382806, 49.57039583128958, 6896454.934814453, 'C3H5O1', 'C4H8O6', -1.2733013641378412]	[209.0664351492969, 26.538794869435783, 1245932.0927734375, 'C7H13O7', 69.03472324894797, 22.76271096611005, 6691265.9794921875, 'C4H5O1', 'C3H8O6', -0.8705164849769453]	[209.0664351492969, 26.538794869435783, 1245932.0927734375, 'C7H13O7', 111.0453614917791, 9.53677558364318, 5233503.185058594, 'C6H7O2', 'C1H6O5', -0.5474051863679017]	[209.0664351492969, 26.538794869435783, 1245932.0927734375, 'C7H13O7', 71.05035281098647, 14.69390317012095, 4645162.92578125, 'C4H7O1', 'C3H6O6', -1.0313131074511133]	[209.0664351492969, 26.538794869435783, 1245932.0927734375, 'C7H13O7', 161.04581134939306, 8.066402697230046, 3990899.5916748047, 'C6H9O5', 'C1H4O2', 0.129111850694877]	[209.0664351492969, 26.538794869435783, 1245932.0927734375, 'C7H13O7', 129.05590737940747, 22.828812645062435, 3710389.4765625, 'C6H9O3', 'C1H4O4', -0.847006860371516]	[209.0664351492969, 26.538794869435783, 1245932.0927734375, 'C7H13O7', 145.0508456457523, 57.23412949444499, 3569196.419921875, 'C6H9O4', 'C1H4O3', -0.6170877492076526]	[209.0664351492969, 26.538794869435783, 1245932.0927734375, 'C7H13O7', 127.04021845668302, 36.23024633519464, 3523296.068359375, 'C6H7O3', 'C1H6O4', -1.3007056501957146]	[209.0664351492969, 26.538794869435783, 1245932.0927734375, 'C7H13O7', 101.06092908407528, 36.11918410404448, 3500020.0034179688, 'C5H9O2', 'C2H4O5', -1.1672056601314524]	[209.0664351492969, 26.538794869435783, 1245932.0927734375, 'C7H13O7', 97.06601907256415, 1.4026721239169089, 3321471.142944336, 'C6H9O1', 'C1H4O6', -1.1256759066928803]	[209.0664351492969, 26.538794869435783, 1245932.0927734375, 'C7H13O7', 173.04571637837591, 31.13832450748189, 3149949.9609375, 'C7H9O5', 'H4O2', -2.464406369661517]	[209.0664351492969, 26.538794869435783, 1245932.0927734375, 'C7H13O7', 83.01404246752146, 6.8489744894651094, 2873626.7719726562, 'C4H3O2', 'C3H10O5', -0.576597441670775]	[209.0664351492969, 26.538794869435783, 1245932.0927734375, 'C7H13O7', 125.0609282127983, 10.135006421550328, 2810532.6962890625, 'C7H9O2', 'H4O5', -1.5110407364642506]	[209.0664351492969, 26.538794869435783, 1245932.0927734375, 'C7H13O7', 129.01956868053554, 15.410074051438, 2526677.63671875, 'C5H5O4', 'C2H8O3', -0.20573770363208096]	[209.0664351492969, 26.538794869435783, 1245932.0927734375, 'C7H13O7', 147.06656269061523, 1.0765312111269132, 2358820.3208007812, 'C6H11O4', 'C1H2O3', 0.44421214324265945]	
88.349502	[333.11896549684474, 19.81768124857946, 1100149.5537109375, 'C14H21O9', 125.06096806630867, 176.17788830995886, 83272477.2890625, 'C7H9O2', 'C7H12O7', -0.9489183978828852]	[333.11896549684474, 19.81768124857946, 1100149.5537109375, 'C14H21O9', 187.0615140625314, 225.75469728964654, 24567267.88305664, 'C8H11O5', 'C6H10O4', -0.2836840647071779]	[333.11896549684474, 19.81768124857946, 1100149.5537109375, 'C14H21O9', 127.04026385784697, 96.78956043151649, 9464205.833984375, 'C6H7O3', 'C8H14O6', -0.7843537652865245]	
511.565118	[355.32169174078246, 32.92162253279519, 1224101.1884765625, 'C22H43O3', 0, 0, 0, 'None', 'None', 0]	
63.927258	[101.06029512886336, 5.440019246934141, 2977282.7014160156, 'C5H9O2', 0, 0, 0, 'None', 'None', 0]	
68.798004	[163.06091337122817, 1.1625378842080702, 1885572.6060180664, 'C6H11O5', 87.0452749516207, 93.24063338577814, 30413147.9140625, 'C4H7O2', 'C2H4O3', -1.2947199044100934]	[163.06091337122817, 1.1625378842080702, 1885572.6060180664, 'C6H11O5', 131.03511627297345, 47.717133012013335, 12414923.043945312, 'C5H7O4', 'C1H4O1', -2.719585547144751]	
31.776258	[108.04508141451407, 16.666116973263268, 1783238.2857666016, 'C6H6N1O1', 0, 0, 0, 'None', 'None', 0]	
35.4940068	[211.08199049012546, 9.542421270777925, 2592437.560546875, 'C7H15O7', 71.01397399464011, 81.93866154075829, 51495164.10644531, 'C3H3O2', 'C4H12O5', -0.2605545218853898]	[211.08199049012546, 9.542421270777925, 2592437.560546875, 'C7H15O7', 59.01395028899356, 178.79308303679477, 45026707.99609375, 'C2H3O2', 'C5H12O5', -0.3958815664444785]	[211.08199049012546, 9.542421270777925, 2592437.560546875, 'C7H15O7', 89.02459849362596, 84.28312879580844, 33336159.4375, 'C3H5O3', 'C4H10O4', 0.14749968400815763]	[211.08199049012546, 9.542421270777925, 2592437.560546875, 'C7H15O7', 101.02455705543521, 132.79570391524928, 31965477.751953125, 'C4H5O3', 'C3H10O4', -0.21293049503512482]	[211.08199049012546, 9.542421270777925, 2592437.560546875, 'C7H15O7', 181.07211314362553, 104.88161138236961, 27108537.9375, 'C6H13O6', 'C1H2O1', 6.086344665378054]	[211.08199049012546, 9.542421270777925, 2592437.560546875, 'C7H15O7', 151.06144604453388, 71.17823001715104, 10232255.262817383, 'C5H11O5', 'C2H4O2', 1.425406858625682]	[211.08199049012546, 9.542421270777925, 2592437.560546875, 'C7H15O7', 119.035170102255, 27.081822398269704, 9232836.87915039, 'C4H7O4', 'C3H8O3', 0.2130657302349003]	[211.08199049012546, 9.542421270777925, 2592437.560546875, 'C7H15O7', 179.0564674650668, 4.622401050176075, 5610373.041503906, 'C6H11O6', 'C1H4O1', 5.838219162441606]	[211.08199049012546, 9.542421270777925, 2592437.560546875, 'C7H15O7', 83.01400302196045, 6.8489744894651094, 3749776.880859375, 'C4H3O2', 'C3H12O5', -0.0583138379387803]	
470.450868	[215.12840243873697, 3.7883725092657725, 1236265.7421875, 'C11H19O4', 99.04536503062481, 9.076001733137476, 3034470.947265625, 'C5H7O2', 'C6H12O2', 1.659080108503227]	
697.69776	[283.22778212820816, 18.19366500193673, 571543.6225585938, 'C17H31O3', 0, 0, 0, 'None', 'None', 0]	
778.34646	[294.83076074618043, 71.6368675732441, 3270449.83203125, 'C6H3O3Cl1Br1Ni1', 0, 0, 0, 'None', 'None', 0]	
565.224864	[219.0295682263321, 41.177699274388274, 1578047.837890625, 'C11H7O5', 131.05038769517333, 31.67906882977333, 993779.6726074219, 'C9H7O1', 'C2O4', -0.23336250647665996]	
421.02612	[367.1431444650536, 1.532462736827446, 1171079.1904296875, 'C15H27O8S1', 96.96023875410084, 71.68987741419309, 388250731.015625, 'H1O4S1', 'C15H26O4', -1.0944822905143867]	[367.1431444650536, 1.532462736827446, 1171079.1904296875, 'C15H27O8S1', 79.95750506657369, 298.37319655118324, 116928795.60351562, 'O3S1', 'C15H27O5', -1.0077035071574452]	[367.1431444650536, 1.532462736827446, 1171079.1904296875, 'C15H27O8S1', 80.96528429233467, 23.675136716416525, 36180734.97265625, 'H1O3S1', 'C15H26O5', -1.1886738001002808]	[367.1431444650536, 1.532462736827446, 1171079.1904296875, 'C15H27O8S1', 59.01395912348164, 1.658054143693776, 13848268.485839844, 'C2H3O2', 'C13H24O6S1', -1.0493684552180709]	[367.1431444650536, 1.532462736827446, 1171079.1904296875, 'C15H27O8S1', 87.00890957098883, 19.007134949332922, 13347165.058288574, 'C3H3O3', 'C12H24O5S1', -1.052686539894095]	[367.1431444650536, 1.532462736827446, 1171079.1904296875, 'C15H27O8S1', 121.0296722541165, 18.144985974381083, 5486268.68359375, 'C7H5O2', 'C8H22O6S1', -1.057278198062085]	[367.1431444650536, 1.532462736827446, 1171079.1904296875, 'C15H27O8S1', 119.03513258189177, 6.588260289203008, 3230112.4350585938, 'C4H7O4', 'C11H20O4S1', -1.1280675526640962]	[367.1431444650536, 1.532462736827446, 1171079.1904296875, 'C15H27O8S1', 83.05040760735113, 3.9622940116894885, 2252106.37890625, 'C5H7O1', 'C10H20O7S1', -0.9146916177644855]	
395.567868	[228.98129624988948, 3.0294474393489064, 1291568.0625, 'C8H5O6S1', 0, 0, 0, 'None', 'None', 0]	
198.022878	[273.95721640551824, 19.053162053593176, 844600.1201171875, 'C9H5N1O5S1Cl1', 0, 0, 0, 'None', 'None', 0]	
287.490372	[229.18035174752626, 56.031543349509796, 1122801.078125, 'C13H25O3', 0, 0, 0, 'None', 'None', 0]	
528.60912	[161.0240191529699, 47.556604051028266, 1516616.7292480469, 'C9H5O3', 117.03475183290979, 6.483323311371061, 8985363.458984375, 'C8H5O1', 'C1O2', 1.4248754583544934]	
537.157872	[379.21562346710033, 1.7179983948875623, 704028.9189453125, 'C18H35O6S1', 0, 0, 0, 'None', 'None', 0]	
517.635624	[355.0448083400179, 4.065423134370304, 924212.5390625, 'C16H9N3O7', 0, 0, 0, 'None', 'None', 0]	
584.731992	[385.09692656211973, 30.340880227524124, 1619152.982421875, 'C18H25O3S3', 0, 0, 0, 'None', 'None', 0]	
584.731992	[363.11510664855774, 1.1910430343223601, 1615696.1513671875, 'C18H21N1O5S1', 96.96023626393682, 264.4948093818558, 102893853.45117188, 'H1O4S1', 'C18H20N1O1', -3.307784545753483]	
577.41687	[220.9910354736284, 50.86360925166999, 1480860.9873046875, 'C10H5O4S1', 133.01183503028346, 16.395457829376916, 1960792.095703125, 'C8H5S1', 'C2O4', -0.45968950479746906]	
95.6895	[207.04271564856725, 35.07303966882472, 723762.3056030273, 'C8H12O4Cl1', 171.06656778670214, 22.08546182488476, 4752841.156005859, 'C8H11O4', 'H1Cl1', 0.8933054298834172]	
421.02612	[311.11714916200737, 15.52173946376888, 764774.3122558594, 'C12H23O7S1', 96.96023875410084, 71.68987741419309, 388250731.015625, 'H1O4S1', 'C12H22O3', -2.430025211500437]	[311.11714916200737, 15.52173946376888, 764774.3122558594, 'C12H23O7S1', 79.95750506657369, 298.37319655118324, 116928795.60351562, 'O3S1', 'C12H23O4', -2.2239795519178767]	[311.11714916200737, 15.52173946376888, 764774.3122558594, 'C12H23O7S1', 80.96528429233467, 23.675136716416525, 36180734.97265625, 'H1O3S1', 'C12H22O4', -2.4108797360538072]	[311.11714916200737, 15.52173946376888, 764774.3122558594, 'C12H23O7S1', 59.01395912348164, 1.658054143693776, 13848268.485839844, 'C2H3O2', 'C10H20O5S1', -2.1817948227270696]	[311.11714916200737, 15.52173946376888, 764774.3122558594, 'C12H23O7S1', 87.00890957098883, 19.007134949332922, 13347165.058288574, 'C3H3O3', 'C9H20O4S1', -2.273856072982737]	[311.11714916200737, 15.52173946376888, 764774.3122558594, 'C12H23O7S1', 121.0296722541165, 18.144985974381083, 5486268.68359375, 'C7H5O2', 'C5H18O5S1', -2.5088798280982614]	[311.11714916200737, 15.52173946376888, 764774.3122558594, 'C12H23O7S1', 119.03513258189177, 6.588260289203008, 3230112.4350585938, 'C4H7O4', 'C8H16O3S1', -2.5852436984247067]	[311.11714916200737, 15.52173946376888, 764774.3122558594, 'C12H23O7S1', 83.05040760735113, 3.9622940116894885, 2252106.37890625, 'C5H7O1', 'C7H16O6S1', -2.10268977228094]	[311.11714916200737, 15.52173946376888, 764774.3122558594, 'C12H23O7S1', 101.02444642508979, 10.715973943975369, 1994151.041015625, 'C4H5O3', 'C8H18O4S1', -2.9640983594462975]	
468.05625	[329.16017234521115, 5.8437172998726865, 1190857.068359375, 'C16H25O7', 57.034662000811224, 3.6759725545399893, 5954283.774902344, 'C3H5O1', 'C13H20O6', -0.07476095311173406]	[329.16017234521115, 5.8437172998726865, 1190857.068359375, 'C16H25O7', 69.03474152270572, 1.9849354183704122, 3354587.5546875, 'C4H5O1', 'C12H20O6', 0.2274955610007208]	[329.16017234521115, 5.8437172998726865, 1190857.068359375, 'C16H25O7', 125.09738655667194, 9.018144242337792, 2972953.4453125, 'C8H13O1', 'C8H12O6', 0.5106820680927895]	[329.16017234521115, 5.8437172998726865, 1190857.068359375, 'C16H25O7', 97.06586492525908, 19.241987710739515, 2749386.2421875, 'C6H9O1', 'C10H16O6', -0.5059137400238225]	
493.396116	[237.00741530502805, 6.536134070087908, 747547.3193359375, 'C8H13O2S3', 115.07665667181661, 1.9676252509217873, 2284574.404296875, 'C6H11O2', 'C2H2S3', 5.0140283583927285]	
235.497126	[211.1337180814247, 3.069752572123944, 672410.6313476562, 'C12H19O3', 0, 0, 0, 'None', 'None', 0]	
65.13963	[223.03747860181267, 61.98325086204567, 1695513.994140625, 'C8H12O5Cl1', 187.06149002528673, 46.727766553692554, 8947148.047485352, 'C8H11O5', 'H1Cl1', 5.320793708276695]	
390.70125	[257.21223488913995, 5.030479045995181, 1310482.6904296875, 'C15H29O3', 0, 0, 0, 'None', 'None', 0]	
604.2276	[311.2953081425679, 63.109513559865036, 790828.873046875, 'C20H39O2', 0, 0, 0, 'None', 'None', 0]	
639.4401	[377.0694621165618, 27.58058234191937, 1217481.505859375, 'C18H17O7S1', 0, 0, 0, 'None', 'None', 0]	
622.4631	[365.14043184376237, 15.921832410600562, 1086883.9956054688, 'C17H23N3O4S1', 0, 0, 0, 'None', 'None', 0]	
289.901622	[201.1492116616886, 43.003475390932536, 1519862.8193359375, 'C11H21O3', 0, 0, 0, 'None', 'None', 0]	
445.15512	[373.0923613889687, 36.16106884253906, 1199706.087890625, 'C19H17O8', 0, 0, 0, 'None', 'None', 0]	
36.708879	[239.07719839941691, 39.1657167602643, 955037.275390625, 'C8H15O8', 73.02960855202292, 146.03474964993816, 44997003.890625, 'C3H5O2', 'C5H10O6', -2.1069040559193977]	[239.07719839941691, 39.1657167602643, 955037.275390625, 'C8H15O8', 59.013951981316204, 138.1475664654645, 35294189.396484375, 'C2H3O2', 'C6H12O6', -1.979399561453402]	[239.07719839941691, 39.1657167602643, 955037.275390625, 'C8H15O8', 71.01398022533967, 48.74111874975789, 27080330.498535156, 'C3H3O2', 'C5H12O6', -1.9526765252525748]	[239.07719839941691, 39.1657167602643, 955037.275390625, 'C8H15O8', 85.02965661949129, 33.7791980043634, 25403492.625, 'C4H5O2', 'C4H10O6', -1.9589987779527092]	[239.07719839941691, 39.1657167602643, 955037.275390625, 'C8H15O8', 101.0245461716125, 125.28319568732442, 18856291.998901367, 'C4H5O3', 'C4H10O5', -2.406520959726032]	[239.07719839941691, 39.1657167602643, 955037.275390625, 'C8H15O8', 89.02460884831525, 29.80853164084274, 13933982.6819458, 'C3H5O3', 'C5H10O5', -1.7963715540493623]	[239.07719839941691, 39.1657167602643, 955037.275390625, 'C8H15O8', 72.99325463926961, 44.597903975758115, 12848922.135131836, 'C2H1O3', 'C6H14O5', -1.8891603583657517]	[239.07719839941691, 39.1657167602643, 955037.275390625, 'C8H15O8', 131.0351429078624, 126.10357995497127, 12310377.954467773, 'C5H7O4', 'C3H8O4', -2.7349552514765536]	[239.07719839941691, 39.1657167602643, 955037.275390625, 'C8H15O8', 119.03515233944567, 25.656493621635164, 7152559.185058594, 'C4H7O4', 'C4H8O4', -2.382988204048561]	[239.07719839941691, 39.1657167602643, 955037.275390625, 'C8H15O8', 161.04581134939306, 8.066402697230046, 3990899.5916748047, 'C6H9O5', 'C2H6O3', -2.5252500138915854]	[239.07719839941691, 39.1657167602643, 955037.275390625, 'C8H15O8', 187.06146258755663, 10.077150947336179, 3871083.0341796875, 'C8H11O5', 'H4O3', -3.5721896708570307]	[239.07719839941691, 39.1657167602643, 955037.275390625, 'C8H15O8', 151.06146627709538, 25.210861815319568, 3746415.6103515625, 'C5H11O5', 'C3H4O3', -2.18280556783207]	[239.07719839941691, 39.1657167602643, 955037.275390625, 'C8H15O8', 173.04571637837591, 31.13832450748189, 3149949.9609375, 'C7H9O5', 'C1H6O3', -4.422418229280007]	[239.07719839941691, 39.1657167602643, 955037.275390625, 'C8H15O8', 83.01404246752146, 6.8489744894651094, 2873626.7719726562, 'C4H3O2', 'C4H12O6', -1.7039963202148702]	[239.07719839941691, 39.1657167602643, 955037.275390625, 'C8H15O8', 147.06656269061523, 1.0765312111269132, 2358820.3208007812, 'C6H11O4', 'C2H4O4', -1.9096471349694524]	
677.0175	[353.3422999474893, 47.82873067599016, 959309.4572753906, 'C23H45O2', 0, 0, 0, 'None', 'None', 0]	
778.34646	[132.86725127581187, 570.4916990870655, 1169855.3291015625, 'Cl2Cu1', 0, 0, 0, 'None', 'None', 0]	
63.927258	[349.11356379315737, 41.0474052692686, 892759.5361328125, 'C14H21O10', 97.02966125012689, 11.644774985643464, 8186117.826660156, 'C5H5O2', 'C9H16O8', 0.4659430267583919]	[349.11356379315737, 41.0474052692686, 892759.5361328125, 'C14H21O10', 159.0301921152083, 13.66832168328102, 3675596.7963867188, 'C6H7O5', 'C8H14O5', 1.3063814871432664]	[349.11356379315737, 41.0474052692686, 892759.5361328125, 'C14H21O10', 175.06147134169754, 24.672368368290567, 2435254.060546875, 'C7H11O5', 'C7H10O5', 1.3073550757050179]	
63.927258	[305.08728710894155, 12.279861862186882, 1254326.19140625, 'C12H17O9', 73.02962734097814, 131.61339856045575, 47789015.6953125, 'C3H5O2', 'C9H12O7', 0.6042969432928841]	[305.08728710894155, 12.279861862186882, 1254326.19140625, 'C12H17O9', 97.02966125012689, 11.644774985643464, 8186117.826660156, 'C5H5O2', 'C7H12O7', 0.8369833411763689]	[305.08728710894155, 12.279861862186882, 1254326.19140625, 'C12H17O9', 159.0301921152083, 13.66832168328102, 3675596.7963867188, 'C6H7O5', 'C6H10O4', 2.1567263706730264]	[305.08728710894155, 12.279861862186882, 1254326.19140625, 'C12H17O9', 175.06147134169754, 24.672368368290567, 2435254.060546875, 'C7H11O5', 'C5H6O4', 2.2628708217160245]	
556.687866	[177.01902066198534, 6.858916800100689, 622887.5849609375, 'C9H5O4', 0, 0, 0, 'None', 'None', 0]	
517.635624	[295.1218018775919, 47.79507501557261, 1389631.611328125, 'C12H23O6S1', 0, 0, 0, 'None', 'None', 0]	
245.16075	[185.1178089691915, 2.2158570674465476, 984736.1450195312, 'C10H17O3', 0, 0, 0, 'None', 'None', 0]	
778.34646	[323.86894898302387, 39.308818973133, 1304972.2880859375, 'C6H7O5S1Cl2Cu1', 96.96019748216403, 425.29534928638805, 597300663.375, 'H1O4S1', 'C6H6O1Cl2Cu1', -0.35917821462141136]	[323.86894898302387, 39.308818973133, 1304972.2880859375, 'C6H7O5S1Cl2Cu1', 91.00380292099062, 124.95454089073363, 91313438.4453125, 'C2H3O4', 'C4H4O1S1Cl2Cu1', -0.232159763243027]	
153.17625	[126.01913867514094, 16.30949925583201, 744653.6201171875, 'C5H4N1O3', 0, 0, 0, 'None', 'None', 0]	
36.708879	[299.0981174798458, 14.43781155460297, 2221919.0625, 'C10H19O10', 73.02960855202292, 146.03474964993816, 44997003.890625, 'C3H5O2', 'C7H14O8', -0.6145372315620936]	[299.0981174798458, 14.43781155460297, 2221919.0625, 'C10H19O10', 85.02965661949129, 33.7791980043634, 25403492.625, 'C4H5O2', 'C6H14O8', -0.42444432003350135]	[299.0981174798458, 14.43781155460297, 2221919.0625, 'C10H19O10', 117.01953798093243, 80.94624972863976, 20233835.134277344, 'C4H5O4', 'C6H14O6', -0.21693273880703962]	[299.0981174798458, 14.43781155460297, 2221919.0625, 'C10H19O10', 72.99325463926961, 44.597903975758115, 12848922.135131836, 'C2H1O3', 'C8H18O7', -0.4990619186992941]	[299.0981174798458, 14.43781155460297, 2221919.0625, 'C10H19O10', 131.0351429078624, 126.10357995497127, 12310377.954467773, 'C5H7O4', 'C5H12O6', -0.5032145362762185]	[299.0981174798458, 14.43781155460297, 2221919.0625, 'C10H19O10', 115.0402450662677, 10.50992112719167, 9829655.182128906, 'C5H7O3', 'C5H12O7', -0.3390966534281034]	[299.0981174798458, 14.43781155460297, 2221919.0625, 'C10H19O10', 147.030188646472, 36.52274786106223, 7639232.366699219, 'C5H7O5', 'C5H12O5', 0.3364710648435827]	[299.0981174798458, 14.43781155460297, 2221919.0625, 'C10H19O10', 161.04581134939306, 8.066402697230046, 3990899.5916748047, 'C6H9O5', 'C4H10O5', 0.10046552210389632]	[299.0981174798458, 14.43781155460297, 2221919.0625, 'C10H19O10', 187.06146258755663, 10.077150947336179, 3871083.0341796875, 'C8H11O5', 'C2H8O5', 0.2241016458861809]	[299.0981174798458, 14.43781155460297, 2221919.0625, 'C10H19O10', 145.0508456457523, 57.23412949444499, 3569196.419921875, 'C6H9O4', 'C4H10O6', -0.20665078842913842]	[299.0981174798458, 14.43781155460297, 2221919.0625, 'C10H19O10', 173.04571637837591, 31.13832450748189, 3149949.9609375, 'C7H9O5', 'C3H10O5', -0.6433923313784268]	[299.0981174798458, 14.43781155460297, 2221919.0625, 'C10H19O10', 147.06656269061523, 1.0765312111269132, 2358820.3208007812, 'C6H11O4', 'C4H8O6', 0.23160095727371385]	
442.757244	[302.19682035155364, 13.905513667192821, 1205657.1723632812, 'C15H28N1O5', 0, 0, 0, 'None', 'None', 0]	
555.467742	[240.05155693404365, 2.287317378323792, 596567.8845214844, 'C10H10N1O6', 0, 0, 0, 'None', 'None', 0]	
65.13963	[321.11858317348765, 15.332421710189683, 575125.0693359375, 'C13H21O9', 119.03513555958854, 49.13719837245691, 15001535.155029297, 'C4H7O4', 'C9H14O5', 0.9025264155220089]	
457.193622	[215.03819387419261, 9.192951550633344, 1139917.091796875, 'C9H11O4S1', 0, 0, 0, 'None', 'None', 0]	
377.314374	[336.98251409215356, 3.3629755848182024, 850234.3203125, 'C13H5O11', 89.0246013653642, 18.224392350719516, 22247799.67163086, 'C3H5O3', 'C10O8', 3.6589732958852768]	
778.34646	[316.83427600491126, 683.0445203827005, 1572585.990234375, 'C6H3O4S2Cl1Br1', 96.96019748216403, 425.29534928638805, 597300663.375, 'H1O4S1', 'C6H2S1Cl1Br1', 1.5121222972527286]	[316.83427600491126, 683.0445203827005, 1572585.990234375, 'C6H3O4S2Cl1Br1', 91.00380292099062, 124.95454089073363, 91313438.4453125, 'C2H3O4', 'C4S2Cl1Br1', 1.5937409933025781]	
480.051996	[279.2328308392421, 28.043761244941653, 867613.8354492188, 'C18H31O2', 0, 0, 0, 'None', 'None', 0]	
494.609994	[363.1117272701549, 1.098906745151842, 1280645.8037109375, 'C15H23O8S1', 0, 0, 0, 'None', 'None', 0]	
455.990748	[395.21062629892657, 5.150895062148338, 893021.732421875, 'C18H35O7S1', 79.95748749872776, 139.92950686779145, 94750119.453125, 'O3S1', 'C18H35O4', -0.34511956536458327]	[395.21062629892657, 5.150895062148338, 893021.732421875, 'C18H35O7S1', 57.03463274414366, 16.709042597665423, 3197418.2260742188, 'C3H5O1', 'C15H30O6S1', -0.5368639936792753]	
322.651998	[215.1650008303115, 33.568001378709695, 1162927.7138671875, 'C12H23O3', 0, 0, 0, 'None', 'None', 0]	
539.601114	[397.33216935333405, 47.180723693488304, 735016.4151611328, 'C24H45O4', 0, 0, 0, 'None', 'None', 0]	
322.651998	[323.2225801009539, 13.900983769440348, 1152480.5439453125, 'C19H31O4', 0, 0, 0, 'None', 'None', 0]	
735.57126	[117.05517462375161, 11.420491798352595, 1097502.599609375, 'C5H9O3', 0, 0, 0, 'None', 'None', 0]	
590.823492	[249.1528671885598, 82.23323267502218, 1149161.5046386719, 'C12H25O3S1', 0, 0, 0, 'None', 'None', 0]	
422.230866	[288.1817455249046, 1.6940002321059267, 958541.5771484375, 'C14H26N1O5', 61.98844990990023, 153.63477167462574, 132939669.77734375, 'N1O3', 'C14H26O2', -2.2795276191677694]	[288.1817455249046, 1.6940002321059267, 958541.5771484375, 'C14H26N1O5', 250.1455157485295, 40.441855269939865, 8872820.895507812, 'C14H20N1O3', 'H6O2', 1.3203980779743738]	[288.1817455249046, 1.6940002321059267, 958541.5771484375, 'C14H26N1O5', 121.02965308811964, 5.920522244035421, 4945619.65625, 'C7H5O2', 'C7H21N1O3', -2.7067290932949124]	[288.1817455249046, 1.6940002321059267, 958541.5771484375, 'C14H26N1O5', 111.0452463706015, 21.208432636100113, 1830009.2109375, 'C6H7O2', 'C8H19N1O3', -2.8743532154979694]	
550.597494	[221.00885588567672, 22.989824075936983, 1195872.0102539062, 'C10H5O6', 0, 0, 0, 'None', 'None', 0]	
36.708879	[313.1137416830707, 12.124871833090559, 1988997.658203125, 'C11H21O10', 73.02960855202292, 146.03474964993816, 44997003.890625, 'C3H5O2', 'C8H16O8', -0.4712131980614849]	[313.1137416830707, 12.124871833090559, 1988997.658203125, 'C11H21O10', 85.02965661949129, 33.7791980043634, 25403492.625, 'C4H5O2', 'C7H16O8', -0.2852607483715901]	[313.1137416830707, 12.124871833090559, 1988997.658203125, 'C11H21O10', 117.01953798093243, 80.94624972863976, 20233835.134277344, 'C4H5O4', 'C7H16O6', -0.06987510627601781]	[313.1137416830707, 12.124871833090559, 1988997.658203125, 'C11H21O10', 72.99325463926961, 44.597903975758115, 12848922.135131836, 'C2H1O3', 'C9H20O7', -0.3624997638634103]	[313.1137416830707, 12.124871833090559, 1988997.658203125, 'C11H21O10', 131.0351429078624, 126.10357995497127, 12310377.954467773, 'C5H7O4', 'C6H14O6', -0.3228004131813196]	[313.1137416830707, 12.124871833090559, 1988997.658203125, 'C11H21O10', 147.030188646472, 36.52274786106223, 7639232.366699219, 'C5H7O5', 'C6H14O5', 0.46340030771700363]	[313.1137416830707, 12.124871833090559, 1988997.658203125, 'C11H21O10', 161.04581134939306, 8.066402697230046, 3990899.5916748047, 'C6H9O5', 'C5H12O5', 0.32660508328644133]	[313.1137416830707, 12.124871833090559, 1988997.658203125, 'C11H21O10', 187.06146258755663, 10.077150947336179, 3871083.0341796875, 'C8H11O5', 'C3H10O5', 0.3245028487867721]	[313.1137416830707, 12.124871833090559, 1988997.658203125, 'C11H21O10', 145.0508456457523, 57.23412949444499, 3569196.419921875, 'C6H9O4', 'C5H12O6', -0.03592286328984884]	[313.1137416830707, 12.124871833090559, 1988997.658203125, 'C11H21O10', 173.04571637837591, 31.13832450748189, 3149949.9609375, 'C7H9O5', 'C4H12O5', -0.32344664652790733]	[313.1137416830707, 12.124871833090559, 1988997.658203125, 'C11H21O10', 147.06656269061523, 1.0765312111269132, 2358820.3208007812, 'C6H11O4', 'C5H10O6', 0.36740980001074625]	
89.569878	[389.1451359160036, 12.044606211734914, 640532.5747070312, 'C17H25O10', 125.06095758542125, 200.31521120109707, 74394471.48388672, 'C7H9O2', 'C10H16O8', -0.599544749579095]	[389.1451359160036, 12.044606211734914, 640532.5747070312, 'C17H25O10', 187.06151121296435, 176.43995691453466, 19541713.90222168, 'C8H11O5', 'C9H14O5', 0.026211661894248617]	[389.1451359160036, 12.044606211734914, 640532.5747070312, 'C17H25O10', 127.04023051322783, 96.45813264377804, 9183291.870605469, 'C6H7O3', 'C11H18O7', -0.5929018347479045]	
37.9207548	[172.0249474206186, 3.206934141617748, 692575.9211730957, 'C6H6N1O5', 73.02960597295058, 109.20081689950806, 44571203.662597656, 'C3H5O2', 'C3H1N1O3', -2.03491040707264]	[172.0249474206186, 3.206934141617748, 692575.9211730957, 'C6H6N1O5', 85.02963872683087, 13.021567230988413, 23527742.58532715, 'C4H5O2', 'C2H1N1O3', -1.939102472417717]	[172.0249474206186, 3.206934141617748, 692575.9211730957, 'C6H6N1O5', 117.0195207641468, 86.43098066925252, 19668379.6640625, 'C4H5O4', 'C2H1N1O1', -2.1207982281202185]	[172.0249474206186, 3.206934141617748, 692575.9211730957, 'C6H6N1O5', 72.99325026715019, 42.03314396258008, 12128086.274414062, 'C2H1O3', 'C4H5N1O2', -1.6878699372632218]	[172.0249474206186, 3.206934141617748, 692575.9211730957, 'C6H6N1O5', 99.00894628854817, 22.258061179955323, 7949692.798706055, 'C4H3O3', 'C2H3N1O2', -1.6589684323484428]	[172.0249474206186, 3.206934141617748, 692575.9211730957, 'C6H6N1O5', 97.02963609345532, 49.138890002505235, 7206390.53515625, 'C5H5O2', 'C1H1N1O3', -2.284489763368162]	[172.0249474206186, 3.206934141617748, 692575.9211730957, 'C6H6N1O5', 69.0346949001858, 22.76271096611005, 6592374.015014648, 'C4H5O1', 'C2H1N1O4', -1.8692982435699115]	[172.0249474206186, 3.206934141617748, 692575.9211730957, 'C6H6N1O5', 57.03464753523809, 61.970110478227404, 6343395.452774048, 'C3H5O1', 'C3H1N1O4', -2.0861267226065774]	[172.0249474206186, 3.206934141617748, 692575.9211730957, 'C6H6N1O5', 129.01952035519489, 14.941578877008174, 2794772.7802734375, 'C5H5O4', 'C1H1N1O1', -2.7220765065826202]	[172.0249474206186, 3.206934141617748, 692575.9211730957, 'C6H6N1O5', 109.02961411822582, 14.394257677805724, 1922514.6027832031, 'C6H5O2', 'H1N1O3', -3.068494892961882]	
777.144	[225.9990805668047, 6.784425749634602, 1091295.80859375, 'C8H4N1O7', 0, 0, 0, 'None', 'None', 0]	
427.076742	[198.97985350325683, 7.644604280794544, 524526.9304199219, 'C8H4O4Cl1', 0, 0, 0, 'None', 'None', 0]	
63.927258	[321.08215937417623, 19.53550681171995, 894613.2431640625, 'C12H17O10', 97.02966125012689, 11.644774985643464, 8186117.826660156, 'C5H5O2', 'C7H12O8', 0.9902833371100778]	[321.08215937417623, 19.53550681171995, 894613.2431640625, 'C12H17O10', 159.0301921152083, 13.66832168328102, 3675596.7963867188, 'C6H7O5', 'C6H10O5', 2.176708803358054]	[321.08215937417623, 19.53550681171995, 894613.2431640625, 'C12H17O10', 175.06147134169754, 24.672368368290567, 2435254.060546875, 'C7H11O5', 'C5H6O5', 2.273420219396628]	
418.617996	[325.13269382859954, 24.428054152301485, 691752.4014892578, 'C13H25O7S1', 80.96528413610073, 60.15850694828398, 33780277.12084961, 'H1O3S1', 'C13H24O4', -1.841734646280056]	[325.13269382859954, 24.428054152301485, 691752.4014892578, 'C13H25O7S1', 87.00890631446404, 19.007134949332922, 13715358.248046875, 'C3H3O3', 'C10H22O4S1', -1.7113505712872483]	[325.13269382859954, 24.428054152301485, 691752.4014892578, 'C13H25O7S1', 267.0914420931081, 8.697229931244596, 2440789.53515625, 'C10H19O6S1', 'C3H6O1', 1.86528671767899]	[325.13269382859954, 24.428054152301485, 691752.4014892578, 'C13H25O7S1', 225.0804821615193, 75.44748936908645, 2104234.9072265625, 'C8H17O5S1', 'C5H8O2', -2.815186870372836]	[325.13269382859954, 24.428054152301485, 691752.4014892578, 'C13H25O7S1', 97.02954517623937, 3.2939337480955153, 2023894.7705078125, 'C5H5O2', 'C8H20O5S1', -2.1992298813308673]	
565.224864	[362.12753449790176, 10.567485098543656, 468506.876953125, 'C15H24N1O7S1', 131.05038769517333, 31.67906882977333, 993779.6726074219, 'C9H7O1', 'C6H17N1O6S1', 0.057111848625291665]	
161.680752	[147.04476526425458, 17.80405831935251, 551400.3912353516, 'C9H7O2', 0, 0, 0, 'None', 'None', 0]	
522.503244	[267.0911938127877, 7.863043290908696, 1136814.83984375, 'C10H19O6S1', 0, 0, 0, 'None', 'None', 0]	
579.855366	[379.2158802506186, 34.52273628919301, 999152.66796875, 'C18H35O6S1', 0, 0, 0, 'None', 'None', 0]	
89.569878	[359.13485349493976, 5.538413652599911, 451381.0891113281, 'C16H23O9', 0, 0, 0, 'None', 'None', 0]	
387.044622	[299.22253052936344, 26.152350567266527, 945607.0489501953, 'C17H31O4', 0, 0, 0, 'None', 'None', 0]	
394.352118	[166.99814509375963, 11.652653858911492, 491472.58740234375, 'C7H3O5', 0, 0, 0, 'None', 'None', 0]	
273.011748	[276.1086509685873, 1.8742976684515336, 638400.0595703125, 'C11H18N1O7', 0, 0, 0, 'None', 'None', 0]	
161.680752	[209.04527793805212, 2.781547529258018, 321058.43572998047, 'C10H9O5', 0, 0, 0, 'None', 'None', 0]	
507.929496	[294.1932334301966, 6.0482596241284865, 477748.26220703125, 'C16H26N2O3', 0, 0, 0, 'None', 'None', 0]	
132.585756	[221.04511424473517, 11.260586384332761, 357893.3305969238, 'C11H9O5', 97.02963935886248, 1.143425543608559, 7573600.814453125, 'C5H5O2', 'C6H4O3', 0.52504628834718]	[221.04511424473517, 11.260586384332761, 357893.3305969238, 'C11H9O5', 57.03464729634465, 33.34131545097774, 5609077.412841797, 'C3H5O1', 'C8H4O4', -0.04236540175212237]	[221.04511424473517, 11.260586384332761, 357893.3305969238, 'C11H9O5', 69.03471151621756, 8.057386650745421, 4921907.349975586, 'C4H5O1', 'C7H4O4', 0.37675904409839645]	
499.465998	[303.1267521466783, 6.829110543951635, 869596.81640625, 'C14H23O5S1', 220.07783656985086, 22.385403539406873, 3448085.6909179688, 'C9H16O4S1', 'C5H7O1', 3.3043359864187907]	
351.811746	[227.16502203990422, 35.8075088772018, 764353.62890625, 'C13H23O3', 73.02961045812476, 2.821339193903362, 2271235.501022339, 'C3H5O2', 'C10H18O1', -0.9185515431951344]	
513.999246	[227.12860710134174, 12.946163687221116, 632071.2836914062, 'C12H19O4', 0, 0, 0, 'None', 'None', 0]	
501.89124	[145.08667502363346, 4.280176799301406, 462159.9538574219, 'C7H13O3', 0, 0, 0, 'None', 'None', 0]	
321.43587	[195.0292794499201, 7.529937939924432, 537940.8959960938, 'C9H7O5', 93.03472014931677, 8.395399777386935, 6703395.943359375, 'C6H5O1', 'C3H2O4', 2.457956281337671]	
89.569878	[337.1138199089562, 14.868470161330613, 640681.236328125, 'C13H21O10', 125.06095758542125, 200.31521120109707, 74394471.48388672, 'C7H9O2', 'C6H12O8', -0.6711684897198854]	[337.1138199089562, 14.868470161330613, 640681.236328125, 'C13H21O10', 187.06151121296435, 176.43995691453466, 19541713.90222168, 'C8H11O5', 'C5H10O5', 0.07533353259193808]	[337.1138199089562, 14.868470161330613, 640681.236328125, 'C13H21O10', 127.04023051322783, 96.45813264377804, 9183291.870605469, 'C6H7O3', 'C7H14O7', -0.6635550761322543]	
37.9207548	[237.0615437947647, 1.673006546415368, 441114.3642578125, 'C9H17O3S2', 59.01394782332958, 97.62533174650122, 28058015.166015625, 'C2H3O2', 'C7H14O1S2', 2.887020847230636]	
425.862618	[363.17755092947436, 8.733237817425296, 499992.279296875, 'C15H27N2O8', 0, 0, 0, 'None', 'None', 0]	
36.708879	[329.10869157064343, 8.064802247672137, 1061952.669921875, 'C11H21O11', 73.02960855202292, 146.03474964993816, 44997003.890625, 'C3H5O2', 'C8H16O9', -0.5780180472115585]	[329.10869157064343, 8.064802247672137, 1061952.669921875, 'C11H21O11', 85.02965661949129, 33.7791980043634, 25403492.625, 'C4H5O2', 'C7H16O9', -0.40950238688113455]	[329.10869157064343, 8.064802247672137, 1061952.669921875, 'C11H21O11', 117.01953798093243, 80.94624972863976, 20233835.134277344, 'C4H5O4', 'C7H16O7', -0.25267480093532796]	[329.10869157064343, 8.064802247672137, 1061952.669921875, 'C11H21O11', 87.04529321590276, 6.608401311782302, 16498369.26171875, 'C4H7O2', 'C7H14O9', -0.4682843722136606]	[329.10869157064343, 8.064802247672137, 1061952.669921875, 'C11H21O11', 72.99325463926961, 44.597903975758115, 12848922.135131836, 'C2H1O3', 'C9H20O8', -0.4565564144103077]	[329.10869157064343, 8.064802247672137, 1061952.669921875, 'C11H21O11', 131.0351429078624, 126.10357995497127, 12310377.954467773, 'C5H7O4', 'C6H14O7', -0.49811058891284615]	[329.10869157064343, 8.064802247672137, 1061952.669921875, 'C11H21O11', 115.0402450662677, 10.50992112719167, 9829655.182128906, 'C5H7O3', 'C6H14O8', -0.35738194154827124]	[329.10869157064343, 8.064802247672137, 1061952.669921875, 'C11H21O11', 147.030188646472, 36.52274786106223, 7639232.366699219, 'C5H7O5', 'C6H14O6', 0.20362495387805665]	[329.10869157064343, 8.064802247672137, 1061952.669921875, 'C11H21O11', 119.03515233944567, 25.656493621635164, 7152559.185058594, 'C4H7O4', 'C7H14O7', -0.42476070846454533]	[329.10869157064343, 8.064802247672137, 1061952.669921875, 'C11H21O11', 161.04581134939306, 8.066402697230046, 3990899.5916748047, 'C6H9O5', 'C5H12O6', 0.05818489209276708]	[329.10869157064343, 8.064802247672137, 1061952.669921875, 'C11H21O11', 187.06146258755663, 10.077150947336179, 3871083.0341796875, 'C8H11O5', 'C3H10O6', 0.0775578272091255]	[329.10869157064343, 8.064802247672137, 1061952.669921875, 'C11H21O11', 129.05590737940747, 22.828812645062435, 3710389.4765625, 'C6H9O3', 'C5H12O8', -0.32087069300113863]	[329.10869157064343, 8.064802247672137, 1061952.669921875, 'C11H21O11', 145.0508456457523, 57.23412949444499, 3569196.419921875, 'C6H9O4', 'C5H12O7', -0.19518208167975243]	[329.10869157064343, 8.064802247672137, 1061952.669921875, 'C11H21O11', 101.06092908407528, 36.11918410404448, 3500020.0034179688, 'C5H9O2', 'C6H12O9', -0.5590332798705698]	[329.10869157064343, 8.064802247672137, 1061952.669921875, 'C11H21O11', 173.04571637837591, 31.13832450748189, 3149949.9609375, 'C7H9O5', 'C4H12O6', -0.545882163654292]	[329.10869157064343, 8.064802247672137, 1061952.669921875, 'C11H21O11', 129.01956868053554, 15.410074051438, 2526677.63671875, 'C5H5O4', 'C6H16O7', -0.06442167113030287]	[329.10869157064343, 8.064802247672137, 1061952.669921875, 'C11H21O11', 147.06656269061523, 1.0765312111269132, 2358820.3208007812, 'C6H11O4', 'C5H10O7', 0.11601662725567059]	
493.396116	[173.11823695047005, 1.8372094227152937, 545392.1801757812, 'C9H17O3', 0, 0, 0, 'None', 'None', 0]	
41.6033778	[197.0220953976618, 70.96769247817451, 562798.1854248047, 'C6H10O5Cl1', 0, 0, 0, 'None', 'None', 0]	
286.285248	[253.18087145464912, 9.331872164618947, 644535.0770263672, 'C15H25O3', 0, 0, 0, 'None', 'None', 0]	
83.45238	[136.03987791168282, 8.632987258681286, 467382.505859375, 'C7H6N1O2', 0, 0, 0, 'None', 'None', 0]	
567.662742	[381.3373847174392, 10.084971532354436, 359359.75537109375, 'C24H45O3', 0, 0, 0, 'None', 'None', 0]	
63.927258	[365.1086159092415, 9.47414907784665, 664548.0986328125, 'C14H21O11', 97.02966125012689, 11.644774985643464, 8186117.826660156, 'C5H5O2', 'C9H16O9', -0.09198435085780546]	[365.1086159092415, 9.47414907784665, 664548.0986328125, 'C14H21O11', 99.00894612432204, 30.312942284499947, 7134636.780975342, 'C4H3O3', 'C10H18O8', 0.0008082691090500998]	
63.927258	[219.12317711464053, 24.39820273032541, 638732.88671875, 'C10H19O5', 73.02962734097814, 131.61339856045575, 47789015.6953125, 'C3H5O2', 'C7H14O3', 1.64432663740896]	[219.12317711464053, 24.39820273032541, 638732.88671875, 'C10H19O5', 117.01956421187293, 74.96142626558256, 15891937.6171875, 'C4H5O4', 'C6H14O1', 3.4973834281279252]	[219.12317711464053, 24.39820273032541, 638732.88671875, 'C10H19O5', 97.02966125012689, 11.644774985643464, 8186117.826660156, 'C5H5O2', 'C5H14O3', 2.3271860160856166]	[219.12317711464053, 24.39820273032541, 638732.88671875, 'C10H19O5', 159.0301921152083, 13.66832168328102, 3675596.7963867188, 'C6H7O5', 'C4H12', 6.905916136851339]	[219.12317711464053, 24.39820273032541, 638732.88671875, 'C10H19O5', 175.06147134169754, 24.672368368290567, 2435254.060546875, 'C7H11O5', 'C3H8', 8.947056782551128]	
435.571746	[306.0826244793508, 2.145512032231082, 298111.2236328125, 'C11H16N1O9', 0, 0, 0, 'None', 'None', 0]	
62.724258	[186.07664181728603, 9.442207088888225, 700655.9345703125, 'C8H12N1O4', 117.01952653102705, 102.32173351772487, 36966122.83105469, 'C4H5O4', 'C4H7N1', 3.398810399832577]	[186.07664181728603, 9.442207088888225, 700655.9345703125, 'C8H12N1O4', 159.0665279746971, 8.71692396035996, 2551214.05859375, 'C7H11O4', 'C1H1N1', 10.594257973265226]	
343.303374	[311.22307222867056, 8.412267071045859, 445787.51416015625, 'C18H31O4', 0, 0, 0, 'None', 'None', 0]	
181.11588	[367.106869459233, 4.534427583089762, 539565.5361328125, 'C14H23O9S1', 0, 0, 0, 'None', 'None', 0]	
554.249496	[255.01814863815386, 3.691702359457139, 492864.8239746094, 'C8H15O3S3', 0, 0, 0, 'None', 'None', 0]	
63.927258	[279.0717237282595, 12.873493909540969, 714704.3637695312, 'C10H15O9', 97.02966125012689, 11.644774985643464, 8186117.826660156, 'C5H5O2', 'C5H10O7', 0.4807769470088135]	[279.0717237282595, 12.873493909540969, 714704.3637695312, 'C10H15O9', 159.0301921152083, 13.66832168328102, 3675596.7963867188, 'C6H7O5', 'C4H8O4', 1.902558176920401]	[279.0717237282595, 12.873493909540969, 714704.3637695312, 'C10H15O9', 175.06147134169754, 24.672368368290567, 2435254.060546875, 'C7H11O5', 'C3H4O4', 1.9960766871351463]	
470.450868	[271.08249079166006, 3.4480125579124135, 284473.392578125, 'C13H19O2S2', 0, 0, 0, 'None', 'None', 0]	
366.401118	[255.16004079060852, 1.003224829125648, 451023.87158203125, 'C14H23O4', 149.06107433372995, 15.996940160552406, 1166411.3063964844, 'C9H9O2', 'C5H14O2', -0.8148662897599178]	
419.822742	[239.01949399177624, 7.407092709831057, 356665.9853515625, 'C10H7O7', 0, 0, 0, 'None', 'None', 0]	
37.9207548	[218.06679795614846, 4.011652407605119, 679592.3598022461, 'C8H12N1O6', 73.02960597295058, 109.20081689950806, 44571203.662597656, 'C3H5O2', 'C5H7N1O4', -1.2547303765528501]	[218.06679795614846, 4.011652407605119, 679592.3598022461, 'C8H12N1O6', 59.01394782332958, 97.62533174650122, 28058015.166015625, 'C2H3O2', 'C6H9N1O4', -1.1954027923819026]	[218.06679795614846, 4.011652407605119, 679592.3598022461, 'C8H12N1O6', 85.02963872683087, 13.021567230988413, 23527742.58532715, 'C4H5O2', 'C4H7N1O4', -1.1217073303606906]	[218.06679795614846, 4.011652407605119, 679592.3598022461, 'C8H12N1O6', 117.0195207641468, 86.43098066925252, 19668379.6640625, 'C4H5O4', 'C4H7N1O2', -0.9618420549355885]	[218.06679795614846, 4.011652407605119, 679592.3598022461, 'C8H12N1O6', 87.04527822965626, 6.608401311782302, 15116855.965332031, 'C4H7O2', 'C4H5N1O4', -1.219081285215877]	[218.06679795614846, 4.011652407605119, 679592.3598022461, 'C8H12N1O6', 72.99325026715019, 42.03314396258008, 12128086.274414062, 'C2H1O3', 'C6H11N1O3', -1.0869552533292812]	[218.06679795614846, 4.011652407605119, 679592.3598022461, 'C8H12N1O6', 131.03511701863758, 130.13245729001696, 10644949.727539062, 'C5H7O4', 'C3H5N1O2', -1.7342724180311528]	[218.06679795614846, 4.011652407605119, 679592.3598022461, 'C8H12N1O6', 115.04023948055253, 10.50992112719167, 9138016.58203125, 'C5H7O3', 'C3H5N1O3', -1.1499464091570633]	[218.06679795614846, 4.011652407605119, 679592.3598022461, 'C8H12N1O6', 99.00894628854817, 22.258061179955323, 7949692.798706055, 'C4H3O3', 'C4H9N1O3', -0.9379232849237745]	[218.06679795614846, 4.011652407605119, 679592.3598022461, 'C8H12N1O6', 83.05038868082745, 1.5511860864677163, 7226129.691558838, 'C5H7O1', 'C3H5N1O5', -1.0315398398853894]	[218.06679795614846, 4.011652407605119, 679592.3598022461, 'C8H12N1O6', 97.02963609345532, 49.138890002505235, 7206390.53515625, 'C5H5O2', 'C3H7N1O4', -1.2546730563627544]	[218.06679795614846, 4.011652407605119, 679592.3598022461, 'C8H12N1O6', 69.0346949001858, 22.76271096611005, 6592374.015014648, 'C4H5O1', 'C4H7N1O5', -1.2282947415370946]	[218.06679795614846, 4.011652407605119, 679592.3598022461, 'C8H12N1O6', 147.0301120400169, 36.52274786106223, 6550814.466308594, 'C5H7O5', 'C3H5N1O1', -1.0686815728884964]	[218.06679795614846, 4.011652407605119, 679592.3598022461, 'C8H12N1O6', 57.03464753523809, 61.970110478227404, 6343395.452774048, 'C3H5O1', 'C5H7N1O5', -1.430895596348656]	[218.06679795614846, 4.011652407605119, 679592.3598022461, 'C8H12N1O6', 111.04531556946635, 9.53677558364318, 5612311.979736328, 'C6H7O2', 'C2H5N1O4', -1.1435658299212594]	[218.06679795614846, 4.011652407605119, 679592.3598022461, 'C8H12N1O6', 71.05034717123237, 13.97133449540356, 4261359.107666016, 'C4H7O1', 'C4H5N1O5', -1.229687563938928]	[218.06679795614846, 4.011652407605119, 679592.3598022461, 'C8H12N1O6', 127.04022560374388, 58.908908285890746, 3654489.984375, 'C6H7O3', 'C2H5N1O3', -1.45398946896959]	[218.06679795614846, 4.011652407605119, 679592.3598022461, 'C8H12N1O6', 97.06602925317733, 1.4026721239169089, 3297853.020629883, 'C6H9O1', 'C2H3N1O5', -1.2289372890491952]	[218.06679795614846, 4.011652407605119, 679592.3598022461, 'C8H12N1O6', 145.05081268194772, 52.96452962961185, 3292626.8388671875, 'C6H9O4', 'C2H3N1O2', -1.4417867465608074]	[218.06679795614846, 4.011652407605119, 679592.3598022461, 'C8H12N1O6', 101.06089588337835, 31.060945381568022, 2937536.918823242, 'C5H9O2', 'C3H3N1O4', -1.6415577841591553]	[218.06679795614846, 4.011652407605119, 679592.3598022461, 'C8H12N1O6', 161.0458044216881, 8.066402697230046, 2870981.705078125, 'C6H9O5', 'C2H3N1O1', -0.5881021047593433]	[218.06679795614846, 4.011652407605119, 679592.3598022461, 'C8H12N1O6', 129.01952035519489, 14.941578877008174, 2794772.7802734375, 'C5H5O4', 'C3H7N1O2', -1.0960515378367248]	[218.06679795614846, 4.011652407605119, 679592.3598022461, 'C8H12N1O6', 173.04576396994534, 17.884147648850988, 2447460.41796875, 'C7H9O5', 'C1H3N1O1', -1.643351449317145]	[218.06679795614846, 4.011652407605119, 679592.3598022461, 'C8H12N1O6', 125.06092353813813, 10.135006421550328, 2305697.103515625, 'C7H9O2', 'C1H3N1O4', -1.7678144253172416]	[218.06679795614846, 4.011652407605119, 679592.3598022461, 'C8H12N1O6', 95.05039350915173, 5.041555579387845, 2300206.6389160156, 'C6H7O1', 'C2H5N1O5', -1.092914809908788]	[218.06679795614846, 4.011652407605119, 679592.3598022461, 'C8H12N1O6', 109.02961411822582, 14.394257677805724, 1922514.6027832031, 'C6H5O2', 'C2H7N1O4', -1.5942921431057417]	
23.1882552	[238.93126467207546, 312.5797106822075, 1388943.6884765625, 'C5H8N2S2Br1', 0, 0, 0, 'None', 'None', 0]	
63.927258	[277.0562471191255, 5.00337238221829, 806043.3764648438, 'C10H13O9', 97.02966125012689, 11.644774985643464, 8186117.826660156, 'C5H5O2', 'C5H8O7', -0.4214310210094076]	[277.0562471191255, 5.00337238221829, 806043.3764648438, 'C10H13O9', 159.0301921152083, 13.66832168328102, 3675596.7963867188, 'C6H7O5', 'C4H6O4', 0.4659636369285874]	[277.0562471191255, 5.00337238221829, 806043.3764648438, 'C10H13O9', 175.06147134169754, 24.672368368290567, 2435254.060546875, 'C7H11O5', 'C3H2O4', 0.33553095271894584]	
166.547124	[287.18628436787657, 3.42054269973832, 250740.84594726562, 'C15H27O5', 0, 0, 0, 'None', 'None', 0]	
452.374242	[61.98873299303608, 133.83758172410134, 81909897.91015625, 'N1O3', 0, 0, 0, 'None', 'None', 0]	
391.91787	[215.12845557863116, 29.934193570921217, 651452.6337890625, 'C11H19O4', 0, 0, 0, 'None', 'None', 0]	
540.823488	[263.0199487943203, 1.0539360336185997, 612689.1049804688, 'C13H11O2S2', 0, 0, 0, 'None', 'None', 0]	
342.087372	[255.19658333530583, 5.486173463863942, 387205.01123046875, 'C15H27O3', 0, 0, 0, 'None', 'None', 0]	
196.813254	[386.11187834381286, 3.5166459372269134, 405155.33935546875, 'C13H24N1O10S1', 0, 0, 0, 'None', 'None', 0]	
437.969496	[341.1599105121505, 6.083610004882701, 398887.919921875, 'C17H25O7', 159.06648488698252, 60.97866152914419, 38003691.26660156, 'C7H11O4', 'C10H14O3', 2.0559435509873834]	[341.1599105121505, 6.083610004882701, 398887.919921875, 'C17H25O7', 147.02993799331134, 3.8431134442942474, 7051568.5859375, 'C5H7O5', 'C12H18O2', 1.0687717296152288]	
280.255998	[329.066556696761, 1.3650180313962053, 728082.5189361572, 'C17H13O7', 121.02967111188936, 3.0803941957739185, 32598292.333984375, 'C7H5O2', 'C10H8O5', -1.0362794697672295]	[329.066556696761, 1.3650180313962053, 728082.5189361572, 'C17H13O7', 165.0195369152871, 43.51581374724338, 5168965.968994141, 'C8H5O4', 'C9H8O3', -1.0959109539040384]	
247.582374	[253.10770621609223, 3.753828482041003, 365169.63232421875, 'C13H17O5', 0, 0, 0, 'None', 'None', 0]	
582.29562	[221.0814935349466, 12.740158071813, 261598.951171875, 'C12H13O4', 0, 0, 0, 'None', 'None', 0]	
652.76988	[385.331682428984, 5.788003585067574, 500595.84228515625, 'C23H45O4', 339.32732968301724, 155.30058492960694, 2574347.794921875, 'C22H43O2', 'C1H2O2', 13.634518878219401]	
137.521878	[289.20183844808196, 15.65798896447762, 424614.6728515625, 'C15H29O5', 97.06595131420528, 12.046082221861926, 8321771.094085693, 'C6H9O1', 'C9H20O4', -1.1821492017502997]	[289.20183844808196, 15.65798896447762, 424614.6728515625, 'C15H29O5', 73.0295884410123, 17.249347167819295, 6819082.7607421875, 'C3H5O2', 'C12H24O3', -0.925218694976697]	[289.20183844808196, 15.65798896447762, 424614.6728515625, 'C15H29O5', 87.00889478012502, 35.54904880709322, 4478761.766235352, 'C3H3O3', 'C12H26O2', -0.8094622356246776]	[289.20183844808196, 15.65798896447762, 424614.6728515625, 'C15H29O5', 101.02452608118915, 45.151668524729885, 2205880.614227295, 'C4H5O3', 'C11H24O2', -0.9691200599441157]	
56.5461288	[167.0347400051309, 5.355000331629075, 376544.521484375, 'C8H7O4', 0, 0, 0, 'None', 'None', 0]	
379.743624	[241.180942065295, 15.568145731167222, 663509.6767578125, 'C14H25O3', 0, 0, 0, 'None', 'None', 0]	
37.9207548	[307.1029197885149, 4.9454014802133965, 652548.53125, 'C12H19O9', 73.02960597295058, 109.20081689950806, 44571203.662597656, 'C3H5O2', 'C9H14O7', 0.5818012423918829]	[307.1029197885149, 4.9454014802133965, 652548.53125, 'C12H19O9', 85.02963872683087, 13.021567230988413, 23527742.58532715, 'C4H5O2', 'C8H14O7', 0.7607305786306939]	[307.1029197885149, 4.9454014802133965, 652548.53125, 'C12H19O9', 117.0195207641468, 86.43098066925252, 19668379.6640625, 'C4H5O4', 'C8H14O5', 1.1625163050712237]	[307.1029197885149, 4.9454014802133965, 652548.53125, 'C12H19O9', 87.04527822965626, 6.608401311782302, 15116855.965332031, 'C4H7O2', 'C8H12O7', 0.7199967257381721]	[307.1029197885149, 4.9454014802133965, 652548.53125, 'C12H19O9', 72.99325026715019, 42.03314396258008, 12128086.274414062, 'C2H1O3', 'C10H18O6', 0.7281983335459198]	[307.1029197885149, 4.9454014802133965, 652548.53125, 'C12H19O9', 131.03511701863758, 130.13245729001696, 10644949.727539062, 'C5H7O4', 'C7H12O5', 0.949802548521667]	[307.1029197885149, 4.9454014802133965, 652548.53125, 'C12H19O9', 115.04023948055253, 10.50992112719167, 9138016.58203125, 'C5H7O3', 'C7H12O6', 1.0917867616326882]	[307.1029197885149, 4.9454014802133965, 652548.53125, 'C12H19O9', 99.00894628854817, 22.258061179955323, 7949692.798706055, 'C4H3O3', 'C8H16O6', 1.0403929987293998]	[307.1029197885149, 4.9454014802133965, 652548.53125, 'C12H19O9', 83.05038868082745, 1.5511860864677163, 7226129.691558838, 'C5H7O1', 'C7H12O8', 0.8430696591380431]	[307.1029197885149, 4.9454014802133965, 652548.53125, 'C12H19O9', 97.02963609345532, 49.138890002505235, 7206390.53515625, 'C5H5O2', 'C7H14O7', 0.7916501408443082]	[307.1029197885149, 4.9454014802133965, 652548.53125, 'C12H19O9', 69.0346949001858, 22.76271096611005, 6592374.015014648, 'C4H5O1', 'C8H14O8', 0.6095368931208976]	[307.1029197885149, 4.9454014802133965, 652548.53125, 'C12H19O9', 147.0301120400169, 36.52274786106223, 6550814.466308594, 'C5H7O5', 'C7H12O4', 1.5758498749011625]	[307.1029197885149, 4.9454014802133965, 652548.53125, 'C12H19O9', 57.03464753523809, 61.970110478227404, 6343395.452774048, 'C3H5O1', 'C9H14O8', 0.39087936623400554]	[307.1029197885149, 4.9454014802133965, 652548.53125, 'C12H19O9', 111.04531556946635, 9.53677558364318, 5612311.979736328, 'C6H7O2', 'C6H12O7', 0.9985863745146389]	[307.1029197885149, 4.9454014802133965, 652548.53125, 'C12H19O9', 71.05034717123237, 13.97133449540356, 4261359.107666016, 'C4H7O1', 'C8H12O8', 0.6243626311080969]	[307.1029197885149, 4.9454014802133965, 652548.53125, 'C12H19O9', 127.04022560374388, 58.908908285890746, 3654489.984375, 'C6H7O3', 'C6H12O6', 1.0874805918218122]	[307.1029197885149, 4.9454014802133965, 652548.53125, 'C12H19O9', 97.06602925317733, 1.4026721239169089, 3297853.020629883, 'C6H9O1', 'C6H10O8', 0.8544414972027251]	[307.1029197885149, 4.9454014802133965, 652548.53125, 'C12H19O9', 145.05081268194772, 52.96452962961185, 3292626.8388671875, 'C6H9O4', 'C6H10O5', 1.3137303782539644]	[307.1029197885149, 4.9454014802133965, 652548.53125, 'C12H19O9', 101.06089588337835, 31.060945381568022, 2937536.918823242, 'C5H9O2', 'C7H10O7', 0.6119846577554094]	[307.1029197885149, 4.9454014802133965, 652548.53125, 'C12H19O9', 161.0458044216881, 8.066402697230046, 2870981.705078125, 'C6H9O5', 'C6H10O4', 2.0172393782542626]	[307.1029197885149, 4.9454014802133965, 652548.53125, 'C12H19O9', 129.01952035519489, 14.941578877008174, 2794772.7802734375, 'C5H5O4', 'C7H14O5', 1.2385548649572133]	[307.1029197885149, 4.9454014802133965, 652548.53125, 'C12H19O9', 173.04576396994534, 17.884147648850988, 2447460.41796875, 'C7H9O5', 'C5H10O4', 1.8960605337848844]	[307.1029197885149, 4.9454014802133965, 652548.53125, 'C12H19O9', 125.06092353813813, 10.135006421550328, 2305697.103515625, 'C7H9O2', 'C5H10O7', 0.8445809435620947]	[307.1029197885149, 4.9454014802133965, 652548.53125, 'C12H19O9', 95.05039350915173, 5.041555579387845, 2300206.6389160156, 'C6H7O1', 'C6H12O8', 0.9135480886212493]	[307.1029197885149, 4.9454014802133965, 652548.53125, 'C12H19O9', 109.02961411822582, 14.394257677805724, 1922514.6027832031, 'C6H5O2', 'C6H14O7', 0.7286663193362773]	
46.583379	[130.05057895206656, 11.100658242990935, 749273.8439941406, 'C5H8N1O3', 0, 0, 0, 'None', 'None', 0]	
83.45238	[347.0977197404412, 6.98519177256976, 450450.0595703125, 'C14H19O10', 173.04586055441632, 115.44342015518777, 3355561.98828125, 'C7H9O5', 'C7H10O5', 2.6475594887936804]	
399.209868	[181.05022254006767, 10.908526095465405, 376957.029296875, 'C9H9O4', 0, 0, 0, 'None', 'None', 0]	
37.9207548	[279.07193013031406, 12.047473358826934, 615584.2944030762, 'C10H15O9', 73.02960597295058, 109.20081689950806, 44571203.662597656, 'C3H5O2', 'C7H10O7', -0.8452483806345511]	[279.07193013031406, 12.047473358826934, 615584.2944030762, 'C10H15O9', 85.02963872683087, 13.021567230988413, 23527742.58532715, 'C4H5O2', 'C6H10O7', -0.7287231963690635]	[279.07193013031406, 12.047473358826934, 615584.2944030762, 'C10H15O9', 117.0195207641468, 86.43098066925252, 19668379.6640625, 'C4H5O4', 'C6H10O5', -0.551462899248768]	[279.07193013031406, 12.047473358826934, 615584.2944030762, 'C10H15O9', 87.04527822965626, 6.608401311782302, 15116855.965332031, 'C4H7O2', 'C6H8O7', -0.7910373938279437]	[279.07193013031406, 12.047473358826934, 615584.2944030762, 'C10H15O9', 72.99325026715019, 42.03314396258008, 12128086.274414062, 'C2H1O3', 'C8H14O6', -0.6786865318435498]	[279.07193013031406, 12.047473358826934, 615584.2944030762, 'C10H15O9', 131.03511701863758, 130.13245729001696, 10644949.727539062, 'C5H7O4', 'C5H8O5', -0.9667270599339237]	[279.07193013031406, 12.047473358826934, 615584.2944030762, 'C10H15O9', 115.04023948055253, 10.50992112719167, 9138016.58203125, 'C5H7O3', 'C5H8O6', -0.6135976182094822]	[279.07193013031406, 12.047473358826934, 615584.2944030762, 'C10H15O9', 99.00894628854817, 22.258061179955323, 7949692.798706055, 'C4H3O3', 'C6H12O6', -0.5211593370975959]	[279.07193013031406, 12.047473358826934, 615584.2944030762, 'C10H15O9', 83.05038868082745, 1.5511860864677163, 7226129.691558838, 'C5H7O1', 'C5H8O8', -0.6195705631634161]	[279.07193013031406, 12.047473358826934, 615584.2944030762, 'C10H15O9', 97.02963609345532, 49.138890002505235, 7206390.53515625, 'C5H5O2', 'C5H10O7', -0.7912252691014425]	[279.07193013031406, 12.047473358826934, 615584.2944030762, 'C10H15O9', 69.0346949001858, 22.76271096611005, 6592374.015014648, 'C4H5O1', 'C6H10O8', -0.7866687768242396]	[279.07193013031406, 12.047473358826934, 615584.2944030762, 'C10H15O9', 147.0301120400169, 36.52274786106223, 6550814.466308594, 'C5H7O5', 'C5H8O4', -0.43993696868811194]	[279.07193013031406, 12.047473358826934, 615584.2944030762, 'C10H15O9', 57.03464753523809, 61.970110478227404, 6343395.452774048, 'C3H5O1', 'C7H10O8', -0.957472523280109]	[279.07193013031406, 12.047473358826934, 615584.2944030762, 'C10H15O9', 111.04531556946635, 9.53677558364318, 5612311.979736328, 'C6H7O2', 'C4H8O7', -0.6222855636240343]	[279.07193013031406, 12.047473358826934, 615584.2944030762, 'C10H15O9', 71.05034717123237, 13.97133449540356, 4261359.107666016, 'C4H7O1', 'C6H8O8', -0.7833739541473659]	[279.07193013031406, 12.047473358826934, 615584.2944030762, 'C10H15O9', 127.04022560374388, 58.908908285890746, 3654489.984375, 'C6H7O3', 'C4H8O6', -0.7533046733679803]	[279.07193013031406, 12.047473358826934, 615584.2944030762, 'C10H15O9', 97.06602925317733, 1.4026721239169089, 3297853.020629883, 'C6H9O1', 'C4H6O8', -0.7190798569796665]	[279.07193013031406, 12.047473358826934, 615584.2944030762, 'C10H15O9', 145.05081268194772, 52.96452962961185, 3292626.8388671875, 'C6H9O4', 'C4H6O5', -0.727109313958805]	[279.07193013031406, 12.047473358826934, 615584.2944030762, 'C10H15O9', 101.06089588337835, 31.060945381568022, 2937536.918823242, 'C5H9O2', 'C5H6O7', -1.0350280754693861]	[279.07193013031406, 12.047473358826934, 615584.2944030762, 'C10H15O9', 161.0458044216881, 8.066402697230046, 2870981.705078125, 'C6H9O5', 'C4H6O4', -0.13309391722165914]	[279.07193013031406, 12.047473358826934, 615584.2944030762, 'C10H15O9', 129.01952035519489, 14.941578877008174, 2794772.7802734375, 'C5H5O4', 'C5H10O5', -0.5982897585855457]	[279.07193013031406, 12.047473358826934, 615584.2944030762, 'C10H15O9', 173.04576396994534, 17.884147648850988, 2447460.41796875, 'C7H9O5', 'C3H6O4', -0.5296815485044284]	[279.07193013031406, 12.047473358826934, 615584.2944030762, 'C10H15O9', 125.06092353813813, 10.135006421550328, 2305697.103515625, 'C7H9O2', 'C3H6O7', -0.9518261275864636]	[279.07193013031406, 12.047473358826934, 615584.2944030762, 'C10H15O9', 95.05039350915173, 5.041555579387845, 2300206.6389160156, 'C6H7O1', 'C4H8O8', -0.6337347660939281]	[279.07193013031406, 12.047473358826934, 615584.2944030762, 'C10H15O9', 109.02961411822582, 14.394257677805724, 1922514.6027832031, 'C6H5O2', 'C4H10O7', -0.9762958065995705]	
516.423876	[373.0955718204414, 39.49320227498252, 839076.7321166992, 'C16H21O8S1', 0, 0, 0, 'None', 'None', 0]	
455.990748	[249.02521789407552, 2.7633361355236534, 579216.5534667969, 'C9H13O4S2', 73.02959967421525, 6.5386225426411855, 8535974.744140625, 'C3H5O2', 'C6H8O2S2', 2.5669892285740783]	[249.02521789407552, 2.7633361355236534, 579216.5534667969, 'C9H13O4S2', 85.02961967374465, 11.55571145472905, 7862376.038330078, 'C4H5O2', 'C5H8O2S2', 2.8767737419403288]	[249.02521789407552, 2.7633361355236534, 579216.5534667969, 'C9H13O4S2', 115.04022541747672, 5.408152240807133, 2756883.83203125, 'C5H7O3', 'C4H6O1S2', 3.8625331119683444]	[249.02521789407552, 2.7633361355236534, 579216.5534667969, 'C9H13O4S2', 101.02450029003107, 5.871398841049647, 2687407.1408691406, 'C4H5O3', 'C5H8O1S2', 2.9891372700937517]	
333.578118	[225.11279993246475, 3.824507899760614, 516621.337890625, 'C12H17O4', 0, 0, 0, 'None', 'None', 0]	
378.529746	[235.02474080908036, 2.815339139149586, 449696.14501953125, 'C11H7O6', 0, 0, 0, 'None', 'None', 0]	
115.304628	[146.04547932966793, 3.5817086894276526, 325192.2662963867, 'C5H8N1O4', 0, 0, 0, 'None', 'None', 0]	
37.9207548	[291.10867335849616, 8.18690301441537, 598179.544921875, 'C12H19O8', 73.02960597295058, 109.20081689950806, 44571203.662597656, 'C3H5O2', 'C9H14O6', -2.41831709363588]	[291.10867335849616, 8.18690301441537, 598179.544921875, 'C12H19O8', 85.02963872683087, 13.021567230988413, 23527742.58532715, 'C4H5O2', 'C8H14O6', -2.400197895384418]	[291.10867335849616, 8.18690301441537, 598179.544921875, 'C12H19O8', 117.0195207641468, 86.43098066925252, 19668379.6640625, 'C4H5O4', 'C8H14O4', -2.5423357604971764]	[291.10867335849616, 8.18690301441537, 598179.544921875, 'C12H19O8', 87.04527822965626, 6.608401311782302, 15116855.965332031, 'C4H7O2', 'C8H12O6', -2.475346457329728]	[291.10867335849616, 8.18690301441537, 598179.544921875, 'C12H19O8', 72.99325026715019, 42.03314396258008, 12128086.274414062, 'C2H1O3', 'C10H18O5', -2.3065319525129557]	[291.10867335849616, 8.18690301441537, 598179.544921875, 'C12H19O8', 131.03511701863758, 130.13245729001696, 10644949.727539062, 'C5H7O4', 'C7H12O4', -3.1006889556916994]	[291.10867335849616, 8.18690301441537, 598179.544921875, 'C12H19O8', 115.04023948055253, 10.50992112719167, 9138016.58203125, 'C5H7O3', 'C7H12O5', -2.6346382260593884]	[291.10867335849616, 8.18690301441537, 598179.544921875, 'C12H19O8', 99.00894628854817, 22.258061179955323, 7949692.798706055, 'C4H3O3', 'C8H16O5', -2.3272744378592023]	[291.10867335849616, 8.18690301441537, 598179.544921875, 'C12H19O8', 83.05038868082745, 1.5511860864677163, 7226129.691558838, 'C5H7O1', 'C7H12O7', -2.3295227330090054]	[291.10867335849616, 8.18690301441537, 598179.544921875, 'C12H19O8', 97.02963609345532, 49.138890002505235, 7206390.53515625, 'C5H5O2', 'C7H14O6', -2.562171405744407]	[291.10867335849616, 8.18690301441537, 598179.544921875, 'C12H19O8', 69.0346949001858, 22.76271096611005, 6592374.015014648, 'C4H5O1', 'C8H14O7', -2.379644495957599]	[291.10867335849616, 8.18690301441537, 598179.544921875, 'C12H19O8', 147.0301120400169, 36.52274786106223, 6550814.466308594, 'C5H7O5', 'C7H12O3', -2.9242172693188797]	[291.10867335849616, 8.18690301441537, 598179.544921875, 'C12H19O8', 57.03464753523809, 61.970110478227404, 6343395.452774048, 'C3H5O1', 'C9H14O7', -2.4599996776033923]	[291.10867335849616, 8.18690301441537, 598179.544921875, 'C12H19O8', 111.04531556946635, 9.53677558364318, 5612311.979736328, 'C6H7O2', 'C6H12O6', -2.5979062957334405]	[291.10867335849616, 8.18690301441537, 598179.544921875, 'C12H19O8', 71.05034717123237, 13.97133449540356, 4261359.107666016, 'C4H7O1', 'C8H12O7', -2.391120923845204]	[291.10867335849616, 8.18690301441537, 598179.544921875, 'C12H19O8', 127.04022560374388, 58.908908285890746, 3654489.984375, 'C6H7O3', 'C6H12O5', -2.9119145263881263]	[291.10867335849616, 8.18690301441537, 598179.544921875, 'C12H19O8', 97.06602925317733, 1.4026721239169089, 3297853.020629883, 'C6H9O1', 'C6H10O7', -2.546368340328937]	[291.10867335849616, 8.18690301441537, 598179.544921875, 'C12H19O8', 145.05081268194772, 52.96452962961185, 3292626.8388671875, 'C6H9O4', 'C6H10O4', -3.085592268404082]	[291.10867335849616, 8.18690301441537, 598179.544921875, 'C12H19O8', 101.06089588337835, 31.060945381568022, 2937536.918823242, 'C5H9O2', 'C7H10O6', -2.8280978124924485]	[291.10867335849616, 8.18690301441537, 598179.544921875, 'C12H19O8', 129.01952035519489, 14.941578877008174, 2794772.7802734375, 'C5H5O4', 'C7H14O4', -2.733075758066877]	[291.10867335849616, 8.18690301441537, 598179.544921875, 'C12H19O8', 173.04576396994534, 17.884147648850988, 2447460.41796875, 'C7H9O5', 'C5H10O3', -3.552231406803853]	[291.10867335849616, 8.18690301441537, 598179.544921875, 'C12H19O8', 125.06092353813813, 10.135006421550328, 2305697.103515625, 'C7H9O2', 'C5H10O6', -3.0703145535740326]	[291.10867335849616, 8.18690301441537, 598179.544921875, 'C12H19O8', 95.05039350915173, 5.041555579387845, 2300206.6389160156, 'C6H7O1', 'C6H12O7', -2.447476949507289]	[291.10867335849616, 8.18690301441537, 598179.544921875, 'C12H19O8', 109.02961411822582, 14.394257677805724, 1922514.6027832031, 'C6H5O2', 'C6H14O6', -2.851721920364501]	
36.708879	[343.12432132829, 64.11792707018306, 851036.9458007812, 'C12H23O11', 73.02960855202292, 146.03474964993816, 44997003.890625, 'C3H5O2', 'C9H18O9', -0.4730786073295798]	[343.12432132829, 64.11792707018306, 851036.9458007812, 'C12H23O11', 85.02965661949129, 33.7791980043634, 25403492.625, 'C4H5O2', 'C8H18O9', -0.308834916921737]	[343.12432132829, 64.11792707018306, 851036.9458007812, 'C12H23O11', 117.01953798093243, 80.94624972863976, 20233835.134277344, 'C4H5O4', 'C8H18O7', -0.14748597236881278]	[343.12432132829, 64.11792707018306, 851036.9458007812, 'C12H23O11', 72.99325463926961, 44.597903975758115, 12848922.135131836, 'C2H1O3', 'C10H22O8', -0.3579330680351186]	[343.12432132829, 64.11792707018306, 851036.9458007812, 'C12H23O11', 131.0351429078624, 126.10357995497127, 12310377.954467773, 'C5H7O4', 'C7H16O7', -0.36975126847863726]	[343.12432132829, 64.11792707018306, 851036.9458007812, 'C12H23O11', 115.0402450662677, 10.50992112719167, 9829655.182128906, 'C5H7O3', 'C7H16O8', -0.24667175329603652]	[343.12432132829, 64.11792707018306, 851036.9458007812, 'C12H23O11', 147.030188646472, 36.52274786106223, 7639232.366699219, 'C5H7O5', 'C7H16O6', 0.2922985765480538]	[343.12432132829, 64.11792707018306, 851036.9458007812, 'C12H23O11', 161.04581134939306, 8.066402697230046, 3990899.5916748047, 'C6H9O5', 'C6H14O6', 0.1648795379928132]	[343.12432132829, 64.11792707018306, 851036.9458007812, 'C12H23O11', 187.06146258755663, 10.077150947336179, 3871083.0341796875, 'C8H11O5', 'C4H12O6', 0.20029856381881336]	[343.12432132829, 64.11792707018306, 851036.9458007812, 'C12H23O11', 145.0508456457523, 57.23412949444499, 3569196.419921875, 'C6H9O4', 'C6H14O7', -0.12966134305244992]	[343.12432132829, 64.11792707018306, 851036.9458007812, 'C12H23O11', 173.04571637837591, 31.13832450748189, 3149949.9609375, 'C7H9O5', 'C5H14O6', -0.38188062033781]	[343.12432132829, 64.11792707018306, 851036.9458007812, 'C12H23O11', 147.06656269061523, 1.0765312111269132, 2358820.3208007812, 'C6H11O4', 'C6H12O7', 0.21096956337068368]	
137.521878	[268.02311920311814, 3.4714696286197992, 740498.6723632812, 'C8H11N1O7Cl1', 97.06595131420528, 12.046082221861926, 8321771.094085693, 'C6H9O1', 'C2H2N1O6Cl1', -3.4972921673958974]	[268.02311920311814, 3.4714696286197992, 740498.6723632812, 'C8H11N1O7Cl1', 83.01398563352626, 4.261232246595964, 3664642.391845703, 'C4H3O2', 'C4H8N1O5Cl1', -2.884009776061306]	
611.52564	[173.11803099545583, 10.932937234050415, 365946.8349609375, 'C9H17O3', 0, 0, 0, 'None', 'None', 0]	
422.230866	[241.14423045086323, 5.925084738639532, 374943.9509277344, 'C13H21O4', 121.02965308811964, 5.920522244035421, 4945619.65625, 'C7H5O2', 'C6H16O2', -0.39431139392765835]	[241.14423045086323, 5.925084738639532, 374943.9509277344, 'C13H21O4', 111.0452463706015, 21.208432636100113, 1830009.2109375, 'C6H7O2', 'C7H14O2', -0.800005184272308]	[241.14423045086323, 5.925084738639532, 374943.9509277344, 'C13H21O4', 81.03471519027029, 4.332346869668406, 1680244.814453125, 'C5H5O1', 'C8H16O3', -0.4075984431155511]	
37.9207548	[279.1081705979158, 2.133578855977124, 618316.9255371094, 'C11H19O8', 87.04527822965626, 6.608401311782302, 15116855.965332031, 'C4H7O2', 'C7H12O6', -0.012330613647828665]	[279.1081705979158, 2.133578855977124, 618316.9255371094, 'C11H19O8', 115.04023948055253, 10.50992112719167, 9138016.58203125, 'C5H7O3', 'C6H12O5', 0.2369903613250711]	[279.1081705979158, 2.133578855977124, 618316.9255371094, 'C11H19O8', 99.00894628854817, 22.258061179955323, 7949692.798706055, 'C4H3O3', 'C7H16O5', 0.25369629295154694]	[279.1081705979158, 2.133578855977124, 618316.9255371094, 'C11H19O8', 83.05038868082745, 1.5511860864677163, 7226129.691558838, 'C5H7O1', 'C6H12O7', 0.09223232756720144]	[279.1081705979158, 2.133578855977124, 618316.9255371094, 'C11H19O8', 97.02963609345532, 49.138890002505235, 7206390.53515625, 'C5H5O2', 'C6H14O6', 0.03018216558132249]	[279.1081705979158, 2.133578855977124, 618316.9255371094, 'C11H19O8', 69.0346949001858, 22.76271096611005, 6592374.015014648, 'C4H5O1', 'C7H14O7', -0.12232705113390045]	[279.1081705979158, 2.133578855977124, 618316.9255371094, 'C11H19O8', 57.03464753523809, 61.970110478227404, 6343395.452774048, 'C3H5O1', 'C8H14O7', -0.3290014593506331]	[279.1081705979158, 2.133578855977124, 618316.9255371094, 'C11H19O8', 111.04531556946635, 9.53677558364318, 5612311.979736328, 'C6H7O2', 'C5H12O6', 0.20808551988506552]	[279.1081705979158, 2.133578855977124, 618316.9255371094, 'C11H19O8', 71.05034717123237, 13.97133449540356, 4261359.107666016, 'C4H7O1', 'C7H12O7', -0.1125967132602694]	[279.1081705979158, 2.133578855977124, 618316.9255371094, 'C11H19O8', 127.04022560374388, 58.908908285890746, 3654489.984375, 'C6H7O3', 'C5H12O5', 0.23019784345879657]	[279.1081705979158, 2.133578855977124, 618316.9255371094, 'C11H19O8', 97.06602925317733, 1.4026721239169089, 3297853.020629883, 'C6H9O1', 'C5H10O7', 0.04754524279195956]	[279.1081705979158, 2.133578855977124, 618316.9255371094, 'C11H19O8', 101.06089588337835, 31.060945381568022, 2937536.918823242, 'C5H9O2', 'C6H10O6', -0.19497316078283747]	[279.1081705979158, 2.133578855977124, 618316.9255371094, 'C11H19O8', 129.01952035519489, 14.941578877008174, 2794772.7802734375, 'C5H5O4', 'C6H14O4', 0.3981452292551579]	[279.1081705979158, 2.133578855977124, 618316.9255371094, 'C11H19O8', 125.06092353813813, 10.135006421550328, 2305697.103515625, 'C7H9O2', 'C4H10O6', -0.04582850294660832]	[279.1081705979158, 2.133578855977124, 618316.9255371094, 'C11H19O8', 95.05039350915173, 5.041555579387845, 2300206.6389160156, 'C6H7O1', 'C5H12O7', 0.1788087799300777]	[279.1081705979158, 2.133578855977124, 618316.9255371094, 'C11H19O8', 109.02961411822582, 14.394257677805724, 1922514.6027832031, 'C6H5O2', 'C5H14O6', -0.09689429308927883]	
419.822742	[377.1275348883561, 4.277899568318879, 473219.671875, 'C16H25O8S1', 96.96024687467347, 143.26722417103753, 440517292.90625, 'H1O4S1', 'C16H24O4', -1.1707758586454342]	[377.1275348883561, 4.277899568318879, 473219.671875, 'C16H25O8S1', 79.95751520770663, 316.52518408729657, 134844944.375, 'O3S1', 'C16H25O5', -1.075748192455328]	[377.1275348883561, 4.277899568318879, 473219.671875, 'C16H25O8S1', 80.96529734730392, 60.15850694828398, 47114048.71484375, 'H1O3S1', 'C16H24O5', -1.2410104497945873]	[377.1275348883561, 4.277899568318879, 473219.671875, 'C16H25O8S1', 87.00891509774414, 19.007134949332922, 18937810.751464844, 'C3H3O3', 'C13H22O5S1', -1.1367420809109252]	[377.1275348883561, 4.277899568318879, 473219.671875, 'C16H25O8S1', 59.013958667100425, 1.658054143693776, 16052933.787841797, 'C2H3O2', 'C14H22O6S1', -1.1449391360960401]	[377.1275348883561, 4.277899568318879, 473219.671875, 'C16H25O8S1', 57.034651250511004, 61.04799313798943, 13445865.817626953, 'C3H5O1', 'C13H20O7S1', -1.2922411591218428]	[377.1275348883561, 4.277899568318879, 473219.671875, 'C16H25O8S1', 247.06512768106074, 13.424790545090802, 4295530.650390625, 'C10H15O5S1', 'C6H10O3', 0.6365589272621498]	[377.1275348883561, 4.277899568318879, 473219.671875, 'C16H25O8S1', 83.05041511604807, 3.9622940116894885, 2648299.283203125, 'C5H7O1', 'C11H18O7S1', -0.9955613359061564]	[377.1275348883561, 4.277899568318879, 473219.671875, 'C16H25O8S1', 97.02943825563962, 3.2939337480955153, 2229733.1484375, 'C5H5O2', 'C11H20O6S1', -1.9087304358705695]	
367.613622	[311.22230810315216, 18.153227418912927, 549857.8854980469, 'C18H31O4', 0, 0, 0, 'None', 'None', 0]	
506.725368	[327.290184716001, 1.6521121178351201, 369072.517578125, 'C20H39O3', 0, 0, 0, 'None', 'None', 0]	
777.144	[205.03500619539196, 12.496738386930812, 594720.853515625, 'C7H9O7', 0, 0, 0, 'None', 'None', 0]	
292.311996	[237.14918286590674, 6.698798226191258, 261695.75146484375, 'C14H21O3', 0, 0, 0, 'None', 'None', 0]	
433.154616	[303.0903484755877, 5.184318714785141, 283829.9436035156, 'C13H19O6S1', 0, 0, 0, 'None', 'None', 0]	
457.193622	[317.051158267556, 4.766705044870686, 309258.830078125, 'C12H13O10', 71.013981205492, 25.99967834921957, 12417306.491394043, 'C3H3O2', 'C9H10O8', -0.4351449959526062]	[317.051158267556, 4.766705044870686, 309258.830078125, 'C12H13O10', 85.02965533732853, 11.55571145472905, 6325835.845703125, 'C4H5O2', 'C8H8O8', -0.35742397877062404]	
778.34646	[233.029990044274, 5.797005660193193, 364843.59375, 'C8H9O8', 91.00380292099062, 124.95454089073363, 91313438.4453125, 'C2H3O4', 'C6H6O4', -0.5430196599618354]	
377.314374	[211.02453024381796, 3.2922426676802594, 321389.75830078125, 'C9H7O6', 0, 0, 0, 'None', 'None', 0]	
433.154616	[277.14442702851807, 22.050584345025218, 632207.9521484375, 'C16H21O4', 0, 0, 0, 'None', 'None', 0]	
195.607878	[369.0493663345378, 2.200799115480431, 598525.9326171875, 'C12H17O11S1', 0, 0, 0, 'None', 'None', 0]	
235.497126	[178.01768690425456, 19.870889525187476, 651662.44140625, 'C7H13Br1', 0, 0, 0, 'None', 'None', 0]	
79.789878	[109.02907157805791, 7.243747755234079, 451951.484375, 'C6H5O2', 69.03469242110626, 154.40353366385142, 25840838.5546875, 'C4H5O1', 'C2O1', 0.7711749352173484]	[109.02907157805791, 7.243747755234079, 451951.484375, 'C6H5O2', 85.02964177106438, 114.49895048420498, 15311434.05456543, 'C4H5O2', 'C2', 2.924717156803746]	
348.16512	[305.2120798377897, 28.08043452766048, 592179.0460205078, 'C19H29O3', 0, 0, 0, 'None', 'None', 0]	
44.0960058	[153.03218053266673, 3.3079383589230575, 522677.04431152344, 'C5H10O3Cl1', 0, 0, 0, 'None', 'None', 0]	
466.856868	[195.06599110268647, 10.008564979098397, 350323.2880859375, 'C10H11O4', 0, 0, 0, 'None', 'None', 0]	
78.570504	[153.09174294406844, 6.319303383061142, 383638.23876953125, 'C9H13O2', 0, 0, 0, 'None', 'None', 0]	
205.358748	[345.2282909981122, 7.1734946445699395, 526715.1690063477, 'C18H33O6', 121.0296893027955, 2.4711236384392743, 5472196.280517578, 'C7H5O2', 'C11H28O4', -1.5240708552975104]	
588.385362	[230.9295639055218, 24.898169695036763, 433727.8530883789, 'C7H4O4Br1', 0, 0, 0, 'None', 'None', 0]	
37.9207548	[216.0875331024058, 1.8459851257627438, 616207.576171875, 'C9H14N1O5', 73.02960597295058, 109.20081689950806, 44571203.662597656, 'C3H5O2', 'C6H9N1O3', -1.308063138732942]	[216.0875331024058, 1.8459851257627438, 616207.576171875, 'C9H14N1O5', 59.01394782332958, 97.62533174650122, 28058015.166015625, 'C2H3O2', 'C7H11N1O3', -1.243229116223923]	[216.0875331024058, 1.8459851257627438, 616207.576171875, 'C9H14N1O5', 85.02963872683087, 13.021567230988413, 23527742.58532715, 'C4H5O2', 'C5H9N1O3', -1.1779144378520203]	[216.0875331024058, 1.8459851257627438, 616207.576171875, 'C9H14N1O5', 117.0195207641468, 86.43098066925252, 19668379.6640625, 'C4H5O4', 'C5H9N1O1', -1.0330049033393671]	[216.0875331024058, 1.8459851257627438, 616207.576171875, 'C9H14N1O5', 87.04527822965626, 6.608401311782302, 15116855.965332031, 'C4H7O2', 'C5H7N1O3', -1.2776598709400915]	[216.0875331024058, 1.8459851257627438, 616207.576171875, 'C9H14N1O5', 72.99325026715019, 42.03314396258008, 12128086.274414062, 'C2H1O3', 'C7H13N1O2', -1.0680700762879969]	[216.0875331024058, 1.8459851257627438, 616207.576171875, 'C9H14N1O5', 131.03511701863758, 130.13245729001696, 10644949.727539062, 'C5H7O4', 'C4H7N1O1', -1.8351371759931827]	[216.0875331024058, 1.8459851257627438, 616207.576171875, 'C9H14N1O5', 115.04023948055253, 10.50992112719167, 9138016.58203125, 'C5H7O3', 'C4H7N1O2', -1.1244367562639124]	[216.0875331024058, 1.8459851257627438, 616207.576171875, 'C9H14N1O5', 99.00894628854817, 22.258061179955323, 7949692.798706055, 'C4H3O3', 'C5H11N1O2', -0.9123222647889546]	[216.0875331024058, 1.8459851257627438, 616207.576171875, 'C9H14N1O5', 83.05038868082745, 1.5511860864677163, 7226129.691558838, 'C5H7O1', 'C4H7N1O4', -1.010402574027161]	[216.0875331024058, 1.8459851257627438, 616207.576171875, 'C9H14N1O5', 97.02963609345532, 49.138890002505235, 7206390.53515625, 'C5H5O2', 'C4H9N1O3', -1.3187557907687357]	[216.0875331024058, 1.8459851257627438, 616207.576171875, 'C9H14N1O5', 69.0346949001858, 22.76271096611005, 6592374.015014648, 'C4H5O1', 'C5H9N1O4', -1.2118202972593266]	[216.0875331024058, 1.8459851257627438, 616207.576171875, 'C9H14N1O5', 147.0301120400169, 36.52274786106223, 6550814.466308594, 'C5H7O5', 'C4H7N1', -1.0290258935246521]	[216.0875331024058, 1.8459851257627438, 616207.576171875, 'C9H14N1O5', 57.03464753523809, 61.970110478227404, 6343395.452774048, 'C3H5O1', 'C6H9N1O4', -1.4181852647351754]	[216.0875331024058, 1.8459851257627438, 616207.576171875, 'C9H14N1O5', 111.04531556946635, 9.53677558364318, 5612311.979736328, 'C6H7O2', 'C3H7N1O3', -1.2141054844547632]	[216.0875331024058, 1.8459851257627438, 616207.576171875, 'C9H14N1O5', 71.05034717123237, 13.97133449540356, 4261359.107666016, 'C4H7O1', 'C5H7N1O4', -1.2130031743190253]	[216.0875331024058, 1.8459851257627438, 616207.576171875, 'C9H14N1O5', 127.04022560374388, 58.908908285890746, 3654489.984375, 'C6H7O3', 'C3H7N1O2', -1.4318001253562662]	[216.0875331024058, 1.8459851257627438, 616207.576171875, 'C9H14N1O5', 97.06602925317733, 1.4026721239169089, 3297853.020629883, 'C6H9O1', 'C3H5N1O4', -1.208593569482494]	[216.0875331024058, 1.8459851257627438, 616207.576171875, 'C9H14N1O5', 145.05081268194772, 52.96452962961185, 3292626.8388671875, 'C6H9O4', 'C3H5N1O1', -1.5544028531263403]	[216.0875331024058, 1.8459851257627438, 616207.576171875, 'C9H14N1O5', 101.06089588337835, 31.060945381568022, 2937536.918823242, 'C5H9O2', 'C4H5N1O3', -1.7145434741578358]	[216.0875331024058, 1.8459851257627438, 616207.576171875, 'C9H14N1O5', 161.0458044216881, 8.066402697230046, 2870981.705078125, 'C6H9O5', 'C3H5N1', -0.5210675221430566]	[216.0875331024058, 1.8459851257627438, 616207.576171875, 'C9H14N1O5', 129.01952035519489, 14.941578877008174, 2794772.7802734375, 'C5H5O4', 'C4H9N1O1', -1.180073113568704]	[216.0875331024058, 1.8459851257627438, 616207.576171875, 'C9H14N1O5', 173.04576396994534, 17.884147648850988, 2447460.41796875, 'C7H9O5', 'C2H5N1', -1.6061527858048534]	[216.0875331024058, 1.8459851257627438, 616207.576171875, 'C9H14N1O5', 125.06092353813813, 10.135006421550328, 2305697.103515625, 'C7H9O2', 'C2H5N1O3', -1.8627886626876557]	[216.0875331024058, 1.8459851257627438, 616207.576171875, 'C9H14N1O5', 95.05039350915173, 5.041555579387845, 2300206.6389160156, 'C6H7O1', 'C3H7N1O4', -1.0706855695675295]	[216.0875331024058, 1.8459851257627438, 616207.576171875, 'C9H14N1O5', 109.02961411822582, 14.394257677805724, 1922514.6027832031, 'C6H5O2', 'C3H9N1O3', -1.6718365701124938]	
372.462372	[365.23306545257583, 39.47485637985841, 700084.0767822266, 'C21H33O5', 319.228349717312, 54.352820700180786, 1676722.615234375, 'C20H31O3', 'C1H2O2', 5.74423425630556]	
281.462124	[215.16476298790744, 26.721371701573204, 572442.3037109375, 'C12H23O3', 0, 0, 0, 'None', 'None', 0]	
777.144	[225.00361329564677, 17.23299687820472, 559942.8327636719, 'C9H5O7', 0, 0, 0, 'None', 'None', 0]	
332.363118	[297.20691391135654, 31.582141055856177, 387857.3662109375, 'C17H29O4', 0, 0, 0, 'None', 'None', 0]	
191.980374	[163.03967320489423, 5.127037715809178, 465067.4306640625, 'C9H7O3', 0, 0, 0, 'None', 'None', 0]	
37.9207548	[267.0721784889621, 1.1824002697492388, 446975.1934814453, 'C9H15O9', 73.02960597295058, 109.20081689950806, 44571203.662597656, 'C3H5O2', 'C6H10O7', -2.177434143968966]	[267.0721784889621, 1.1824002697492388, 446975.1934814453, 'C9H15O9', 59.01394782332958, 97.62533174650122, 28058015.166015625, 'C2H3O2', 'C7H12O7', -2.0699233871572473]	[267.0721784889621, 1.1824002697492388, 446975.1934814453, 'C9H15O9', 85.02963872683087, 13.021567230988413, 23527742.58532715, 'C4H5O2', 'C5H10O7', -2.141043852760521]	[267.0721784889621, 1.1824002697492388, 446975.1934814453, 'C9H15O9', 117.0195207641468, 86.43098066925252, 19668379.6640625, 'C4H5O4', 'C5H10O5', -2.250701154098679]	[267.0721784889621, 1.1824002697492388, 446975.1934814453, 'C9H15O9', 87.04527822965626, 6.608401311782302, 15116855.965332031, 'C4H7O2', 'C5H8O7', -2.1677772675439186]	[267.0721784889621, 1.1824002697492388, 446975.1934814453, 'C9H15O9', 72.99325026715019, 42.03314396258008, 12128086.274414062, 'C2H1O3', 'C7H14O6', -2.0003243798689807]	[267.0721784889621, 1.1824002697492388, 446975.1934814453, 'C9H15O9', 131.03511701863758, 130.13245729001696, 10644949.727539062, 'C5H7O4', 'C4H8O5', -2.877663494335667]	[267.0721784889621, 1.1824002697492388, 446975.1934814453, 'C9H15O9', 115.04023948055253, 10.50992112719167, 9138016.58203125, 'C5H7O3', 'C4H8O6', -2.29561803918505]	[267.0721784889621, 1.1824002697492388, 446975.1934814453, 'C9H15O9', 99.00894628854817, 22.258061179955323, 7949692.798706055, 'C4H3O3', 'C5H12O6', -2.0361348009516833]	[267.0721784889621, 1.1824002697492388, 446975.1934814453, 'C9H15O9', 83.05038868082745, 1.5511860864677163, 7226129.691558838, 'C5H7O1', 'C4H8O8', -2.009583377293581]	[267.0721784889621, 1.1824002697492388, 446975.1934814453, 'C9H15O9', 97.02963609345532, 49.138890002505235, 7206390.53515625, 'C5H5O2', 'C4H10O7', -2.307624594387928]	[267.0721784889621, 1.1824002697492388, 446975.1934814453, 'C9H15O9', 69.0346949001858, 22.76271096611005, 6592374.015014648, 'C4H5O1', 'C5H10O8', -2.088431566521398]	[267.0721784889621, 1.1824002697492388, 446975.1934814453, 'C9H15O9', 147.0301120400169, 36.52274786106223, 6550814.466308594, 'C5H7O5', 'C4H8O4', -2.5528356671745316]	[267.0721784889621, 1.1824002697492388, 446975.1934814453, 'C9H15O9', 57.03464753523809, 61.970110478227404, 6343395.452774048, 'C3H5O1', 'C6H10O8', -2.1946202880897046]	[267.0721784889621, 1.1824002697492388, 446975.1934814453, 'C9H15O9', 111.04531556946635, 9.53677558364318, 5612311.979736328, 'C6H7O2', 'C3H8O7', -2.2619077136318646]	[267.0721784889621, 1.1824002697492388, 446975.1934814453, 'C9H15O9', 71.05034717123237, 13.97133449540356, 4261359.107666016, 'C4H7O1', 'C5H8O8', -2.0983207726856223]	[267.0721784889621, 1.1824002697492388, 446975.1934814453, 'C9H15O9', 127.04022560374388, 58.908908285890746, 3654489.984375, 'C6H7O3', 'C3H8O6', -2.591436561540346]	[267.0721784889621, 1.1824002697492388, 446975.1934814453, 'C9H15O9', 97.06602925317733, 1.4026721239169089, 3297853.020629883, 'C6H9O1', 'C3H6O8', -2.2307114836595363]	[267.0721784889621, 1.1824002697492388, 446975.1934814453, 'C9H15O9', 145.05081268194772, 52.96452962961185, 3292626.8388671875, 'C6H9O4', 'C3H6O5', -2.8339757968501957]	[267.0721784889621, 1.1824002697492388, 446975.1934814453, 'C9H15O9', 101.06089588337835, 31.060945381568022, 2937536.918823242, 'C5H9O2', 'C4H6O7', -2.5456360813885914]	[267.0721784889621, 1.1824002697492388, 446975.1934814453, 'C9H15O9', 161.0458044216881, 8.066402697230046, 2870981.705078125, 'C6H9O5', 'C3H6O4', -2.4905692666285106]	[267.0721784889621, 1.1824002697492388, 446975.1934814453, 'C9H15O9', 129.01952035519489, 14.941578877008174, 2794772.7802734375, 'C5H5O4', 'C4H10O5', -2.449301209563109]	[267.0721784889621, 1.1824002697492388, 446975.1934814453, 'C9H15O9', 173.04576396994534, 17.884147648850988, 2447460.41796875, 'C7H9O5', 'C2H6O4', -3.2386367064041672]	[267.0721784889621, 1.1824002697492388, 446975.1934814453, 'C9H15O9', 125.06092353813813, 10.135006421550328, 2305697.103515625, 'C7H9O2', 'C2H6O7', -2.7811136063826587]	[267.0721784889621, 1.1824002697492388, 446975.1934814453, 'C9H15O9', 109.02961411822582, 14.394257677805724, 1922514.6027832031, 'C6H5O2', 'C3H10O7', -2.6218849773729054]	
37.9207548	[355.1249065596219, 2.3452478482816868, 298788.0244140625, 'C13H23O11', 73.02960597295058, 109.20081689950806, 44571203.662597656, 'C3H5O2', 'C10H18O9', -2.554404106059336]	[355.1249065596219, 2.3452478482816868, 298788.0244140625, 'C13H23O11', 85.02963872683087, 13.021567230988413, 23527742.58532715, 'C4H5O2', 'C9H18O9', -2.528113626168163]	[355.1249065596219, 2.3452478482816868, 298788.0244140625, 'C13H23O11', 117.0195207641468, 86.43098066925252, 19668379.6640625, 'C4H5O4', 'C9H18O7', -2.670221581924084]	[355.1249065596219, 2.3452478482816868, 298788.0244140625, 'C13H23O11', 72.99325026715019, 42.03314396258008, 12128086.274414062, 'C2H1O3', 'C11H22O8', -2.4325212720060745]	[355.1249065596219, 2.3452478482816868, 298788.0244140625, 'C13H23O11', 147.0301120400169, 36.52274786106223, 6550814.466308594, 'C5H7O5', 'C8H16O6', -2.9050133322726737]	[355.1249065596219, 2.3452478482816868, 298788.0244140625, 'C13H23O11', 161.0458044216881, 8.066402697230046, 2870981.705078125, 'C6H9O5', 'C7H14O6', -2.8964297513871413]	[355.1249065596219, 2.3452478482816868, 298788.0244140625, 'C13H23O11', 173.04576396994534, 17.884147648850988, 2447460.41796875, 'C7H9O5', 'C6H14O6', -3.309484069508091]	
37.9207548	[177.07652249232922, 24.071931699311406, 689757.1274414062, 'C7H13O5', 73.02960597295058, 109.20081689950806, 44571203.662597656, 'C3H5O2', 'C4H8O3', -0.7354279538847447]	[177.07652249232922, 24.071931699311406, 689757.1274414062, 'C7H13O5', 85.02963872683087, 13.021567230988413, 23527742.58532715, 'C4H5O2', 'C3H8O3', -0.47546705356306546]	[177.07652249232922, 24.071931699311406, 689757.1274414062, 'C7H13O5', 117.0195207641468, 86.43098066925252, 19668379.6640625, 'C4H5O4', 'C3H8O1', 0.13773162963235883]	[177.07652249232922, 24.071931699311406, 689757.1274414062, 'C7H13O5', 87.04527822965626, 6.608401311782302, 15116855.965332031, 'C4H7O2', 'C3H6O3', -0.4916340710765891]	[177.07652249232922, 24.071931699311406, 689757.1274414062, 'C7H13O5', 72.99325026715019, 42.03314396258008, 12128086.274414062, 'C2H1O3', 'C5H12O2', -0.4056845570353721]	[177.07652249232922, 24.071931699311406, 689757.1274414062, 'C7H13O5', 131.03511701863758, 130.13245729001696, 10644949.727539062, 'C5H7O4', 'C2H6O1', -0.9876587681283471]	[177.07652249232922, 24.071931699311406, 689757.1274414062, 'C7H13O5', 115.04023948055253, 10.50992112719167, 9138016.58203125, 'C5H7O3', 'C2H6O2', -0.04854824097795831]	[177.07652249232922, 24.071931699311406, 689757.1274414062, 'C7H13O5', 99.00894628854817, 22.258061179955323, 7949692.798706055, 'C4H3O3', 'C3H10O2', 0.04862703338779572]	[177.07652249232922, 24.071931699311406, 689757.1274414062, 'C7H13O5', 83.05038868082745, 1.5511860864677163, 7226129.691558838, 'C5H7O1', 'C2H6O4', -0.2532420953202928]	[177.07652249232922, 24.071931699311406, 689757.1274414062, 'C7H13O5', 97.02963609345532, 49.138890002505235, 7206390.53515625, 'C5H5O2', 'C2H8O3', -0.454716581514909]	[177.07652249232922, 24.071931699311406, 689757.1274414062, 'C7H13O5', 69.0346949001858, 22.76271096611005, 6592374.015014648, 'C4H5O1', 'C3H8O4', -0.6256079902205122]	[177.07652249232922, 24.071931699311406, 689757.1274414062, 'C7H13O5', 147.0301120400169, 36.52274786106223, 6550814.466308594, 'C5H7O5', 'C2H6', 1.3161981406779135]	[177.07652249232922, 24.071931699311406, 689757.1274414062, 'C7H13O5', 57.03464753523809, 61.970110478227404, 6343395.452774048, 'C3H5O1', 'C4H8O4', -0.9576375939676911]	[177.07652249232922, 24.071931699311406, 689757.1274414062, 'C7H13O5', 111.04531556946635, 9.53677558364318, 5612311.979736328, 'C6H7O2', 'C1H6O3', -0.2562838923582549]	[177.07652249232922, 24.071931699311406, 689757.1274414062, 'C7H13O5', 71.05034717123237, 13.97133449540356, 4261359.107666016, 'C4H7O1', 'C3H6O4', -0.616081723236665]	[177.07652249232922, 24.071931699311406, 689757.1274414062, 'C7H13O5', 127.04022560374388, 58.908908285890746, 3654489.984375, 'C6H7O3', 'C1H6O2', -0.3375233106999427]	[177.07652249232922, 24.071931699311406, 689757.1274414062, 'C7H13O5', 97.06602925317733, 1.4026721239169089, 3297853.020629883, 'C6H9O1', 'C1H4O4', -0.415432311785248]	[177.07652249232922, 24.071931699311406, 689757.1274414062, 'C7H13O5', 145.05081268194772, 52.96452962961185, 3292626.8388671875, 'C6H9O4', 'C1H4O1', 0.00592072861655535]	[177.07652249232922, 24.071931699311406, 689757.1274414062, 'C7H13O5', 101.06089588337835, 31.060945381568022, 2937536.918823242, 'C5H9O2', 'C2H4O3', -1.1393496976207276]	[177.07652249232922, 24.071931699311406, 689757.1274414062, 'C7H13O5', 161.0458044216881, 8.066402697230046, 2870981.705078125, 'C6H9O5', 'C1H4', 5.110613462262764]	[177.07652249232922, 24.071931699311406, 689757.1274414062, 'C7H13O5', 129.01952035519489, 14.941578877008174, 2794772.7802734375, 'C5H5O4', 'C2H8O1', 0.3716977551252559]	[177.07652249232922, 24.071931699311406, 689757.1274414062, 'C7H13O5', 173.04576396994534, 17.884147648850988, 2447460.41796875, 'C7H9O5', 'H4', 10.288999302015922]	[177.07652249232922, 24.071931699311406, 689757.1274414062, 'C7H13O5', 125.06092353813813, 10.135006421550328, 2305697.103515625, 'C7H9O2', 'H4O3', -0.9411353807376879]	[177.07652249232922, 24.071931699311406, 689757.1274414062, 'C7H13O5', 95.05039350915173, 5.041555579387845, 2300206.6389160156, 'C6H7O1', 'C1H6O4', -0.23142700996735405]	[177.07652249232922, 24.071931699311406, 689757.1274414062, 'C7H13O5', 109.02961411822582, 14.394257677805724, 1922514.6027832031, 'C6H5O2', 'C1H8O3', -0.8578446233037644]	[177.07652249232922, 24.071931699311406, 689757.1274414062, 'C7H13O5', 159.03016744293618, 29.84605226528925, 1698685.85546875, 'C6H7O5', 'C1H6', 5.261338149917967]	
334.792122	[227.16519939202394, 4.426157618285963, 474101.67041015625, 'C13H23O3', 0, 0, 0, 'None', 'None', 0]	
303.20862	[213.14925926204512, 21.013229988990574, 427285.8779296875, 'C12H21O3', 195.13935253120698, 24.49400184567783, 1591702.6201171875, 'C12H19O2', 'H2O1', 8.510033346504075]	
421.02612	[237.04047227419252, 1.6732206239225769, 236874.767578125, 'C12H13O1S2', 0, 0, 0, 'None', 'None', 0]	
421.02612	[393.1581805836442, 1.4561281424196486, 564462.9560546875, 'C17H29O8S1', 96.96023875410084, 71.68987741419309, 388250731.015625, 'H1O4S1', 'C17H28O4', 1.0741800485918531]	[393.1581805836442, 1.4561281424196486, 564462.9560546875, 'C17H29O8S1', 79.95750506657369, 298.37319655118324, 116928795.60351562, 'O3S1', 'C17H29O5', 1.036020790676282]	[393.1581805836442, 1.4561281424196486, 564462.9560546875, 'C17H29O8S1', 80.96528429233467, 23.675136716416525, 36180734.97265625, 'H1O3S1', 'C17H28O5', 0.8767279953302394]	[393.1581805836442, 1.4561281424196486, 564462.9560546875, 'C17H29O8S1', 59.01395912348164, 1.658054143693776, 13848268.485839844, 'C2H3O2', 'C15H26O6S1', 0.8695029991659307]	[393.1581805836442, 1.4561281424196486, 564462.9560546875, 'C17H29O8S1', 87.00890957098883, 19.007134949332922, 13347165.058288574, 'C3H3O3', 'C14H26O5S1', 1.0419323311720614]	[393.1581805836442, 1.4561281424196486, 564462.9560546875, 'C17H29O8S1', 121.0296722541165, 18.144985974381083, 5486268.68359375, 'C7H5O2', 'C10H24O6S1', 1.2996426750721974]	[393.1581805836442, 1.4561281424196486, 564462.9560546875, 'C17H29O8S1', 119.03513258189177, 6.588260289203008, 3230112.4350585938, 'C4H7O4', 'C13H22O4S1', 1.2184223136550354]	[393.1581805836442, 1.4561281424196486, 564462.9560546875, 'C17H29O8S1', 83.05040760735113, 3.9622940116894885, 2252106.37890625, 'C5H7O1', 'C12H22O7S1', 1.1190404680007662]	
36.708879	[165.0764667726743, 11.639744373916685, 628086.7275390625, 'C6H13O5', 73.02960855202292, 146.03474964993816, 44997003.890625, 'C3H5O2', 'C3H8O3', -0.19794866182306822]	[165.0764667726743, 11.639744373916685, 628086.7275390625, 'C6H13O5', 59.013951981316204, 138.1475664654645, 35294189.396484375, 'C2H3O2', 'C4H10O3', -0.13945820912738907]	[165.0764667726743, 11.639744373916685, 628086.7275390625, 'C6H13O5', 85.02965661949129, 33.7791980043634, 25403492.625, 'C4H5O2', 'C2H8O3', 0.49779083018072157]	[165.0764667726743, 11.639744373916685, 628086.7275390625, 'C6H13O5', 117.01953798093243, 80.94624972863976, 20233835.134277344, 'C4H5O4', 'C2H8O1', 1.8979013319174325]	[165.0764667726743, 11.639744373916685, 628086.7275390625, 'C6H13O5', 72.99325463926961, 44.597903975758115, 12848922.135131836, 'C2H1O3', 'C4H12O2', 0.19402557614354318]	[165.0764667726743, 11.639744373916685, 628086.7275390625, 'C6H13O5', 131.0351429078624, 126.10357995497127, 12310377.954467773, 'C5H7O4', 'C1H6O1', 1.3552501848620413]	[165.0764667726743, 11.639744373916685, 628086.7275390625, 'C6H13O5', 115.0402450662677, 10.50992112719167, 9829655.182128906, 'C5H7O3', 'C1H6O2', 1.1650162401254531]	[165.0764667726743, 11.639744373916685, 628086.7275390625, 'C6H13O5', 147.030188646472, 36.52274786106223, 7639232.366699219, 'C5H7O5', 'C1H6', 9.523794025071979]	[165.0764667726743, 11.639744373916685, 628086.7275390625, 'C6H13O5', 119.03515233944567, 25.656493621635164, 7152559.185058594, 'C4H7O4', 'C2H6O1', 0.989682355556213]	[165.0764667726743, 11.639744373916685, 628086.7275390625, 'C6H13O5', 151.06146627709538, 25.210861815319568, 3746415.6103515625, 'C5H11O5', 'C1H2', 10.667076863650273]	[165.0764667726743, 11.639744373916685, 628086.7275390625, 'C6H13O5', 129.05590737940747, 22.828812645062435, 3710389.4765625, 'C6H9O3', 'H4O2', 1.9601514877659154]	[165.0764667726743, 11.639744373916685, 628086.7275390625, 'C6H13O5', 145.0508456457523, 57.23412949444499, 3569196.419921875, 'C6H9O4', 'H4O1', 4.937205631011876]	[165.0764667726743, 11.639744373916685, 628086.7275390625, 'C6H13O5', 147.06656269061523, 1.0765312111269132, 2358820.3208007812, 'C6H11O4', 'H2O1', 8.657103983472]	[165.0764667726743, 11.639744373916685, 628086.7275390625, 'C6H13O5', 133.05077208426982, 9.950992420856645, 1835347.80078125, 'C5H9O4', 'C1H4O1', 0.4780959979936384]	[165.0764667726743, 11.639744373916685, 628086.7275390625, 'C6H13O5', 159.0299863541047, 29.84605226528925, 1617575.755859375, 'C6H7O5', 'H6', -5.030373427661973]	
162.896754	[311.14950822003954, 4.729122409050916, 275613.8708496094, 'C16H23O6', 0, 0, 0, 'None', 'None', 0]	
36.708879	[327.0930184142662, 41.37344699289339, 635115.6967773438, 'C11H19O11', 73.02960855202292, 146.03474964993816, 44997003.890625, 'C3H5O2', 'C8H14O9', -0.5111400645395254]	[327.0930184142662, 41.37344699289339, 635115.6967773438, 'C11H19O11', 85.02965661949129, 33.7791980043634, 25403492.625, 'C4H5O2', 'C7H14O9', -0.31725006108529974]	[327.0930184142662, 41.37344699289339, 635115.6967773438, 'C11H19O11', 117.01953798093243, 80.94624972863976, 20233835.134277344, 'C4H5O4', 'C7H14O7', -0.14486960130925208]	[327.0930184142662, 41.37344699289339, 635115.6967773438, 'C11H19O11', 87.04529321590276, 6.608401311782302, 16498369.26171875, 'C4H7O2', 'C7H12O9', -0.37575101166320896]	[327.0930184142662, 41.37344699289339, 635115.6967773438, 'C11H19O11', 72.99325463926961, 44.597903975758115, 12848922.135131836, 'C2H1O3', 'C9H18O8', -0.36904722267963963]	[327.0930184142662, 41.37344699289339, 635115.6967773438, 'C11H19O11', 131.0351429078624, 126.10357995497127, 12310377.954467773, 'C5H7O4', 'C6H12O7', -0.3851220516458127]	[327.0930184142662, 41.37344699289339, 635115.6967773438, 'C11H19O11', 115.0402450662677, 10.50992112719167, 9829655.182128906, 'C5H7O3', 'C6H12O8', -0.2515782834862432]	[327.0930184142662, 41.37344699289339, 635115.6967773438, 'C11H19O11', 147.030188646472, 36.52274786106223, 7639232.366699219, 'C5H7O5', 'C6H12O6', 0.3345056756457259]	[327.0930184142662, 41.37344699289339, 635115.6967773438, 'C11H19O11', 119.03515233944567, 25.656493621635164, 7152559.185058594, 'C4H7O4', 'C7H12O7', -0.31757829194761944]	[327.0930184142662, 41.37344699289339, 635115.6967773438, 'C11H19O11', 161.04581134939306, 8.066402697230046, 3990899.5916748047, 'C6H9O5', 'C5H10O6', 0.19834737519410564]	[327.0930184142662, 41.37344699289339, 635115.6967773438, 'C11H19O11', 187.06146258755663, 10.077150947336179, 3871083.0341796875, 'C8H11O5', 'C3H8O6', 0.244039053976375]	[327.0930184142662, 41.37344699289339, 635115.6967773438, 'C11H19O11', 129.05590737940747, 22.828812645062435, 3710389.4765625, 'C6H9O3', 'C5H10O8', -0.20720740135769528]	[327.0930184142662, 41.37344699289339, 635115.6967773438, 'C11H19O11', 145.0508456457523, 57.23412949444499, 3569196.419921875, 'C6H9O4', 'C5H10O7', -0.12507239953502922]	[327.0930184142662, 41.37344699289339, 635115.6967773438, 'C11H19O11', 173.04571637837591, 31.13832450748189, 3149949.9609375, 'C7H9O5', 'C4H10O6', -0.40270545554756754]	[327.0930184142662, 41.37344699289339, 635115.6967773438, 'C11H19O11', 147.06656269061523, 1.0765312111269132, 2358820.3208007812, 'C6H11O4', 'C5H8O7', 0.30149012288961735]	
256.064748	[221.0455643014849, 1.819976822882651, 323547.8984375, 'C11H9O5', 0, 0, 0, 'None', 'None', 0]	
63.927258	[363.12926494936966, 5.269617198024585, 513809.3796386719, 'C15H23O10', 97.02966125012689, 11.644774985643464, 8186117.826660156, 'C5H5O2', 'C10H18O8', 0.2491572017597784]	[363.12926494936966, 5.269617198024585, 513809.3796386719, 'C15H23O10', 159.0301921152083, 13.66832168328102, 3675596.7963867188, 'C6H7O5', 'C9H16O5', 1.0150233819563301]	[363.12926494936966, 5.269617198024585, 513809.3796386719, 'C15H23O10', 175.06147134169754, 24.672368368290567, 2435254.060546875, 'C7H11O5', 'C8H12O5', 0.9379163521056522]	
37.9207548	[309.0822459282185, 16.570912559375905, 612929.7836914062, 'C11H17O10', 73.02960597295058, 109.20081689950806, 44571203.662597656, 'C3H5O2', 'C8H12O8', 0.33909623946523687]	[309.0822459282185, 16.570912559375905, 612929.7836914062, 'C11H17O10', 85.02963872683087, 13.021567230988413, 23527742.58532715, 'C4H5O2', 'C7H12O8', 0.5034458738742871]	[309.0822459282185, 16.570912559375905, 612929.7836914062, 'C11H17O10', 117.0195207641468, 86.43098066925252, 19668379.6640625, 'C4H5O4', 'C7H12O6', 0.8582378441349025]	[309.0822459282185, 16.570912559375905, 612929.7836914062, 'C11H17O10', 87.04527822965626, 6.608401311782302, 15116855.965332031, 'C4H7O2', 'C7H10O8', 0.460739526575573]	[309.0822459282185, 16.570912559375905, 612929.7836914062, 'C11H17O10', 72.99325026715019, 42.03314396258008, 12128086.274414062, 'C2H1O3', 'C9H16O7', 0.4419465227427797]	[309.0822459282185, 16.570912559375905, 612929.7836914062, 'C11H17O10', 131.03511701863758, 130.13245729001696, 10644949.727539062, 'C5H7O4', 'C6H10O6', 0.623936526133806]	[309.0822459282185, 16.570912559375905, 612929.7836914062, 'C11H17O10', 115.04023948055253, 10.50992112719167, 9138016.58203125, 'C5H7O3', 'C6H10O7', 0.7397983909074003]	[309.0822459282185, 16.570912559375905, 612929.7836914062, 'C11H17O10', 99.00894628854817, 22.258061179955323, 7949692.798706055, 'C4H3O3', 'C7H14O7', 0.715750036003762]	[309.0822459282185, 16.570912559375905, 612929.7836914062, 'C11H17O10', 147.0301120400169, 36.52274786106223, 6550814.466308594, 'C5H7O5', 'C6H10O5', 1.1484651246038942]	[309.0822459282185, 16.570912559375905, 612929.7836914062, 'C11H17O10', 57.03464753523809, 61.970110478227404, 6343395.452774048, 'C3H5O1', 'C8H12O9', 0.14523822958542623]	[309.0822459282185, 16.570912559375905, 612929.7836914062, 'C11H17O10', 111.04531556946635, 9.53677558364318, 5612311.979736328, 'C6H7O2', 'C5H10O8', 0.7051255289892264]	[309.0822459282185, 16.570912559375905, 612929.7836914062, 'C11H17O10', 71.05034717123237, 13.97133449540356, 4261359.107666016, 'C4H7O1', 'C7H10O9', 0.3623162826511618]	[309.0822459282185, 16.570912559375905, 612929.7836914062, 'C11H17O10', 127.04022560374388, 58.908908285890746, 3654489.984375, 'C6H7O3', 'C5H10O7', 0.7123364647257269]	[309.0822459282185, 16.570912559375905, 612929.7836914062, 'C11H17O10', 97.06602925317733, 1.4026721239169089, 3297853.020629883, 'C6H9O1', 'C5H8O9', 0.5816756374455083]	[309.0822459282185, 16.570912559375905, 612929.7836914062, 'C11H17O10', 145.05081268194772, 52.96452962961185, 3292626.8388671875, 'C6H9O4', 'C5H8O6', 0.955629346752251]	[309.0822459282185, 16.570912559375905, 612929.7836914062, 'C11H17O10', 101.06089588337835, 31.060945381568022, 2937536.918823242, 'C5H9O2', 'C6H8O8', 0.3362875573654203]	[309.0822459282185, 16.570912559375905, 612929.7836914062, 'C11H17O10', 161.0458044216881, 8.066402697230046, 2870981.705078125, 'C6H9O5', 'C5H8O5', 1.5434895321862288]	[309.0822459282185, 16.570912559375905, 612929.7836914062, 'C11H17O10', 129.01952035519489, 14.941578877008174, 2794772.7802734375, 'C5H5O4', 'C6H12O6', 0.913162450830786]	[309.0822459282185, 16.570912559375905, 612929.7836914062, 'C11H17O10', 173.04576396994534, 17.884147648850988, 2447460.41796875, 'C7H9O5', 'C4H8O5', 1.3822838769482733]	
37.9207548	[353.1087585757188, 7.349046984558531, 425688.462890625, 'C13H21O11', 73.02960597295058, 109.20081689950806, 44571203.662597656, 'C3H5O2', 'C10H16O9', -0.7769317270298748]	[353.1087585757188, 7.349046984558531, 425688.462890625, 'C13H21O11', 85.02963872683087, 13.021567230988413, 23527742.58532715, 'C4H5O2', 'C9H16O9', -0.7081809801466794]	[353.1087585757188, 7.349046984558531, 425688.462890625, 'C13H21O11', 117.0195207641468, 86.43098066925252, 19668379.6640625, 'C4H5O4', 'C9H16O7', -0.5837253802991115]	[353.1087585757188, 7.349046984558531, 425688.462890625, 'C13H21O11', 87.04527822965626, 6.608401311782302, 15116855.965332031, 'C4H7O2', 'C9H14O9', -0.7529995689484361]	[353.1087585757188, 7.349046984558531, 425688.462890625, 'C13H21O11', 72.99325026715019, 42.03314396258008, 12128086.274414062, 'C2H1O3', 'C11H20O8', -0.6722520778500843]	[353.1087585757188, 7.349046984558531, 425688.462890625, 'C13H21O11', 131.03511701863758, 130.13245729001696, 10644949.727539062, 'C5H7O4', 'C8H14O7', -0.8625816579988645]	[353.1087585757188, 7.349046984558531, 425688.462890625, 'C13H21O11', 115.04023948055253, 10.50992112719167, 9138016.58203125, 'C5H7O3', 'C8H14O8', -0.6262686628317257]	[353.1087585757188, 7.349046984558531, 425688.462890625, 'C13H21O11', 99.00894628854817, 22.258061179955323, 7949692.798706055, 'C4H3O3', 'C9H18O8', -0.5599645641980399]	[353.1087585757188, 7.349046984558531, 425688.462890625, 'C13H21O11', 147.0301120400169, 36.52274786106223, 6550814.466308594, 'C5H7O5', 'C8H14O6', -0.5169649802424483]	[353.1087585757188, 7.349046984558531, 425688.462890625, 'C13H21O11', 145.05081268194772, 52.96452962961185, 3292626.8388671875, 'C6H9O4', 'C7H12O7', -0.7012153265387425]	[353.1087585757188, 7.349046984558531, 425688.462890625, 'C13H21O11', 101.06089588337835, 31.060945381568022, 2937536.918823242, 'C5H9O2', 'C8H12O9', -0.9033676633047734]	[353.1087585757188, 7.349046984558531, 425688.462890625, 'C13H21O11', 161.0458044216881, 8.066402697230046, 2870981.705078125, 'C6H9O5', 'C7H12O6', -0.3340251844287231]	[353.1087585757188, 7.349046984558531, 425688.462890625, 'C13H21O11', 129.01952035519489, 14.941578877008174, 2794772.7802734375, 'C5H5O4', 'C8H16O7', -0.6168088062399654]	[353.1087585757188, 7.349046984558531, 425688.462890625, 'C13H21O11', 173.04576396994534, 17.884147648850988, 2447460.41796875, 'C7H9O5', 'C6H12O6', -0.5809382611806438]	
138.747378	[223.02429697560868, 6.191380671485059, 409319.52307128906, 'C10H7O6', 83.01397839239016, 4.261232246595964, 3152514.2907714844, 'C4H3O2', 'C6H4O4', 1.0100418162954892]	
561.566742	[223.06086075794414, 3.523177121601913, 362197.8271484375, 'C11H11O5', 0, 0, 0, 'None', 'None', 0]	
88.349502	[349.11384805376827, 3.886094204706724, 396041.2900390625, 'C14H21O10', 125.06096806630867, 176.17788830995886, 83272477.2890625, 'C7H9O2', 'C7H12O8', -0.7140595673107476]	[349.11384805376827, 3.886094204706724, 396041.2900390625, 'C14H21O10', 187.0615140625314, 225.75469728964654, 24567267.88305664, 'C8H11O5', 'C6H10O5', -0.08633750194255513]	[349.11384805376827, 3.886094204706724, 396041.2900390625, 'C14H21O10', 127.04026385784697, 96.78956043151649, 9464205.833984375, 'C6H7O3', 'C8H14O7', -0.6042844745369838]	
98.144376	[317.1601599704638, 4.830636001359828, 362589.455078125, 'C15H25O7', 0, 0, 0, 'None', 'None', 0]	
468.05625	[271.1557241498378, 6.160644670700766, 256786.5048828125, 'C15H27S2', 0, 0, 0, 'None', 'None', 0]	
37.9207548	[337.1137840233244, 29.2156223285045, 464289.52001953125, 'C13H21O10', 73.02960597295058, 109.20081689950806, 44571203.662597656, 'C3H5O2', 'C10H16O8', -0.5984836945140284]	[337.1137840233244, 29.2156223285045, 464289.52001953125, 'C13H21O10', 85.02963872683087, 13.021567230988413, 23527742.58532715, 'C4H5O2', 'C9H16O8', -0.4970413544574613]	[337.1137840233244, 29.2156223285045, 464289.52001953125, 'C13H21O10', 117.0195207641468, 86.43098066925252, 19668379.6640625, 'C4H5O4', 'C9H16O6', -0.33285288786380995]	[337.1137840233244, 29.2156223285045, 464289.52001953125, 'C13H21O10', 87.04527822965626, 6.608401311782302, 15116855.965332031, 'C4H7O2', 'C9H14O8', -0.5430247850047308]	[337.1137840233244, 29.2156223285045, 464289.52001953125, 'C13H21O10', 72.99325026715019, 42.03314396258008, 12128086.274414062, 'C2H1O3', 'C11H20O7', -0.4874892861615428]	[337.1137840233244, 29.2156223285045, 464289.52001953125, 'C13H21O10', 131.03511701863758, 130.13245729001696, 10644949.727539062, 'C5H7O4', 'C8H14O6', -0.616290761764659]	[337.1137840233244, 29.2156223285045, 464289.52001953125, 'C13H21O10', 115.04023948055253, 10.50992112719167, 9138016.58203125, 'C5H7O3', 'C8H14O7', -0.42572634745488475]	[337.1137840233244, 29.2156223285045, 464289.52001953125, 'C13H21O10', 99.00894628854817, 22.258061179955323, 7949692.798706055, 'C4H3O3', 'C9H18O7', -0.3684704300880228]	[337.1137840233244, 29.2156223285045, 464289.52001953125, 'C13H21O10', 83.05038868082745, 1.5511860864677163, 7226129.691558838, 'C5H7O1', 'C8H14O9', -0.45399011451327725]	[337.1137840233244, 29.2156223285045, 464289.52001953125, 'C13H21O10', 97.02963609345532, 49.138890002505235, 7206390.53515625, 'C5H5O2', 'C8H16O8', -0.5328531838876164]	[337.1137840233244, 29.2156223285045, 464289.52001953125, 'C13H21O10', 69.0346949001858, 22.76271096611005, 6592374.015014648, 'C4H5O1', 'C9H16O9', -0.5935667803275245]	[337.1137840233244, 29.2156223285045, 464289.52001953125, 'C13H21O10', 147.0301120400169, 36.52274786106223, 6550814.466308594, 'C5H7O5', 'C8H14O5', -0.2734752028206237]	[337.1137840233244, 29.2156223285045, 464289.52001953125, 'C13H21O10', 57.03464753523809, 61.970110478227404, 6343395.452774048, 'C3H5O1', 'C10H16O9', -0.7193957005615816]	[337.1137840233244, 29.2156223285045, 464289.52001953125, 'C13H21O10', 111.04531556946635, 9.53677558364318, 5612311.979736328, 'C6H7O2', 'C7H14O8', -0.43550363718159246]	[337.1137840233244, 29.2156223285045, 464289.52001953125, 'C13H21O10', 71.05034717123237, 13.97133449540356, 4261359.107666016, 'C4H7O1', 'C9H14O9', -0.5895278174875372]	[337.1137840233244, 29.2156223285045, 464289.52001953125, 'C13H21O10', 127.04022560374388, 58.908908285890746, 3654489.984375, 'C6H7O3', 'C7H14O7', -0.5161017088131176]	[337.1137840233244, 29.2156223285045, 464289.52001953125, 'C13H21O10', 97.06602925317733, 1.4026721239169089, 3297853.020629883, 'C6H9O1', 'C7H12O9', -0.4989419613416934]	[337.1137840233244, 29.2156223285045, 464289.52001953125, 'C13H21O10', 145.05081268194772, 52.96452962961185, 3292626.8388671875, 'C6H9O4', 'C7H12O6', -0.4235129986072662]	[337.1137840233244, 29.2156223285045, 464289.52001953125, 'C13H21O10', 101.06089588337835, 31.060945381568022, 2937536.918823242, 'C5H9O2', 'C8H12O8', -0.7122962620940224]	[337.1137840233244, 29.2156223285045, 464289.52001953125, 'C13H21O10', 161.0458044216881, 8.066402697230046, 2870981.705078125, 'C6H9O5', 'C7H12O5', -0.0545335332870438]	[337.1137840233244, 29.2156223285045, 464289.52001953125, 'C13H21O10', 129.01952035519489, 14.941578877008174, 2794772.7802734375, 'C5H5O4', 'C8H16O6', -0.3540124133332611]	[337.1137840233244, 29.2156223285045, 464289.52001953125, 'C13H21O10', 173.04576396994534, 17.884147648850988, 2447460.41796875, 'C7H9O5', 'C6H12O5', -0.3050760684587203]	[337.1137840233244, 29.2156223285045, 464289.52001953125, 'C13H21O10', 125.06092353813813, 10.135006421550328, 2305697.103515625, 'C7H9O2', 'C6H12O8', -0.6624992215585782]	[337.1137840233244, 29.2156223285045, 464289.52001953125, 'C13H21O10', 95.05039350915173, 5.041555579387845, 2300206.6389160156, 'C6H7O1', 'C7H14O9', -0.43589389747338275]	[337.1137840233244, 29.2156223285045, 464289.52001953125, 'C13H21O10', 109.02961411822582, 14.394257677805724, 1922514.6027832031, 'C6H5O2', 'C7H16O8', -0.6572344324128958]	
428.29137	[339.1287394851736, 1.8168655946862247, 373549.31423950195, 'C13H23O10', 0, 0, 0, 'None', 'None', 0]	
422.230866	[319.2277055147101, 6.072805746986988, 510064.9521484375, 'C20H31O3', 121.02965308811964, 5.920522244035421, 4945619.65625, 'C7H5O2', 'C13H26O1', -0.9708778803751953]	
37.9207548	[349.1138963557234, 28.111405688245014, 550164.3916015625, 'C15H25O5S2', 73.02960597295058, 109.20081689950806, 44571203.662597656, 'C3H5O2', 'C12H20O3S2', 2.1682368898704687]	[349.1138963557234, 28.111405688245014, 550164.3916015625, 'C15H25O5S2', 85.02963872683087, 13.021567230988413, 23527742.58532715, 'C4H5O2', 'C11H20O3S2', 2.3907896584298935]	[349.1138963557234, 28.111405688245014, 550164.3916015625, 'C15H25O5S2', 117.0195207641468, 86.43098066925252, 19668379.6640625, 'C4H5O4', 'C11H20O1S2', 2.948830394011478]	[349.1138963557234, 28.111405688245014, 550164.3916015625, 'C15H25O5S2', 87.04527822965626, 6.608401311782302, 15116855.965332031, 'C4H7O2', 'C11H18O3S2', 2.3691228381136353]	[349.1138963557234, 28.111405688245014, 550164.3916015625, 'C15H25O5S2', 72.99325026715019, 42.03314396258008, 12128086.274414062, 'C2H1O3', 'C13H24O2S2', 2.274043244108344]	[349.1138963557234, 28.111405688245014, 550164.3916015625, 'C15H25O5S2', 131.03511701863758, 130.13245729001696, 10644949.727539062, 'C5H7O4', 'C10H18O1S2', 2.8918974609675407]	[349.1138963557234, 28.111405688245014, 550164.3916015625, 'C15H25O5S2', 115.04023948055253, 10.50992112719167, 9138016.58203125, 'C5H7O3', 'C10H18O2S2', 2.832968995800686]	[349.1138963557234, 28.111405688245014, 550164.3916015625, 'C15H25O5S2', 99.00894628854817, 22.258061179955323, 7949692.798706055, 'C4H3O3', 'C11H22O2S2', 2.6945947183509062]	[349.1138963557234, 28.111405688245014, 550164.3916015625, 'C15H25O5S2', 83.05038868082745, 1.5511860864677163, 7226129.691558838, 'C5H7O1', 'C10H18O4S2', 2.414175106350647]	[349.1138963557234, 28.111405688245014, 550164.3916015625, 'C15H25O5S2', 69.0346949001858, 22.76271096611005, 6592374.015014648, 'C4H5O1', 'C11H20O4S2', 2.151332136148758]	[349.1138963557234, 28.111405688245014, 550164.3916015625, 'C15H25O5S2', 147.0301120400169, 36.52274786106223, 6550814.466308594, 'C5H7O5', 'C10H18S2', 3.4920295553744833]	[349.1138963557234, 28.111405688245014, 550164.3916015625, 'C15H25O5S2', 57.03464753523809, 61.970110478227404, 6343395.452774048, 'C3H5O1', 'C12H20O4S2', 1.8870856913421195]	[349.1138963557234, 28.111405688245014, 550164.3916015625, 'C15H25O5S2', 111.04531556946635, 9.53677558364318, 5612311.979736328, 'C6H7O2', 'C9H18O3S2', 2.769001924989921]	[349.1138963557234, 28.111405688245014, 550164.3916015625, 'C15H25O5S2', 71.05034717123237, 13.97133449540356, 4261359.107666016, 'C4H7O1', 'C11H18O4S2', 2.1750942301992957]	[349.1138963557234, 28.111405688245014, 550164.3916015625, 'C15H25O5S2', 127.04022560374388, 58.908908285890746, 3654489.984375, 'C6H7O3', 'C9H18O2S2', 2.923563862772335]	[349.1138963557234, 28.111405688245014, 550164.3916015625, 'C15H25O5S2', 97.06602925317733, 1.4026721239169089, 3297853.020629883, 'C6H9O1', 'C9H16O4S2', 2.5110158864736225]	[349.1138963557234, 28.111405688245014, 550164.3916015625, 'C15H25O5S2', 145.05081268194772, 52.96452962961185, 3292626.8388671875, 'C6H9O4', 'C9H16O1S2', 3.314291615126038]	[349.1138963557234, 28.111405688245014, 550164.3916015625, 'C15H25O5S2', 101.06089588337835, 31.060945381568022, 2937536.918823242, 'C5H9O2', 'C10H16O3S2', 2.372583550921097]	[349.1138963557234, 28.111405688245014, 550164.3916015625, 'C15H25O5S2', 161.0458044216881, 8.066402697230046, 2870981.705078125, 'C6H9O5', 'C9H16S2', 3.977623041868267]	[349.1138963557234, 28.111405688245014, 550164.3916015625, 'C15H25O5S2', 129.01952035519489, 14.941578877008174, 2794772.7802734375, 'C5H5O4', 'C10H20O1S2', 3.107748276263646]	[349.1138963557234, 28.111405688245014, 550164.3916015625, 'C15H25O5S2', 173.04576396994534, 17.884147648850988, 2447460.41796875, 'C7H9O5', 'C8H16S2', 4.018968128380409]	
590.823492	[341.26970386180756, 21.040734455594194, 317217.3778991699, 'C20H37O4', 0, 0, 0, 'None', 'None', 0]	
121.460754	[217.1442357868605, 3.7490943042060474, 344907.85723876953, 'C11H21O4', 0, 0, 0, 'None', 'None', 0]	
372.462372	[309.2066052160764, 34.83982213325912, 260872.14013671875, 'C18H29O4', 0, 0, 0, 'None', 'None', 0]	
98.144376	[274.0938427339498, 1.5139219015404013, 226306.35009765625, 'C12H20N1O2S2', 0, 0, 0, 'None', 'None', 0]	
475.237992	[285.2070164804327, 1.1079144571216082, 457578.021484375, 'C16H29O4', 0, 0, 0, 'None', 'None', 0]	
117.766254	[223.09730478858148, 7.3294974946913936, 457603.46728515625, 'C12H15O4', 0, 0, 0, 'None', 'None', 0]	
303.20862	[229.18043701901186, 6.158375339551082, 349226.9562988281, 'C13H25O3', 0, 0, 0, 'None', 'None', 0]	
37.9207548	[174.07677778145552, 2.663992485545664, 312717.9763183594, 'C7H12N1O4', 73.02960597295058, 109.20081689950806, 44571203.662597656, 'C3H5O2', 'C4H7N1O2', 0.08106564860912405]	[174.07677778145552, 2.663992485545664, 312717.9763183594, 'C7H12N1O4', 59.01394782332958, 97.62533174650122, 28058015.166015625, 'C2H3O2', 'C5H9N1O2', 0.00036392172536260046]	[174.07677778145552, 2.663992485545664, 312717.9763183594, 'C7H12N1O4', 85.02963872683087, 13.021567230988413, 23527742.58532715, 'C4H5O2', 'C3H7N1O2', 0.45981427223636245]	[174.07677778145552, 2.663992485545664, 312717.9763183594, 'C7H12N1O4', 87.04527822965626, 6.608401311782302, 15116855.965332031, 'C4H7O2', 'C3H5N1O2', 0.3498506400323393]	[174.07677778145552, 2.663992485545664, 312717.9763183594, 'C7H12N1O4', 72.99325026715019, 42.03314396258008, 12128086.274414062, 'C2H1O3', 'C5H11N1O1', 0.32137317298645385]	[174.07677778145552, 2.663992485545664, 312717.9763183594, 'C7H12N1O4', 131.03511701863758, 130.13245729001696, 10644949.727539062, 'C5H7O4', 'C2H5N1', 0.9115987990085113]	[174.07677778145552, 2.663992485545664, 312717.9763183594, 'C7H12N1O4', 115.04023948055253, 10.50992112719167, 9138016.58203125, 'C5H7O3', 'C2H5N1O1', 1.2144765230392722]	[174.07677778145552, 2.663992485545664, 312717.9763183594, 'C7H12N1O4', 99.00894628854817, 22.258061179955323, 7949692.798706055, 'C4H3O3', 'C3H9N1O1', 1.0458084133650323]	[174.07677778145552, 2.663992485545664, 312717.9763183594, 'C7H12N1O4', 69.0346949001858, 22.76271096611005, 6592374.015014648, 'C4H5O1', 'C3H7N1O3', 0.0677699470590398]	[174.07677778145552, 2.663992485545664, 312717.9763183594, 'C7H12N1O4', 57.03464753523809, 61.970110478227404, 6343395.452774048, 'C3H5O1', 'C4H7N1O3', -0.3438594752949117]	[174.07677778145552, 2.663992485545664, 312717.9763183594, 'C7H12N1O4', 127.04022560374388, 58.908908285890746, 3654489.984375, 'C6H7O3', 'C1H5N1O1', 1.2292923488541454]	[174.07677778145552, 2.663992485545664, 312717.9763183594, 'C7H12N1O4', 97.06602925317733, 1.4026721239169089, 3297853.020629883, 'C6H9O1', 'C1H3N1O3', 0.5385151209394111]	[174.07677778145552, 2.663992485545664, 312717.9763183594, 'C7H12N1O4', 145.05081268194772, 52.96452962961185, 3292626.8388671875, 'C6H9O4', 'C1H3N1', 2.92493391496165]	[174.07677778145552, 2.663992485545664, 312717.9763183594, 'C7H12N1O4', 101.06089588337835, 31.060945381568022, 2937536.918823242, 'C5H9O2', 'C2H3N1O2', -0.025995223584453414]	[174.07677778145552, 2.663992485545664, 312717.9763183594, 'C7H12N1O4', 129.01952035519489, 14.941578877008174, 2794772.7802734375, 'C5H5O4', 'C2H7N1', 2.0545571873450927]	
37.9207548	[321.1195287100787, 20.07378218818081, 460748.49609375, 'C14H25O4S2', 73.02960597295058, 109.20081689950806, 44571203.662597656, 'C3H5O2', 'C11H20O2S2', 0.19050663605839036]	[321.1195287100787, 20.07378218818081, 460748.49609375, 'C14H25O4S2', 85.02963872683087, 13.021567230988413, 23527742.58532715, 'C4H5O2', 'C10H20O2S2', 0.3558668870269395]	[321.1195287100787, 20.07378218818081, 460748.49609375, 'C14H25O4S2', 117.0195207641468, 86.43098066925252, 19668379.6640625, 'C4H5O4', 'C10H20S2', 0.647005092895473]	[321.1195287100787, 20.07378218818081, 460748.49609375, 'C14H25O4S2', 87.04527822965626, 6.608401311782302, 15116855.965332031, 'C4H7O2', 'C10H18O2S2', 0.29699733699577646]	[321.1195287100787, 20.07378218818081, 460748.49609375, 'C14H25O4S2', 72.99325026715019, 42.03314396258008, 12128086.274414062, 'C2H1O3', 'C12H24O1S2', 0.3246609333175829]	[321.1195287100787, 20.07378218818081, 460748.49609375, 'C14H25O4S2', 131.03511701863758, 130.13245729001696, 10644949.727539062, 'C5H7O4', 'C9H18S2', 0.4119662006444911]	[321.1195287100787, 20.07378218818081, 460748.49609375, 'C14H25O4S2', 115.04023948055253, 10.50992112719167, 9138016.58203125, 'C5H7O3', 'C9H18O1S2', 0.5860374483761093]	[321.1195287100787, 20.07378218818081, 460748.49609375, 'C14H25O4S2', 99.00894628854817, 22.258061179955323, 7949692.798706055, 'C4H3O3', 'C10H22O1S2', 0.5698881302202492]	[321.1195287100787, 20.07378218818081, 460748.49609375, 'C14H25O4S2', 83.05038868082745, 1.5511860864677163, 7226129.691558838, 'C5H7O1', 'C9H18O3S2', 0.41992229126213293]	[321.1195287100787, 20.07378218818081, 460748.49609375, 'C14H25O4S2', 97.02963609345532, 49.138890002505235, 7206390.53515625, 'C5H5O2', 'C9H20O2S2', 0.34532215206089517]	[321.1195287100787, 20.07378218818081, 460748.49609375, 'C14H25O4S2', 69.0346949001858, 22.76271096611005, 6592374.015014648, 'C4H5O1', 'C10H20O3S2', 0.22290113520166902]	[321.1195287100787, 20.07378218818081, 460748.49609375, 'C14H25O4S2', 57.03464753523809, 61.970110478227404, 6343395.452774048, 'C3H5O1', 'C11H20O3S2', 0.029631172182429166]	[321.1195287100787, 20.07378218818081, 460748.49609375, 'C14H25O4S2', 111.04531556946635, 9.53677558364318, 5612311.979736328, 'C6H7O2', 'C8H18O2S2', 0.5086732526966162]	[321.1195287100787, 20.07378218818081, 460748.49609375, 'C14H25O4S2', 71.05034717123237, 13.97133449540356, 4261359.107666016, 'C4H7O1', 'C10H18O3S2', 0.22978056878241251]	[321.1195287100787, 20.07378218818081, 460748.49609375, 'C14H25O4S2', 127.04022560374388, 58.908908285890746, 3654489.984375, 'C6H7O3', 'C8H18O1S2', 0.5507717106630983]	[321.1195287100787, 20.07378218818081, 460748.49609375, 'C14H25O4S2', 97.06602925317733, 1.4026721239169089, 3297853.020629883, 'C6H9O1', 'C8H16O3S2', 0.39964963286437155]	[321.1195287100787, 20.07378218818081, 460748.49609375, 'C14H25O4S2', 145.05081268194772, 52.96452962961185, 3292626.8388671875, 'C6H9O4', 'C8H16S2', 0.7041087125417597]	[321.1195287100787, 20.07378218818081, 460748.49609375, 'C14H25O4S2', 101.06089588337835, 31.060945381568022, 2937536.918823242, 'C5H9O2', 'C9H16O2S2', 0.16892413940688938]	[321.1195287100787, 20.07378218818081, 460748.49609375, 'C14H25O4S2', 129.01952035519489, 14.941578877008174, 2794772.7802734375, 'C5H5O4', 'C9H20S2', 0.6852929088908043]	[321.1195287100787, 20.07378218818081, 460748.49609375, 'C14H25O4S2', 125.06092353813813, 10.135006421550328, 2305697.103515625, 'C7H9O2', 'C7H16O2S2', 0.3306556936028047]	[321.1195287100787, 20.07378218818081, 460748.49609375, 'C14H25O4S2', 95.05039350915173, 5.041555579387845, 2300206.6389160156, 'C6H7O1', 'C8H18O3S2', 0.45914646126785036]	[321.1195287100787, 20.07378218818081, 460748.49609375, 'C14H25O4S2', 109.02961411822582, 14.394257677805724, 1922514.6027832031, 'C6H5O2', 'C8H20O2S2', 0.2612477665526695]	
372.462372	[215.16487866453627, 2.0883552210718124, 220194.43725585938, 'C12H23O3', 0, 0, 0, 'None', 'None', 0]	
37.9207548	[287.076739731825, 13.399221692939069, 460164.6767578125, 'C12H15O8', 73.02960597295058, 109.20081689950806, 44571203.662597656, 'C3H5O2', 'C9H10O6', 0.49634337800093814]	[287.076739731825, 13.399221692939069, 460164.6767578125, 'C12H15O8', 85.02963872683087, 13.021567230988413, 23527742.58532715, 'C4H5O2', 'C8H10O6', 0.6879319782965949]	[287.076739731825, 13.399221692939069, 460164.6767578125, 'C12H15O8', 117.0195207641468, 86.43098066925252, 19668379.6640625, 'C4H5O4', 'C8H10O4', 1.1233381406163183]	[287.076739731825, 13.399221692939069, 460164.6767578125, 'C12H15O8', 87.04527822965626, 6.608401311782302, 15116855.965332031, 'C4H7O2', 'C8H8O6', 0.6423864983031622]	[287.076739731825, 13.399221692939069, 460164.6767578125, 'C12H15O8', 72.99325026715019, 42.03314396258008, 12128086.274414062, 'C2H1O3', 'C10H14O5', 0.6564494875973144]	[287.076739731825, 13.399221692939069, 460164.6767578125, 'C12H15O8', 131.03511701863758, 130.13245729001696, 10644949.727539062, 'C5H7O4', 'C7H8O4', 0.8798061074876504]	[287.076739731825, 13.399221692939069, 460164.6767578125, 'C12H15O8', 115.04023948055253, 10.50992112719167, 9138016.58203125, 'C5H7O3', 'C7H8O5', 0.9866989502832917]	[287.076739731825, 13.399221692939069, 460164.6767578125, 'C12H15O8', 99.00894628854817, 22.258061179955323, 7949692.798706055, 'C4H3O3', 'C8H12O5', 0.9387904784119662]	[287.076739731825, 13.399221692939069, 460164.6767578125, 'C12H15O8', 83.05038868082745, 1.5511860864677163, 7226129.691558838, 'C5H7O1', 'C7H8O7', 0.7300460781000967]	[287.076739731825, 13.399221692939069, 460164.6767578125, 'C12H15O8', 97.02963609345532, 49.138890002505235, 7206390.53515625, 'C5H5O2', 'C7H10O6', 0.7175130217008728]	[287.076739731825, 13.399221692939069, 460164.6767578125, 'C12H15O8', 69.0346949001858, 22.76271096611005, 6592374.015014648, 'C4H5O1', 'C8H10O7', 0.482329542151523]	[287.076739731825, 13.399221692939069, 460164.6767578125, 'C12H15O8', 147.0301120400169, 36.52274786106223, 6550814.466308594, 'C5H7O5', 'C7H8O3', 1.5159767671794686]	[287.076739731825, 13.399221692939069, 460164.6767578125, 'C12H15O8', 57.03464753523809, 61.970110478227404, 6343395.452774048, 'C3H5O1', 'C9H10O7', 0.251272655910569]	[287.076739731825, 13.399221692939069, 460164.6767578125, 'C12H15O8', 111.04531556946635, 9.53677558364318, 5612311.979736328, 'C6H7O2', 'C6H8O6', 0.9420884432135304]	[287.076739731825, 13.399221692939069, 460164.6767578125, 'C12H15O8', 71.05034717123237, 13.97133449540356, 4261359.107666016, 'C4H7O1', 'C8H8O7', 0.4973427432995722]	[287.076739731825, 13.399221692939069, 460164.6767578125, 'C12H15O8', 127.04022560374388, 58.908908285890746, 3654489.984375, 'C6H7O3', 'C6H8O5', 0.9739741754563391]	[287.076739731825, 13.399221692939069, 460164.6767578125, 'C12H15O8', 97.06602925317733, 1.4026721239169089, 3297853.020629883, 'C6H9O1', 'C6H6O7', 0.7342795826973457]	[287.076739731825, 13.399221692939069, 460164.6767578125, 'C12H15O8', 145.05081268194772, 52.96452962961185, 3292626.8388671875, 'C6H9O4', 'C6H6O4', 1.2881414151930217]	[287.076739731825, 13.399221692939069, 460164.6767578125, 'C12H15O8', 101.06089588337835, 31.060945381568022, 2937536.918823242, 'C5H9O2', 'C7H6O6', 0.516898415274453]	[287.076739731825, 13.399221692939069, 460164.6767578125, 'C12H15O8', 129.01952035519489, 14.941578877008174, 2794772.7802734375, 'C5H5O4', 'C7H10O4', 1.2060364444125886]	[287.076739731825, 13.399221692939069, 460164.6767578125, 'C12H15O8', 173.04576396994534, 17.884147648850988, 2447460.41796875, 'C7H9O5', 'C5H6O3', 1.8787630248948086]	[287.076739731825, 13.399221692939069, 460164.6767578125, 'C12H15O8', 125.06092353813813, 10.135006421550328, 2305697.103515625, 'C7H9O2', 'C5H6O6', 0.7641595367394892]	[287.076739731825, 13.399221692939069, 460164.6767578125, 'C12H15O8', 95.05039350915173, 5.041555579387845, 2300206.6389160156, 'C6H7O1', 'C6H8O7', 0.8008116039026874]	[287.076739731825, 13.399221692939069, 460164.6767578125, 'C12H15O8', 109.02961411822582, 14.394257677805724, 1922514.6027832031, 'C6H5O2', 'C6H10O6', 0.6424483361919521]	
298.357998	[215.16476308971525, 11.077506468045403, 320789.2897949219, 'C12H23O3', 0, 0, 0, 'None', 'None', 0]	
529.82937	[327.29028361382217, 20.923168570516808, 411680.8835449219, 'C20H39O3', 117.03475712286365, 14.640420526551889, 6307873.122558594, 'C8H5O1', 'C12H34O2', -0.6967265621759595]	
37.9207548	[319.10330216260184, 5.881999474599378, 401683.3630371094, 'C13H19O9', 73.02960597295058, 109.20081689950806, 44571203.662597656, 'C3H5O2', 'C10H14O7', -1.0004691880015972]	[319.10330216260184, 5.881999474599378, 401683.3630371094, 'C13H19O9', 85.02963872683087, 13.021567230988413, 23527742.58532715, 'C4H5O2', 'C9H14O7', -0.9118296861161815]	[319.10330216260184, 5.881999474599378, 401683.3630371094, 'C13H19O9', 117.0195207641468, 86.43098066925252, 19668379.6640625, 'C4H5O4', 'C9H14O5', -0.7491847162456885]	[319.10330216260184, 5.881999474599378, 401683.3630371094, 'C13H19O9', 87.04527822965626, 6.608401311782302, 15116855.965332031, 'C4H7O2', 'C9H12O7', -0.964984788102888]	[319.10330216260184, 5.881999474599378, 401683.3630371094, 'C13H19O9', 72.99325026715019, 42.03314396258008, 12128086.274414062, 'C2H1O3', 'C11H18O6', -0.8609767033382254]	[319.10330216260184, 5.881999474599378, 401683.3630371094, 'C13H19O9', 131.03511701863758, 130.13245729001696, 10644949.727539062, 'C5H7O4', 'C8H12O5', -1.14396484502406]	[319.10330216260184, 5.881999474599378, 401683.3630371094, 'C13H19O9', 115.04023948055253, 10.50992112719167, 9138016.58203125, 'C5H7O3', 'C8H12O6', -0.8462169679506075]	[319.10330216260184, 5.881999474599378, 401683.3630371094, 'C13H19O9', 99.00894628854817, 22.258061179955323, 7949692.798706055, 'C4H3O3', 'C9H16O6', -0.7536480258792645]	[319.10330216260184, 5.881999474599378, 401683.3630371094, 'C13H19O9', 83.05038868082745, 1.5511860864677163, 7226129.691558838, 'C5H7O1', 'C8H12O8', -0.8196525164396445]	[319.10330216260184, 5.881999474599378, 401683.3630371094, 'C13H19O9', 97.02963609345532, 49.138890002505235, 7206390.53515625, 'C5H5O2', 'C8H14O7', -0.9729593960161056]	[319.10330216260184, 5.881999474599378, 401683.3630371094, 'C13H19O9', 69.0346949001858, 22.76271096611005, 6592374.015014648, 'C4H5O1', 'C9H14O8', -0.9487873916894696]	[319.10330216260184, 5.881999474599378, 401683.3630371094, 'C13H19O9', 147.0301120400169, 36.52274786106223, 6550814.466308594, 'C5H7O5', 'C8H12O4', -0.7562026760518871]	[319.10330216260184, 5.881999474599378, 401683.3630371094, 'C13H19O9', 57.03464753523809, 61.970110478227404, 6343395.452774048, 'C3H5O1', 'C10H14O8', -1.0860773147100917]	[319.10330216260184, 5.881999474599378, 401683.3630371094, 'C13H19O9', 111.04531556946635, 9.53677558364318, 5612311.979736328, 'C6H7O2', 'C7H12O7', -0.8968302062961904]	[319.10330216260184, 5.881999474599378, 401683.3630371094, 'C13H19O9', 71.05034717123237, 13.97133449540356, 4261359.107666016, 'C4H7O1', 'C9H12O8', -0.9473416503995346]	[319.10330216260184, 5.881999474599378, 401683.3630371094, 'C13H19O9', 127.04022560374388, 58.908908285890746, 3654489.984375, 'C6H7O3', 'C7H12O6', -0.971339081071189]	[319.10330216260184, 5.881999474599378, 401683.3630371094, 'C13H19O9', 97.06602925317733, 1.4026721239169089, 3297853.020629883, 'C6H9O1', 'C7H10O8', -0.9138509265471374]	[319.10330216260184, 5.881999474599378, 401683.3630371094, 'C13H19O9', 145.05081268194772, 52.96452962961185, 3292626.8388671875, 'C6H9O4', 'C7H10O5', -0.9737302106321699]	[319.10330216260184, 5.881999474599378, 401683.3630371094, 'C13H19O9', 101.06089588337835, 31.060945381568022, 2937536.918823242, 'C5H9O2', 'C8H10O7', -1.175361436138507]	[319.10330216260184, 5.881999474599378, 401683.3630371094, 'C13H19O9', 129.01952035519489, 14.941578877008174, 2794772.7802734375, 'C5H5O4', 'C8H14O5', -0.8512403308000032]	[319.10330216260184, 5.881999474599378, 401683.3630371094, 'C13H19O9', 173.04576396994534, 17.884147648850988, 2447460.41796875, 'C7H9O5', 'C6H10O4', -0.87768299558364]	[319.10330216260184, 5.881999474599378, 401683.3630371094, 'C13H19O9', 125.06092353813813, 10.135006421550328, 2305697.103515625, 'C7H9O2', 'C6H10O7', -1.1782162030807035]	[319.10330216260184, 5.881999474599378, 401683.3630371094, 'C13H19O9', 95.05039350915173, 5.041555579387845, 2300206.6389160156, 'C6H7O1', 'C7H12O8', -0.8420021423875756]	[319.10330216260184, 5.881999474599378, 401683.3630371094, 'C13H19O9', 109.02961411822582, 14.394257677805724, 1922514.6027832031, 'C6H5O2', 'C7H14O7', -1.1331443344877987]	
472.841616	[212.93855003287644, 3.4926825390008585, 325688.6328125, 'C8H4O2Br1', 0, 0, 0, 'None', 'None', 0]	
475.237992	[386.112602111379, 3.269916082723666, 263147.18359375, 'C13H24N1O10S1', 0, 0, 0, 'None', 'None', 0]	
576.197364	[167.0346602019619, 4.7186801821737765, 345184.3049316406, 'C8H7O4', 0, 0, 0, 'None', 'None', 0]	
46.583379	[184.0612632480339, 9.603115906330881, 377469.37646484375, 'C8H10N1O4', 0, 0, 0, 'None', 'None', 0]	
515.213616	[309.173824769155, 1.139591282200061, 323967.4384765625, 'C14H29O5S1', 187.0614512249735, 14.112918676154049, 6039149.775360107, 'C8H11O5', 'C6H18S1', 0.39681171287357425]	
35.4940068	[389.12880740656107, 12.025843966139968, 345468.76611328125, 'C13H25O13', 71.01397399464011, 81.93866154075829, 51495164.10644531, 'C3H3O2', 'C10H22O11', 2.771284457246417]	[389.12880740656107, 12.025843966139968, 345468.76611328125, 'C13H25O13', 59.01395028899356, 178.79308303679477, 45026707.99609375, 'C2H3O2', 'C11H22O11', 2.5987353027238824]	[389.12880740656107, 12.025843966139968, 345468.76611328125, 'C13H25O13', 89.02459849362596, 84.28312879580844, 33336159.4375, 'C3H5O3', 'C10H20O10', 3.135862373919863]	[389.12880740656107, 12.025843966139968, 345468.76611328125, 'C13H25O13', 101.02455705543521, 132.79570391524928, 31965477.751953125, 'C4H5O3', 'C9H20O10', 3.122645055559923]	[389.12880740656107, 12.025843966139968, 345468.76611328125, 'C13H25O13', 181.07211314362553, 104.88161138236961, 27108537.9375, 'C6H13O6', 'C7H12O7', 5.314582215697935]	[389.12880740656107, 12.025843966139968, 345468.76611328125, 'C13H25O13', 151.06144604453388, 71.17823001715104, 10232255.262817383, 'C5H11O5', 'C8H14O8', 4.236766638974671]	[389.12880740656107, 12.025843966139968, 345468.76611328125, 'C13H25O13', 119.035170102255, 27.081822398269704, 9232836.87915039, 'C4H7O4', 'C9H18O9', 3.5087606987044535]	[389.12880740656107, 12.025843966139968, 345468.76611328125, 'C13H25O13', 179.0564674650668, 4.622401050176075, 5610373.041503906, 'C6H11O6', 'C7H14O7', 5.284160037250901]	
319.002876	[321.09390042337867, 3.1642323637568364, 300687.0866699219, 'C11H17N2O9', 0, 0, 0, 'None', 'None', 0]	
70.01688	[205.10765460921442, 8.665493680510846, 312622.7669830322, 'C9H17O5', 0, 0, 0, 'None', 'None', 0]	
550.597494	[352.18736955468734, 4.429214228474292, 400712.2042388916, 'C17H26N3O5', 0, 0, 0, 'None', 'None', 0]	
36.708879	[371.11901323306193, 10.715619473116941, 366626.73707580566, 'C13H23O12', 73.02960855202292, 146.03474964993816, 44997003.890625, 'C3H5O2', 'C10H18O10', 0.3197658138578632]	[371.11901323306193, 10.715619473116941, 366626.73707580566, 'C13H23O12', 59.013951981316204, 138.1475664654645, 35294189.396484375, 'C2H3O2', 'C11H20O10', 0.2843533257066887]	[371.11901323306193, 10.715619473116941, 366626.73707580566, 'C13H23O12', 85.02965661949129, 33.7791980043634, 25403492.625, 'C4H5O2', 'C9H18O10', 0.5011936844816568]	[371.11901323306193, 10.715619473116941, 366626.73707580566, 'C13H23O12', 117.01953798093243, 80.94624972863976, 20233835.134277344, 'C4H5O4', 'C9H18O8', 0.7664222332239735]	[371.11901323306193, 10.715619473116941, 366626.73707580566, 'C13H23O12', 72.99325463926961, 44.597903975758115, 12848922.135131836, 'C2H1O3', 'C11H22O9', 0.42400226097047805]	[371.11901323306193, 10.715619473116941, 366626.73707580566, 'C13H23O12', 131.0351429078624, 126.10357995497127, 12310377.954467773, 'C5H7O4', 'C8H16O8', 0.6234258409475344]	[371.11901323306193, 10.715619473116941, 366626.73707580566, 'C13H23O12', 147.030188646472, 36.52274786106223, 7639232.366699219, 'C5H7O5', 'C8H16O7', 1.2290340495855137]	[371.11901323306193, 10.715619473116941, 366626.73707580566, 'C13H23O12', 119.03515233944567, 25.656493621635164, 7152559.185058594, 'C4H7O4', 'C9H16O8', 0.6311632470901664]	[371.11901323306193, 10.715619473116941, 366626.73707580566, 'C13H23O12', 161.04581134939306, 8.066402697230046, 3990899.5916748047, 'C6H9O5', 'C7H14O7', 1.181091821161219]	[371.11901323306193, 10.715619473116941, 366626.73707580566, 'C13H23O12', 187.06146258755663, 10.077150947336179, 3871083.0341796875, 'C8H11O5', 'C5H12O7', 1.4090907396142673]	[371.11901323306193, 10.715619473116941, 366626.73707580566, 'C13H23O12', 145.0508456457523, 57.23412949444499, 3569196.419921875, 'C6H9O4', 'C7H14O8', 0.895359328406784]	[371.11901323306193, 10.715619473116941, 366626.73707580566, 'C13H23O12', 173.04571637837591, 31.13832450748189, 3149949.9609375, 'C7H9O5', 'C6H14O7', 0.7731730113697584]	[371.11901323306193, 10.715619473116941, 366626.73707580566, 'C13H23O12', 147.06656269061523, 1.0765312111269132, 2358820.3208007812, 'C6H11O4', 'C7H12O8', 1.2026512155414997]	
89.569878	[363.12978636942853, 6.78566521199644, 354729.8039550781, 'C15H23O10', 125.06095758542125, 200.31521120109707, 74394471.48388672, 'C7H9O2', 'C8H14O8', -1.9271025360883522]	[363.12978636942853, 6.78566521199644, 354729.8039550781, 'C15H23O10', 187.06151121296435, 176.43995691453466, 19541713.90222168, 'C8H11O5', 'C7H12O5', -1.7331662806662442]	[363.12978636942853, 6.78566521199644, 354729.8039550781, 'C15H23O10', 127.04023051322783, 96.45813264377804, 9183291.870605469, 'C6H7O3', 'C9H16O7', -1.9308572699641957]	
156.816132	[289.1653194138614, 3.3645402817235066, 278936.33056640625, 'C14H25O6', 0, 0, 0, 'None', 'None', 0]	
480.051996	[211.06087685136592, 8.90968977388233, 285941.4268798828, 'C10H11O5', 0, 0, 0, 'None', 'None', 0]	
529.82937	[279.0144239389969, 7.866081270515458, 252956.1339111328, 'C12H7O8', 0, 0, 0, 'None', 'None', 0]	
566.44299	[380.21885581124064, 2.8980635233647263, 269906.8557739258, 'C19H30N3O5', 0, 0, 0, 'None', 'None', 0]	
73.671132	[323.0981816896089, 1.3799268790575505, 223124.6610107422, 'C12H19O10', 0, 0, 0, 'None', 'None', 0]	
419.822742	[269.0667963120721, 1.084217826999092, 200424.41064453125, 'C13H17O2S2', 97.02943825563962, 3.2939337480955153, 2229733.1484375, 'C5H5O2', 'C8H12S2', 1.0575786607747442]	
37.9207548	[365.1087781371073, 10.786498541842509, 324052.39988708496, 'C14H21O11', 73.02960597295058, 109.20081689950806, 44571203.662597656, 'C3H5O2', 'C11H16O9', -0.8119844662858293]	[365.1087781371073, 10.786498541842509, 324052.39988708496, 'C14H21O11', 85.02963872683087, 13.021567230988413, 23527742.58532715, 'C4H5O2', 'C10H16O9', -0.7298291189517118]	[365.1087781371073, 10.786498541842509, 324052.39988708496, 'C14H21O11', 117.0195207641468, 86.43098066925252, 19668379.6640625, 'C4H5O4', 'C10H16O7', -0.6343388061150416]	[365.1087781371073, 10.786498541842509, 324052.39988708496, 'C14H21O11', 87.04527822965626, 6.608401311782302, 15116855.965332031, 'C4H7O2', 'C10H14O9', -0.7728704582757894]	[365.1087781371073, 10.786498541842509, 324052.39988708496, 'C14H21O11', 72.99325026715019, 42.03314396258008, 12128086.274414062, 'C2H1O3', 'C12H20O8', -0.7116006562625248]	[365.1087781371073, 10.786498541842509, 324052.39988708496, 'C14H21O11', 131.03511701863758, 130.13245729001696, 10644949.727539062, 'C5H7O4', 'C9H14O7', -0.9019298359407]	[365.1087781371073, 10.786498541842509, 324052.39988708496, 'C14H21O11', 115.04023948055253, 10.50992112719167, 9138016.58203125, 'C5H7O3', 'C9H14O8', -0.6744399693341495]	[365.1087781371073, 10.786498541842509, 324052.39988708496, 'C14H21O11', 99.00894628854817, 22.258061179955323, 7949692.798706055, 'C4H3O3', 'C10H18O8', -0.6082238154017647]	[365.1087781371073, 10.786498541842509, 324052.39988708496, 'C14H21O11', 83.05038868082745, 1.5511860864677163, 7226129.691558838, 'C5H7O1', 'C9H14O10', -0.6716905120383982]	[365.1087781371073, 10.786498541842509, 324052.39988708496, 'C14H21O11', 69.0346949001858, 22.76271096611005, 6592374.015014648, 'C4H5O1', 'C10H16O10', -0.7877640795135391]	[365.1087781371073, 10.786498541842509, 324052.39988708496, 'C14H21O11', 147.0301120400169, 36.52274786106223, 6550814.466308594, 'C5H7O5', 'C9H14O6', -0.5782170424002223]	[365.1087781371073, 10.786498541842509, 324052.39988708496, 'C14H21O11', 57.03464753523809, 61.970110478227404, 6343395.452774048, 'C3H5O1', 'C11H16O10', -0.9108243307383026]	[365.1087781371073, 10.786498541842509, 324052.39988708496, 'C14H21O11', 111.04531556946635, 9.53677558364318, 5612311.979736328, 'C6H7O2', 'C8H14O9', -0.7185892839301573]	[365.1087781371073, 10.786498541842509, 324052.39988708496, 'C14H21O11', 71.05034717123237, 13.97133449540356, 4261359.107666016, 'C4H7O1', 'C10H14O10', -0.7854407760701548]	[365.1087781371073, 10.786498541842509, 324052.39988708496, 'C14H21O11', 127.04022560374388, 58.908908285890746, 3654489.984375, 'C6H7O3', 'C8H14O8', -0.7667244503243069]	[365.1087781371073, 10.786498541842509, 324052.39988708496, 'C14H21O11', 97.06602925317733, 1.4026721239169089, 3297853.020629883, 'C6H9O1', 'C8H12O10', -0.7419844776513242]	[365.1087781371073, 10.786498541842509, 324052.39988708496, 'C14H21O11', 145.05081268194772, 52.96452962961185, 3292626.8388671875, 'C6H9O4', 'C8H12O7', -0.7518690964552548]	[365.1087781371073, 10.786498541842509, 324052.39988708496, 'C14H21O11', 101.06089588337835, 31.060945381568022, 2937536.918823242, 'C5H9O2', 'C9H12O9', -0.936395545571416]	[365.1087781371073, 10.786498541842509, 324052.39988708496, 'C14H21O11', 161.0458044216881, 8.066402697230046, 2870981.705078125, 'C6H9O5', 'C8H12O6', -0.4102420569646945]	[365.1087781371073, 10.786498541842509, 324052.39988708496, 'C14H21O11', 129.01952035519489, 14.941578877008174, 2794772.7802734375, 'C5H5O4', 'C9H16O7', -0.6683132462727808]	[365.1087781371073, 10.786498541842509, 324052.39988708496, 'C14H21O11', 173.04576396994534, 17.884147648850988, 2447460.41796875, 'C7H9O5', 'C7H12O6', -0.6464901077613131]	
164.112876	[343.1398435482147, 2.0461240988984484, 258737.47326660156, 'C16H23O8', 0, 0, 0, 'None', 'None', 0]	
158.032872	[153.01878571556665, 12.336831308413673, 308169.11669921875, 'C7H5O4', 0, 0, 0, 'None', 'None', 0]	
196.813254	[267.01790736661525, 2.729568488704306, 241532.03076171875, 'C9H15O3S3', 0, 0, 0, 'None', 'None', 0]	
606.66198	[259.9199874478087, 1262.9308419557053, 301404.17578125, 'C8H7N1S2Br1', 0, 0, 0, 'None', 'None', 0]	
246.370878	[376.16085276138574, 6.022268075553493, 239527.1015625, 'C16H26N1O9', 0, 0, 0, 'None', 'None', 0]	
40.3626288	[225.01693623503843, 76.72703621756818, 272022.3430175781, 'C7H10O6Cl1', 0, 0, 0, 'None', 'None', 0]	
311.707254	[299.22256188411296, 6.684008759108031, 284377.5693359375, 'C17H31O4', 0, 0, 0, 'None', 'None', 0]	
465.655998	[225.03984263558408, 1.2659424973340025, 222332.7900390625, 'C10H9O6', 0, 0, 0, 'None', 'None', 0]	
394.352118	[257.0254865004591, 6.024744886259715, 267791.09033203125, 'C8H14O5S1Cl1', 0, 0, 0, 'None', 'None', 0]	
538.378494	[241.14419474213986, 6.541124339617399, 241448.55334472656, 'C13H21O4', 0, 0, 0, 'None', 'None', 0]	
