472.78925	[294.0654303407706, 143.97149709250215, 4277295371.25, 'C10H16N1O7S1', 95.95240510725382, 492.16342098394284, 3255682774.0, 'O4S1', 'C10H16N1O3', -2.550222233341192]	[294.0654303407706, 143.97149709250215, 4277295371.25, 'C10H16N1O7S1', 79.9574577796562, 224.93590960086405, 224908658.65625, 'O3S1', 'C10H16N1O4', -2.5340478492539558]	[294.0654303407706, 143.97149709250215, 4277295371.25, 'C10H16N1O7S1', 247.065071245944, 61.579377390230974, 52148652.37109375, 'C10H15O5S1', 'H1N1O2', -2.7466482333238553]	[294.0654303407706, 143.97149709250215, 4277295371.25, 'C10H16N1O7S1', 220.0776557864983, 193.46198616764568, 48266382.265625, 'C9H16O4S1', 'C1N1O3', -6.143598766800682]	[294.0654303407706, 143.97149709250215, 4277295371.25, 'C10H16N1O7S1', 252.0678178771707, 62.466064785859395, 22196082.15625, 'C9H16O6S1', 'C1N1O1', -2.9159310433273182]	[294.0654303407706, 143.97149709250215, 4277295371.25, 'C10H16N1O7S1', 205.05419136188442, 177.23667876318132, 17391888.271484375, 'C8H13O4S1', 'C2H3N1O3', -5.044041284147091]	[294.0654303407706, 143.97149709250215, 4277295371.25, 'C10H16N1O7S1', 233.04914042103078, 4.114448640034824, 5494478.81640625, 'C9H13O5S1', 'C1H3N1O2', -6.718146601328818]	
506.59598	[294.06540817759793, 111.76387825056182, 1684915007.0625, 'C10H16N1O7S1', 61.9884015391046, 270.5362376972548, 1148941038.375, 'N1O3', 'C10H16O4S1', -2.4846806641470316]	[294.06540817759793, 111.76387825056182, 1684915007.0625, 'C10H16N1O7S1', 79.95744456374167, 326.485606408855, 310075942.21875, 'O3S1', 'C10H16N1O4', -2.4922595176375855]	[294.06540817759793, 111.76387825056182, 1684915007.0625, 'C10H16N1O7S1', 247.06504024605078, 2.470318738501534, 7234229.62890625, 'C10H15O5S1', 'H1N1O2', -2.934659575902142]	
278.818206	[129.0188976646391, 333.62137282416563, 979359583.0019531, 'C5H5O4', 85.02964928399741, 89.38748381685825, 60207534.134765625, 'C4H5O2', 'C1O2', 1.855417712456982]	
292.867755	[115.00318000234344, 348.3707904098501, 830764431.875, 'C4H3O4', 0, 0, 0, 'None', 'None', 0]	
63.044019	[117.01895240107437, 240.0648767935546, 390361220.9375, 'C4H5O4', 73.02963965637842, 195.39214420799627, 87602188.49438477, 'C3H5O2', 'C1O2', 0.39225681965113834]	[117.01895240107437, 240.0648767935546, 390361220.9375, 'C4H5O4', 85.02969105797492, 39.08813823044215, 16758028.25, 'C4H5O2', 'O2', 2.1462148407074566]	[117.01895240107437, 240.0648767935546, 390361220.9375, 'C4H5O4', 99.00896170002, 95.85225881805317, 8561368.4765625, 'C4H3O3', 'H2O1', 3.8476989203523098]	[117.01895240107437, 240.0648767935546, 390361220.9375, 'C4H5O4', 55.01898547205848, 22.362001882551205, 1066797.4095458984, 'C3H3O1', 'C1H2O3', -1.0794921265757151]	
280.12875	[165.01894159333233, 325.50859369495123, 204999126.375, 'C8H5O4', 121.02971637987824, 27.100352931592667, 23591628.438476562, 'C7H5O2', 'C1O2', 2.3820686625303362]	
37.9883963	[117.01896479475424, 173.39909957721943, 215272103.41015625, 'C4H5O4', 73.02963159148271, 128.24264618460666, 26149363.95703125, 'C3H5O2', 'C1O2', -0.0728184514287298]	[117.01896479475424, 173.39909957721943, 215272103.41015625, 'C4H5O4', 85.02967014894365, 34.471996919072566, 9985704.373535156, 'C4H5O2', 'O2', 1.1051708773278894]	[117.01896479475424, 173.39909957721943, 215272103.41015625, 'C4H5O4', 72.99325682876366, 10.335204360692387, 4164062.830078125, 'C2H1O3', 'C2H4O1', 0.04619996846268405]	[117.01896479475424, 173.39909957721943, 215272103.41015625, 'C4H5O4', 87.00893898424125, 11.311856195017047, 4160068.1306152344, 'C3H3O3', 'C1H2O1', 1.1392498496485115]	[117.01896479475424, 173.39909957721943, 215272103.41015625, 'C4H5O4', 99.00896751185404, 7.1136837199319745, 3802384.781982422, 'C4H3O3', 'H2O1', 3.4822525339759305]	[117.01896479475424, 173.39909957721943, 215272103.41015625, 'C4H5O4', 57.03466900951355, 16.000497061946856, 3488391.9233398438, 'C3H5O1', 'C1O3', -0.9299896742112247]	
419.69	[103.03968185520515, 100.04891591101077, 175776054.26171875, 'C4H7O3', 57.03465165545264, 47.31710100653458, 9249104.453025818, 'C3H5O1', 'C1H2O2', -1.0911677854768291]	
423.3041	[296.0445136293927, 207.71468054165285, 148891851.15625, 'C9H14N1O8S1', 61.988454250714376, 139.53321625964793, 148733091.375, 'N1O3', 'C9H14O5S1', -1.548252607439817]	[296.0445136293927, 207.71468054165285, 148891851.15625, 'C9H14N1O8S1', 233.0494348644454, 147.90372895510754, 6940113.2119140625, 'C9H13O5S1', 'H1N1O3', 0.9720531801923169]	
270.896825	[138.97024380035094, 242.45635905465463, 82111388.7265625, 'C2H3O5S1', 79.95750141811317, 214.59105260561057, 81627951.12402344, 'O3S1', 'C2H3O2', 1.1458065934027144]	[138.97024380035094, 242.45635905465463, 82111388.7265625, 'C2H3O5S1', 80.96527327947423, 80.0754825962369, 20050362.42529297, 'H1O3S1', 'C2H2O2', 0.16341774664175354]	
293.47019	[71.01336769256028, 104.95399166131094, 82732586.3203125, 'C3H3O2', 0, 0, 0, 'None', 'None', 0]	
62.46012	[147.02951416004132, 142.51078106472193, 135666367.703125, 'C5H7O5', 73.02963965637842, 195.39214420799627, 87602188.49438477, 'C3H5O2', 'C2H2O3', 0.2094089010061094]	[147.02951416004132, 142.51078106472193, 135666367.703125, 'C5H7O5', 117.01959083608405, 146.64763861058364, 31891618.433380127, 'C4H5O4', 'C1H2O1', 4.554285731345213]	[147.02951416004132, 142.51078106472193, 135666367.703125, 'C5H7O5', 85.02969105797492, 39.08813823044215, 16758028.25, 'C4H5O2', 'C1H2O3', 1.2402827880315441]	[147.02951416004132, 142.51078106472193, 135666367.703125, 'C5H7O5', 99.00896170002, 95.85225881805317, 8561368.4765625, 'C4H3O3', 'C1H4O2', 1.6147080229166957]	[147.02951416004132, 142.51078106472193, 135666367.703125, 'C5H7O5', 97.02964608997425, 24.431065114312492, 5230760.487792969, 'C5H5O2', 'H2O3', 0.6385939576646282]	[147.02951416004132, 142.51078106472193, 135666367.703125, 'C5H7O5', 55.01898547205848, 22.362001882551205, 1066797.4095458984, 'C3H3O1', 'C2H4O4', -0.7465190185531233]	
36.571625	[181.07152861366777, 198.45626274770478, 83280007.49121094, 'C6H13O6', 73.02960855215167, 101.59095713357621, 36949356.017578125, 'C3H5O2', 'C3H8O4', -1.4814691859643567]	[181.07152861366777, 198.45626274770478, 83280007.49121094, 'C6H13O6', 59.01394949866749, 98.2901307622098, 24939288.50201416, 'C2H3O2', 'C4H10O4', -1.385528934156528]	[181.07152861366777, 198.45626274770478, 83280007.49121094, 'C6H13O6', 71.01397149639214, 45.20176600022625, 20426506.345458984, 'C3H3O2', 'C3H10O4', -1.336724265994696]	[181.07152861366777, 198.45626274770478, 83280007.49121094, 'C6H13O6', 117.01953842861097, 63.88088483031378, 16298701.4140625, 'C4H5O4', 'C2H8O2', -0.9396208737892158]	[181.07152861366777, 198.45626274770478, 83280007.49121094, 'C6H13O6', 101.02454215850885, 21.279402592137483, 14501753.387695312, 'C4H5O3', 'C2H8O3', -1.7046776228232206]	[181.07152861366777, 198.45626274770478, 83280007.49121094, 'C6H13O6', 85.0296513132897, 34.471996919072566, 13017800.86328125, 'C4H5O2', 'C2H8O4', -1.2213398018891901]	[181.07152861366777, 198.45626274770478, 83280007.49121094, 'C6H13O6', 89.02459208569881, 53.83871260110405, 11310201.44921875, 'C3H5O3', 'C3H8O3', -1.0486763411408446]	[181.07152861366777, 198.45626274770478, 83280007.49121094, 'C6H13O6', 119.03517455870738, 7.0485913669328335, 1905247.392578125, 'C4H7O4', 'C2H6O2', -1.1937252704745789]	[181.07152861366777, 198.45626274770478, 83280007.49121094, 'C6H13O6', 147.0665305604845, 11.172910436967205, 1405169.40234375, 'C6H11O4', 'H2O2', -0.5308901298013118]	
439.0675	[239.02288537329886, 225.8166434506196, 85041775.08984375, 'C7H11O7S1', 79.95746651465275, 102.76155052382519, 102235299.93359375, 'O3S1', 'C7H11O4', -1.187297992349297]	[239.02288537329886, 225.8166434506196, 85041775.08984375, 'C7H11O7S1', 80.96526024871983, 32.64534720737364, 19870043.310058594, 'H1O3S1', 'C7H10O4', -1.3610472657395303]	[239.02288537329886, 225.8166434506196, 85041775.08984375, 'C7H11O7S1', 159.0664695381812, 36.866291645119766, 14622541.837402344, 'C7H11O4', 'O3S1', -1.198584471090995]	[239.02288537329886, 225.8166434506196, 85041775.08984375, 'C7H11O7S1', 59.0139167263201, 12.668350914073274, 5043533.8740234375, 'C2H3O2', 'C5H8O5S1', -1.2701941762247193]	[239.02288537329886, 225.8166434506196, 85041775.08984375, 'C7H11O7S1', 71.01396646522201, 9.384257375535126, 4364160.026733398, 'C3H3O2', 'C4H8O5S1', -1.0053488544147389]	[239.02288537329886, 225.8166434506196, 85041775.08984375, 'C7H11O7S1', 85.02961249127101, 2.153173865683505, 3419010.5048828125, 'C4H5O2', 'C3H6O5S1', -1.1226559659175446]	[239.02288537329886, 225.8166434506196, 85041775.08984375, 'C7H11O7S1', 147.02999515293106, 5.965826284955924, 2662726.09375, 'C5H7O5', 'C2H4O2S1', -2.0677612526608717]	[239.02288537329886, 225.8166434506196, 85041775.08984375, 'C7H11O7S1', 57.034616826640175, 6.908930075008931, 1813188.65625, 'C3H5O1', 'C4H6O6S1', -1.4206737082490863]	[239.02288537329886, 225.8166434506196, 85041775.08984375, 'C7H11O7S1', 69.0347002699765, 2.4105070885711375, 1531192.853515625, 'C4H5O1', 'C3H6O6S1', -1.0300881041362886]	
180.94225	[80.96472078997574, 208.05288741755817, 79927852.54492188, 'H1O3S1', 0, 0, 0, 'None', 'None', 0]	
473.98312	[265.11154852394515, 52.453319320597785, 71395244.984375, 'C11H21O5S1', 173.08212450441764, 39.01685161645979, 4004092.5546875, 'C8H13O4', 'C3H8O1S1', -3.6294665139944513]	
89.43088	[187.06095408824058, 237.95018049507004, 68596551.23242188, 'C8H11O5', 125.06096997969729, 152.5569161605763, 33114759.002929688, 'C7H9O2', 'C1H2O3', -1.3565788154774308]	
419.69	[294.0654397973922, 86.04501951245754, 61697360.6640625, 'C10H16N1O7S1', 96.96025660125642, 156.72853045408166, 374418643.59375, 'H1O4S1', 'C10H15N1O3', -2.5021913511198517]	[294.0654397973922, 86.04501951245754, 61697360.6640625, 'C10H16N1O7S1', 79.95751812886344, 233.94977387233268, 110137151.19067383, 'O3S1', 'C10H16N1O4', -2.2963530573165856]	[294.0654397973922, 86.04501951245754, 61697360.6640625, 'C10H16N1O7S1', 247.06526089711204, 31.066363507105237, 15077788.131347656, 'C10H15O5S1', 'H1N1O2', 1.087212377722061]	[294.0654397973922, 86.04501951245754, 61697360.6640625, 'C10H16N1O7S1', 57.03465165545264, 47.31710100653458, 9249104.453025818, 'C3H5O1', 'C7H11N1O6S1', -2.439095463073379]	[294.0654397973922, 86.04501951245754, 61697360.6640625, 'C10H16N1O7S1', 231.070186420304, 54.26658290710524, 6145658.4140625, 'C10H15O4S1', 'H1N1O3', -1.7997576360080083]	
279.419951	[85.02906313197498, 108.7556976880602, 46735639.8359375, 'C4H5O2', 0, 0, 0, 'None', 'None', 0]	
36.571625	[151.06089074965112, 109.77827827526947, 65580433.14453125, 'C5H11O5', 73.02960855215167, 101.59095713357621, 36949356.017578125, 'C3H5O2', 'C2H6O3', -1.1815377895904577]	[151.06089074965112, 109.77827827526947, 65580433.14453125, 'C5H11O5', 59.01394949866749, 98.2901307622098, 24939288.50201416, 'C2H3O2', 'C3H8O3', -1.0999869441520376]	[151.06089074965112, 109.77827827526947, 65580433.14453125, 'C5H11O5', 71.01397149639214, 45.20176600022625, 20426506.345458984, 'C3H3O2', 'C2H8O3', -0.8651529259938506]	[151.06089074965112, 109.77827827526947, 65580433.14453125, 'C5H11O5', 117.01953842861097, 63.88088483031378, 16298701.4140625, 'C4H5O4', 'C1H6O1', 0.519330137593744]	[151.06089074965112, 109.77827827526947, 65580433.14453125, 'C5H11O5', 101.02454215850885, 21.279402592137483, 14501753.387695312, 'C4H5O3', 'C1H6O2', -1.3708125952135866]	[151.06089074965112, 109.77827827526947, 65580433.14453125, 'C5H11O5', 85.0296513132897, 34.471996919072566, 13017800.86328125, 'C4H5O2', 'C1H6O3', -0.7486757405495801]	[151.06089074965112, 109.77827827526947, 65580433.14453125, 'C5H11O5', 89.02459208569881, 53.83871260110405, 11310201.44921875, 'C3H5O3', 'C2H6O2', -0.30085292459820584]	[151.06089074965112, 109.77827827526947, 65580433.14453125, 'C5H11O5', 72.99323864189522, 10.335204360692387, 4994727.133300781, 'C2H1O3', 'C3H10O2', -0.9236513733860924]	[151.06089074965112, 109.77827827526947, 65580433.14453125, 'C5H11O5', 99.04531389306263, 4.138810044478673, 4156512.116821289, 'C5H7O2', 'H4O3', -0.5163132270055153]	[151.06089074965112, 109.77827827526947, 65580433.14453125, 'C5H11O5', 119.03517455870738, 7.0485913669328335, 1905247.392578125, 'C4H7O4', 'C1H4O1', -0.19330862273965463]	
110.29137	[157.0503184047838, 257.97152693196074, 57133043.7265625, 'C7H9O4', 113.06103436224082, 4.221751626348496, 5430355.776733398, 'C6H9O2', 'C1O2', 1.0447302255444972]	
507.79498	[79.95673965990949, 49.964451019155916, 68532519.015625, 'O3S1', 0, 0, 0, 'None', 'None', 0]	
79.59938	[175.02449162870843, 297.8197877488754, 57153242.923339844, 'C6H7O6', 69.03471380370229, 40.30088222441535, 9294184.305175781, 'C4H5O1', 'C2H2O5', -0.45122068863753173]	[175.02449162870843, 297.8197877488754, 57153242.923339844, 'C6H7O6', 157.01449862127288, 41.63947589818323, 8133902.3095703125, 'C6H5O5', 'H2O1', 3.719640790571134]	
636.7659	[311.16849752698647, 441.5418523701811, 60757086.826171875, 'C17H27O3S1', 0, 0, 0, 'None', 'None', 0]	
275.15876	[143.034528989859, 100.06342182465733, 45710289.7734375, 'C6H7O4', 99.04528841047834, 4.070713554426211, 3923433.1923828125, 'C5H7O2', 'C1O2', 2.0327607787703608]	[143.034528989859, 100.06342182465733, 45710289.7734375, 'C6H7O4', 111.00898467278398, 12.83845407449051, 2212585.677734375, 'C5H3O3', 'C1H4O1', 5.173380868554605]	
329.77963	[179.0347026813155, 221.6204580746226, 52185173.17260742, 'C9H7O4', 135.0453404268902, 32.16402481988723, 6399339.60168457, 'C8H7O2', 'C1O2', -0.7332240581771472]	
251.09113	[181.01726596033353, 183.70122313653007, 51858920.83984375, 'C5H9O5S1', 0, 0, 0, 'None', 'None', 0]	
68.658579	[173.0452018321657, 79.63593568270406, 15299319.045410156, 'C7H9O5', 0, 0, 0, 'None', 'None', 0]	
418.48474	[249.08028292212032, 206.35096954352161, 51865429.271484375, 'C10H17O5S1', 231.0701235651419, 67.57137967013708, 5527585.822265625, 'C10H15O4S1', 'H2O1', -5.516565298794743]	
36.571625	[197.0664531033228, 41.28239251648632, 45745227.291015625, 'C6H13O7', 73.02960855215167, 101.59095713357621, 36949356.017578125, 'C3H5O2', 'C3H8O5', -1.3266260392787335]	[197.0664531033228, 41.28239251648632, 45745227.291015625, 'C6H13O7', 59.01394949866749, 98.2901307622098, 24939288.50201416, 'C2H3O2', 'C4H10O5', -1.3299577010057946]	[197.0664531033228, 41.28239251648632, 45745227.291015625, 'C6H13O7', 71.01397149639214, 45.20176600022625, 20426506.345458984, 'C3H3O2', 'C3H10O5', -1.282055597579062]	[197.0664531033228, 41.28239251648632, 45745227.291015625, 'C6H13O7', 117.01953842861097, 63.88088483031378, 16298701.4140625, 'C4H5O4', 'C2H8O3', -0.8079550363931891]	[197.0664531033228, 41.28239251648632, 45745227.291015625, 'C6H13O7', 101.02454215850885, 21.279402592137483, 14501753.387695312, 'C4H5O3', 'C2H8O4', -1.571647488521293]	[197.0664531033228, 41.28239251648632, 45745227.291015625, 'C6H13O7', 85.0296513132897, 34.471996919072566, 13017800.86328125, 'C4H5O2', 'C2H8O5', -1.0870489662422724]	[197.0664531033228, 41.28239251648632, 45745227.291015625, 'C6H13O7', 89.02459208569881, 53.83871260110405, 11310201.44921875, 'C3H5O3', 'C3H8O4', -0.9349816408926476]	[197.0664531033228, 41.28239251648632, 45745227.291015625, 'C6H13O7', 181.07208053180753, 56.647719982903105, 7488949.857910156, 'C6H13O6', 'O1', 2.3400301916736357]	[197.0664531033228, 41.28239251648632, 45745227.291015625, 'C6H13O7', 72.99323864189522, 10.335204360692387, 4994727.133300781, 'C2H1O3', 'C4H12O4', -1.2449166066707134]	[197.0664531033228, 41.28239251648632, 45745227.291015625, 'C6H13O7', 119.03517455870738, 7.0485913669328335, 1905247.392578125, 'C4H7O4', 'C2H6O3', -1.1347250706610676]	[197.0664531033228, 41.28239251648632, 45745227.291015625, 'C6H13O7', 147.0665305604845, 11.172910436967205, 1405169.40234375, 'C6H11O4', 'H2O3', -0.4508529560849766]	
440.2685	[251.09577571129682, 160.57844801925208, 41295455.16796875, 'C10H19O5S1', 80.96525894753206, 32.64534720737364, 19568241.672851562, 'H1O3S1', 'C10H18O2', -1.979437795388105]	[251.09577571129682, 160.57844801925208, 41295455.16796875, 'C10H19O5S1', 71.01393674338031, 9.384257375535126, 3895069.4780273438, 'C3H3O2', 'C7H16O3S1', -1.7712337495883352]	[251.09577571129682, 160.57844801925208, 41295455.16796875, 'C10H19O5S1', 147.03008715546122, 5.965826284955924, 2820408.61328125, 'C5H7O5', 'C5H12S1', -2.100161816715005]	[251.09577571129682, 160.57844801925208, 41295455.16796875, 'C10H19O5S1', 235.06485378568496, 28.265324814073125, 1835175.1201171875, 'C9H15O5S1', 'C1H4', -7.605414692890384]	
62.46012	[161.04517310769896, 90.78433860993312, 64380131.88671875, 'C6H9O5', 73.02963965637842, 195.39214420799627, 87602188.49438477, 'C3H5O2', 'C3H4O3', 0.07440325595892569]	[161.04517310769896, 90.78433860993312, 64380131.88671875, 'C6H9O5', 117.01959083608405, 146.64763861058364, 31891618.433380127, 'C4H5O4', 'C2H4O1', 2.9011980739104617]	[161.04517310769896, 90.78433860993312, 64380131.88671875, 'C6H9O5', 85.02969105797492, 39.08813823044215, 16758028.25, 'C4H5O2', 'C2H4O3', 0.7623433177686497]	[161.04517310769896, 90.78433860993312, 64380131.88671875, 'C6H9O5', 99.00896170002, 95.85225881805317, 8561368.4765625, 'C4H3O3', 'C2H6O2', 1.1056730680765827]	[161.04517310769896, 90.78433860993312, 64380131.88671875, 'C6H9O5', 97.02964608997425, 24.431065114312492, 5230760.487792969, 'C5H5O2', 'C1H4O3', 0.35900814792371183]	[161.04517310769896, 90.78433860993312, 64380131.88671875, 'C6H9O5', 145.0508850308352, 10.693701915755511, 2364248.563720703, 'C6H9O4', 'O1', 7.6226790656102885]	
300.662	[179.00169338570538, 169.77092603977593, 38398179.74707031, 'C5H7O5S1', 81.03475035407155, 16.90126043065125, 1981836.5096435547, 'C5H5O1', 'H2O4S1', -0.6433936813933271]	[179.00169338570538, 169.77092603977593, 38398179.74707031, 'C5H7O5S1', 129.01945228483177, 11.024146704712251, 761400.1865234375, 'C5H5O4', 'H2O1S1', -2.022715669056906]	
138.52187	[117.0189168780046, 95.61556007340475, 36893061.18359375, 'C4H5O4', 75.00886435767812, 42.86185112466234, 6134831.5556640625, 'C2H3O3', 'C2H2O1', 0.17804273128341164]	
351.65063	[235.06442964521125, 450.85209182736355, 37639339.20996094, 'C9H15O5S1', 121.02966059891611, 49.78655868188908, 9710351.763671875, 'C7H5O2', 'C2H10O3S1', -1.7454801203309143]	[235.06442964521125, 450.85209182736355, 37639339.20996094, 'C9H15O5S1', 165.02283432468676, 192.80915238120986, 3915893.4981689453, 'C5H9O4S1', 'C4H6O1', -3.2169300969872463]	
64.266081	[175.06079592700874, 121.7477122276638, 25841761.69140625, 'C7H11O5', 89.02460471661634, 80.6339245150355, 15642440.919067383, 'C3H5O3', 'C4H6O2', 1.031997004289073]	
475.18088	[253.03873438885296, 348.6029025539171, 35149508.8527832, 'C8H13O7S1', 173.08210910480076, 59.40363297837855, 3283470.08984375, 'C8H13O4', 'O3S1', -3.8180969002894134]	
231.75261	[157.05016676357766, 67.06578744725242, 35490263.9296875, 'C7H9O4', 0, 0, 0, 'None', 'None', 0]	
37.789627	[147.02961260648783, 32.9685599188755, 36838816.8046875, 'C5H7O5', 73.02963159148271, 128.24264618460666, 26149363.95703125, 'C3H5O2', 'C2H2O3', -1.2299245069362799]	[147.02961260648783, 32.9685599188755, 36838816.8046875, 'C5H7O5', 117.01955659801362, 29.748856574340543, 10837554.479492188, 'C4H5O4', 'C1H2O1', 0.13300406007827312]	[147.02961260648783, 32.9685599188755, 36838816.8046875, 'C5H7O5', 85.02967014894365, 34.471996919072566, 9985704.373535156, 'C4H5O2', 'C1H2O3', -0.6847942127463468]	[147.02961260648783, 32.9685599188755, 36838816.8046875, 'C5H7O5', 131.03517978048146, 30.63578871607742, 4846614.5419921875, 'C5H7O4', 'O1', -1.42707735144843]	[147.02961260648783, 32.9685599188755, 36838816.8046875, 'C5H7O5', 72.99325682876366, 10.335204360692387, 4164062.830078125, 'C2H1O3', 'C3H6O2', -1.0235135377011502]	[147.02961260648783, 32.9685599188755, 36838816.8046875, 'C5H7O5', 87.00893898424125, 11.311856195017047, 4160068.1306152344, 'C3H3O3', 'C2H4O2', -0.7267809665624493]	[147.02961260648783, 32.9685599188755, 36838816.8046875, 'C5H7O5', 99.00896751185404, 7.1136837199319745, 3802384.781982422, 'C4H3O3', 'C1H4O2', -0.3143330665188488]	[147.02961260648783, 32.9685599188755, 36838816.8046875, 'C5H7O5', 83.05040305044066, 6.413935110788634, 3609044.8087158203, 'C5H7O1', 'O4', -0.7745588016911081]	[147.02961260648783, 32.9685599188755, 36838816.8046875, 'C5H7O5', 97.02965386824468, 17.92991416512096, 3489073.7299804688, 'C5H5O2', 'H2O3', -1.1747540850019222]	[147.02961260648783, 32.9685599188755, 36838816.8046875, 'C5H7O5', 57.03466900951355, 16.000497061946856, 3488391.9233398438, 'C3H5O1', 'C2H2O4', -1.4844859799570753]	[147.02961260648783, 32.9685599188755, 36838816.8046875, 'C5H7O5', 81.03474771319142, 3.7752168699886606, 1448247.2607421875, 'C5H5O1', 'H2O4', -0.8317750268781364]	
36.571625	[227.0770397542378, 12.274243342978469, 27737771.907226562, 'C7H15O8', 59.01394949866749, 98.2901307622098, 24939288.50201416, 'C2H3O2', 'C5H12O6', -1.191546425891833]	[227.0770397542378, 12.274243342978469, 27737771.907226562, 'C7H15O8', 71.01397149639214, 45.20176600022625, 20426506.345458984, 'C3H3O2', 'C4H12O6', -1.1422130586720451]	[227.0770397542378, 12.274243342978469, 27737771.907226562, 'C7H15O8', 117.01953842861097, 63.88088483031378, 16298701.4140625, 'C4H5O4', 'C3H10O4', -0.8297954326467311]	[227.0770397542378, 12.274243342978469, 27737771.907226562, 'C7H15O8', 101.02454215850885, 21.279402592137483, 14501753.387695312, 'C4H5O3', 'C3H10O5', -1.4088973078314215]	[227.0770397542378, 12.274243342978469, 27737771.907226562, 'C7H15O8', 89.02459208569881, 53.83871260110405, 11310201.44921875, 'C3H5O3', 'C4H10O5', -0.9247795222776309]	[227.0770397542378, 12.274243342978469, 27737771.907226562, 'C7H15O8', 181.07208053180753, 56.647719982903105, 7488949.857910156, 'C6H13O6', 'C1H2O2', 0.451632699131426]	[227.0770397542378, 12.274243342978469, 27737771.907226562, 'C7H15O8', 119.03517455870738, 7.0485913669328335, 1905247.392578125, 'C4H7O4', 'C3H8O4', -0.9736507548039274]	
281.861954	[121.02905330229518, 19.349514409932773, 21528167.463867188, 'C7H5O2', 0, 0, 0, 'None', 'None', 0]	
37.9883963	[131.0345787967236, 35.88725555659539, 31816829.02593994, 'C5H7O4', 73.02963159148271, 128.24264618460666, 26149363.95703125, 'C3H5O2', 'C2H2O2', 0.565373782888249]	[131.0345787967236, 35.88725555659539, 31816829.02593994, 'C5H7O4', 117.01955659801362, 29.748856574340543, 10837554.479492188, 'C4H5O4', 'C1H2', 9.11855357346207]	[131.0345787967236, 35.88725555659539, 31816829.02593994, 'C5H7O4', 85.02967014894365, 34.471996919072566, 9985704.373535156, 'C4H5O2', 'C1H2O2', 1.5509528586180548]	[131.0345787967236, 35.88725555659539, 31816829.02593994, 'C5H7O4', 72.99325682876366, 10.335204360692387, 4164062.830078125, 'C2H1O3', 'C3H6O1', 0.6552523469641713]	[131.0345787967236, 35.88725555659539, 31816829.02593994, 'C5H7O4', 87.00893898424125, 11.311856195017047, 4160068.1306152344, 'C3H3O3', 'C2H4O1', 1.5942237488083526]	[131.0345787967236, 35.88725555659539, 31816829.02593994, 'C5H7O4', 99.00896751185404, 7.1136837199319745, 3802384.781982422, 'C4H3O3', 'C1H4O1', 3.0823327116864]	[131.0345787967236, 35.88725555659539, 31816829.02593994, 'C5H7O4', 83.05040305044066, 6.413935110788634, 3609044.8087158203, 'C5H7O1', 'O3', 1.5474464693522256]	[131.0345787967236, 35.88725555659539, 31816829.02593994, 'C5H7O4', 97.02965386824468, 17.92991416512096, 3489073.7299804688, 'C5H5O2', 'H2O2', 1.619492219194786]	[131.0345787967236, 35.88725555659539, 31816829.02593994, 'C5H7O4', 57.03466900951355, 16.000497061946856, 3488391.9233398438, 'C3H5O1', 'C2H2O3', -0.2673932496715201]	[131.0345787967236, 35.88725555659539, 31816829.02593994, 'C5H7O4', 71.0503874704255, 10.234746805174039, 1885442.7271728516, 'C4H7O1', 'C1O3', 0.8114353985230861]	[131.0345787967236, 35.88725555659539, 31816829.02593994, 'C5H7O4', 81.03474771319142, 3.7752168699886606, 1448247.2607421875, 'C5H5O1', 'H2O3', 1.3783202297157953]	[131.0345787967236, 35.88725555659539, 31816829.02593994, 'C5H7O4', 103.04030854474362, 13.96419326452876, 892107.248046875, 'C4H7O3', 'C1O1', 4.991933092309871]	
504.282767	[209.0850228130239, 77.68964549573289, 20472133.0703125, 'C8H17O4S1', 0, 0, 0, 'None', 'None', 0]	
490.88885	[79.95674125819632, 62.59054755970027, 32882942.3203125, 'O3S1', 0, 0, 0, 'None', 'None', 0]	
506.59598	[392.0323725660097, 29.794204849650384, 31026471.05859375, 'C16H12N2O8S1', 61.9884015391046, 270.5362376972548, 1148941038.375, 'N1O3', 'C16H12N1O5S1', -2.5785219261228627]	[392.0323725660097, 29.794204849650384, 31026471.05859375, 'C16H12N2O8S1', 79.95744456374167, 326.485606408855, 310075942.21875, 'O3S1', 'C16H12N2O5', -2.5891249215971577]	
138.52187	[75.00830269300064, 71.00859571187954, 25953470.229003906, 'C2H3O3', 0, 0, 0, 'None', 'None', 0]	
67.32312	[189.07654801082737, 224.99629220272743, 27845898.53955078, 'C8H13O5', 0, 0, 0, 'None', 'None', 0]	
116.42249	[215.05595644619908, 93.85279842102614, 23786104.911132812, 'C9H11O6', 127.07663884499333, 15.810687789004179, 3106648.042236328, 'C7H11O2', 'C2O4', -1.7913336268926159]	[215.05595644619908, 93.85279842102614, 23786104.911132812, 'C9H11O6', 109.06606481273862, 4.2817056859544325, 2644342.2974853516, 'C7H9O1', 'C2H2O5', -1.5249821986109227]	
74.68112	[161.0452513313601, 57.009085360382855, 20964843.74609375, 'C6H9O5', 0, 0, 0, 'None', 'None', 0]	
446.27762	[310.05992628907245, 251.0318034683574, 22264801.15625, 'C10H16N1O8S1', 0, 0, 0, 'None', 'None', 0]	
472.78925	[95.9523436027668, 53.49888034043714, 326640403.5, 'O4S1', 0, 0, 0, 'None', 'None', 0]	
37.789627	[161.04527495811192, 27.22067251716212, 21103187.819335938, 'C6H9O5', 73.02963159148271, 128.24264618460666, 26149363.95703125, 'C3H5O2', 'C3H4O3', -1.1744053448688856]	[161.04527495811192, 27.22067251716212, 21103187.819335938, 'C6H9O5', 117.01955659801362, 29.748856574340543, 10837554.479492188, 'C4H5O4', 'C2H4O1', -0.1898890845129231]	[161.04527495811192, 27.22067251716212, 21103187.819335938, 'C6H9O5', 85.02967014894365, 34.471996919072566, 9985704.373535156, 'C4H5O2', 'C2H4O3', -0.8525715495104454]	[161.04527495811192, 27.22067251716212, 21103187.819335938, 'C6H9O5', 131.03517978048146, 30.63578871607742, 4846614.5419921875, 'C5H7O4', 'C1H2O1', -1.1721737023253218]	[161.04527495811192, 27.22067251716212, 21103187.819335938, 'C6H9O5', 72.99325682876366, 10.335204360692387, 4164062.830078125, 'C2H1O3', 'C4H8O2', -1.0008725488912757]	[161.04527495811192, 27.22067251716212, 21103187.819335938, 'C6H9O5', 87.00893898424125, 11.311856195017047, 4160068.1306152344, 'C3H3O3', 'C3H6O2', -0.7560273198660468]	[161.04527495811192, 27.22067251716212, 21103187.819335938, 'C6H9O5', 99.00896751185404, 7.1136837199319745, 3802384.781982422, 'C4H3O3', 'C2H6O2', -0.44241892855805826]	[161.04527495811192, 27.22067251716212, 21103187.819335938, 'C6H9O5', 83.05040305044066, 6.413935110788634, 3609044.8087158203, 'C5H7O1', 'C1H2O4', -0.793735188874473]	[161.04527495811192, 27.22067251716212, 21103187.819335938, 'C6H9O5', 97.02965386824468, 17.92991416512096, 3489073.7299804688, 'C5H5O2', 'C1H4O3', -1.1104994495685145]	[161.04527495811192, 27.22067251716212, 21103187.819335938, 'C6H9O5', 57.03466900951355, 16.000497061946856, 3488391.9233398438, 'C3H5O1', 'C3H4O4', -1.4032020623369923]	[161.04527495811192, 27.22067251716212, 21103187.819335938, 'C6H9O5', 111.0453665603062, 2.098414128257308, 2383151.642578125, 'C6H7O2', 'H2O3', -0.16795474244946482]	[161.04527495811192, 27.22067251716212, 21103187.819335938, 'C6H9O5', 127.04023684187825, 6.939010174608801, 1898570.130859375, 'C6H7O3', 'H2O2', -1.7090226147459628]	[161.04527495811192, 27.22067251716212, 21103187.819335938, 'C6H9O5', 145.05085396439694, 3.7195394704337232, 1640963.1616210938, 'C6H9O4', 'O1', -0.6873253694870735]	[161.04527495811192, 27.22067251716212, 21103187.819335938, 'C6H9O5', 81.03474771319142, 3.7752168699886606, 1448247.2607421875, 'C5H5O1', 'C1H4O4', -0.8404456587641385]	[161.04527495811192, 27.22067251716212, 21103187.819335938, 'C6H9O5', 129.05595220489408, 3.0004924633484116, 1279144.3681640625, 'C6H9O3', 'O2', 0.22653398938871602]	[161.04527495811192, 27.22067251716212, 21103187.819335938, 'C6H9O5', 109.02964443133037, 23.99942206209977, 1212488.2150878906, 'C6H5O2', 'H4O3', -1.5481117248961107]	
470.39984	[195.06928067254188, 151.55129548262502, 20583996.7265625, 'C7H15O4S1', 0, 0, 0, 'None', 'None', 0]	
318.85736	[157.05025826887234, 56.154033786688316, 20119333.717285156, 'C7H9O4', 0, 0, 0, 'None', 'None', 0]	
151.79938	[113.02399762822046, 7.541168659211294, 19490938.908691406, 'C5H5O3', 0, 0, 0, 'None', 'None', 0]	
138.52187	[103.03962421059234, 77.34799588714887, 17567301.44921875, 'C4H7O3', 75.00886435767812, 42.86185112466234, 6134831.5556640625, 'C2H3O3', 'C2H4', 1.432225522435581]	
490.88885	[392.0324526761859, 8.741376272585676, 18548584.240234375, 'C16H12N2O8S1', 79.9574566445723, 319.3355518559461, 284271176.5625, 'O3S1', 'C16H12N2O5', -2.8071143834836447]	
351.65063	[209.00889593623802, 129.03080700558704, 18413385.733398438, 'C9H5O6', 121.02966059891611, 49.78655868188908, 9710351.763671875, 'C7H5O2', 'C2O4', -0.8563031205770384]	[209.00889593623802, 129.03080700558704, 18413385.733398438, 'C9H5O6', 165.0196717183595, 21.644300366199186, 1305427.3399658203, 'C8H5O4', 'C1O2', 2.4047007192385075]	
66.101	[119.03453895777855, 30.56926789749879, 16989908.3125, 'C4H7O4', 0, 0, 0, 'None', 'None', 0]	
477.58124	[365.1636216999194, 262.4340633462139, 16735269.146484375, 'C16H29O7S1', 0, 0, 0, 'None', 'None', 0]	
506.59598	[362.05241390437124, 36.58034039981308, 17525896.08959961, 'C11H22O7S3', 79.95744456374167, 326.485606408855, 310075942.21875, 'O3S1', 'C11H22O4S2', 1.7180686083888024]	[362.05241390437124, 36.58034039981308, 17525896.08959961, 'C11H22O7S3', 247.06504024605078, 2.470318738501534, 7234229.62890625, 'C10H15O5S1', 'C1H7O2S2', 7.62116605571122]	
193.02762	[201.0402254562622, 56.046716822754746, 15763958.892578125, 'C8H9O6', 157.0509402995253, 8.188873800681097, 1397784.943359375, 'C7H9O4', 'C1O2', 1.0194017304685137]	
186.99774	[255.12385087161158, 27.74637595210294, 16002648.638183594, 'C13H19O5', 127.07659407375449, 8.745830031100764, 1265256.900390625, 'C7H11O2', 'C6H8O3', -3.255018810900253]	[255.12385087161158, 27.74637595210294, 16002648.638183594, 'C13H19O5', 99.00893457029719, 3.626021284314312, 1238221.625, 'C4H3O3', 'C9H16O2', -2.474459752566505]	
168.676264	[143.03454454240827, 4.501894464661408, 14039662.567871094, 'C6H7O4', 108.02184102273142, 9.705688634239413, 4842941.121459961, 'C6H4O2', 'H3O2', 2.7555411516945743]	[143.03454454240827, 4.501894464661408, 14039662.567871094, 'C6H7O4', 99.04531457416732, 4.685283927486849, 1698731.140625, 'C5H7O2', 'C1O2', 2.2739798384517074]	[143.03454454240827, 4.501894464661408, 14039662.567871094, 'C6H7O4', 83.0140228377944, 7.461007226475157, 1402548.9643554688, 'C4H3O2', 'C2H4O2', 1.8042909475962152]	
294.60724	[145.01384551322153, 71.90298109902177, 14026110.494140625, 'C5H5O5', 0, 0, 0, 'None', 'None', 0]	
34.12763	[145.06147125041568, 142.1175635289488, 16325649.060546875, 'C5H9N2O3', 0, 0, 0, 'None', 'None', 0]	
436.66473	[253.07515570658404, 195.73327266524905, 15021571.979492188, 'C9H17O6S1', 0, 0, 0, 'None', 'None', 0]	
35.5333988	[387.11426807407474, 219.7119906868494, 17105898.057495117, 'C13H23O13', 71.01398497768966, 94.32405968871541, 30425995.40234375, 'C3H3O2', 'C10H20O11', -0.6899583825452101]	[387.11426807407474, 219.7119906868494, 17105898.057495117, 'C13H23O13', 59.01396276869482, 139.84426915921685, 26557229.84765625, 'C2H3O2', 'C11H20O11', -0.732413258464323]	[387.11426807407474, 219.7119906868494, 17105898.057495117, 'C13H23O13', 89.02461573978638, 49.310649720494425, 19746936.899414062, 'C3H5O3', 'C10H18O10', -0.5110342867082709]	[387.11426807407474, 219.7119906868494, 17105898.057495117, 'C13H23O13', 101.02455636784397, 69.21894108026049, 18608297.833984375, 'C4H5O3', 'C9H18O10', -0.7399981619001864]	[387.11426807407474, 219.7119906868494, 17105898.057495117, 'C13H23O13', 181.07213055393478, 102.70995703405177, 17717054.13342285, 'C6H13O6', 'C7H10O7', 0.06056930842627751]	[387.11426807407474, 219.7119906868494, 17105898.057495117, 'C13H23O13', 341.10955541462926, 204.86619101105725, 6289650.791015625, 'C12H21O11', 'C1H2O2', 5.811092679587425]	[387.11426807407474, 219.7119906868494, 17105898.057495117, 'C13H23O13', 119.03513497236544, 12.959441608232105, 3084985.050048828, 'C4H7O4', 'C9H16O9', -0.7576170817351812]	[387.11426807407474, 219.7119906868494, 17105898.057495117, 'C13H23O13', 163.06152457414518, 7.40272337427322, 1869974.333984375, 'C6H11O5', 'C7H12O8', -0.10488546906530873]	
37.789627	[175.0609282954818, 82.62884250931305, 13804230.503417969, 'C7H11O5', 73.02963159148271, 128.24264618460666, 26149363.95703125, 'C3H5O2', 'C4H6O3', -1.0457916310525075]	[175.0609282954818, 82.62884250931305, 13804230.503417969, 'C7H11O5', 117.01955659801362, 29.748856574340543, 10837554.479492188, 'C4H5O4', 'C3H6O1', -0.2015349925758434]	[175.0609282954818, 82.62884250931305, 13804230.503417969, 'C7H11O5', 85.02967014894365, 34.471996919072566, 9985704.373535156, 'C4H5O2', 'C3H6O3', -0.6458447479928539]	[175.0609282954818, 82.62884250931305, 13804230.503417969, 'C7H11O5', 131.03517978048146, 30.63578871607742, 4846614.5419921875, 'C5H7O4', 'C2H4O1', -0.8748190374431873]	[175.0609282954818, 82.62884250931305, 13804230.503417969, 'C7H11O5', 72.99325682876366, 10.335204360692387, 4164062.830078125, 'C2H1O3', 'C5H10O2', -0.8961336020016647]	[175.0609282954818, 82.62884250931305, 13804230.503417969, 'C7H11O5', 87.00893898424125, 11.311856195017047, 4160068.1306152344, 'C3H3O3', 'C4H8O2', -0.6735895942544671]	[175.0609282954818, 82.62884250931305, 13804230.503417969, 'C7H11O5', 99.00896751185404, 7.1136837199319745, 3802384.781982422, 'C4H3O3', 'C3H8O2', -0.4047683328983766]	[175.0609282954818, 82.62884250931305, 13804230.503417969, 'C7H11O5', 83.05040305044066, 6.413935110788634, 3609044.8087158203, 'C5H7O1', 'C2H4O4', -0.7091002515023509]	[175.0609282954818, 82.62884250931305, 13804230.503417969, 'C7H11O5', 97.02965386824468, 17.92991416512096, 3489073.7299804688, 'C5H5O2', 'C2H6O3', -1.081959724054298]	[175.0609282954818, 82.62884250931305, 13804230.503417969, 'C7H11O5', 57.03466900951355, 16.000497061946856, 3488391.9233398438, 'C3H5O1', 'C4H6O4', -1.2648484898825774]	[175.0609282954818, 82.62884250931305, 13804230.503417969, 'C7H11O5', 111.0453665603062, 2.098414128257308, 2383151.642578125, 'C6H7O2', 'C1H4O3', -0.1833161127426873]	[175.0609282954818, 82.62884250931305, 13804230.503417969, 'C7H11O5', 127.04023684187825, 6.939010174608801, 1898570.130859375, 'C6H7O3', 'C1H4O2', -1.27971842617224]	[175.0609282954818, 82.62884250931305, 13804230.503417969, 'C7H11O5', 145.05085396439694, 3.7195394704337232, 1640963.1616210938, 'C6H9O4', 'C1H2O1', -0.477534508494009]	[175.0609282954818, 82.62884250931305, 13804230.503417969, 'C7H11O5', 81.03474771319142, 3.7752168699886606, 1448247.2607421875, 'C5H5O1', 'C2H6O4', -0.7506623645513797]	[175.0609282954818, 82.62884250931305, 13804230.503417969, 'C7H11O5', 125.06096967887306, 4.14469251103862, 1361847.2883605957, 'C7H9O2', 'H2O3', -1.1723214218821172]	[175.0609282954818, 82.62884250931305, 13804230.503417969, 'C7H11O5', 129.05595220489408, 3.0004924633484116, 1279144.3681640625, 'C6H9O3', 'C1H2O2', 0.084977107304549]	
382.02847	[200.98604737147753, 128.82948959350153, 11694999.315734863, 'C7H5O5S1', 156.9966872494666, 94.13291267432592, 4080091.1694335938, 'C6H5O3S1', 'C1O2', -0.6847489593536266]	[200.98604737147753, 128.82948959350153, 11694999.315734863, 'C7H5O5S1', 93.03471979214734, 1.9873815399962567, 2165187.9072265625, 'C6H5O1', 'C1O4S1', -0.9039154998641037]	
169.905766	[129.01888833571059, 108.95516503683739, 11662447.048583984, 'C5H5O4', 0, 0, 0, 'None', 'None', 0]	
400.28485	[296.04433952040216, 15.123464656265416, 11854631.94921875, 'C9H14N1O8S1', 0, 0, 0, 'None', 'None', 0]	
272.90424	[173.0087563114742, 54.80516008175581, 10204436.203094482, 'C6H5O6', 111.00892608841946, 9.763858772435052, 2543048.677734375, 'C5H3O3', 'C1H2O3', 1.1254286066197576]	
420.8931	[342.04983208878843, 69.26085107021879, 11690383.35256958, 'C11H20N1O5S3', 79.95751043892318, 225.62107718893753, 98573299.625, 'O3S1', 'C11H20N1O2S2', 2.778977807042579]	
37.789627	[187.06095281488697, 68.4326576757498, 11095853.059570312, 'C8H11O5', 73.02963159148271, 128.24264618460666, 26149363.95703125, 'C3H5O2', 'C5H6O3', -1.1507612775043201]	[187.06095281488697, 68.4326576757498, 11095853.059570312, 'C8H11O5', 59.01396806488682, 67.53505453356544, 15429212.188232422, 'C2H3O2', 'C6H8O3', -1.130440011599931]	[187.06095281488697, 68.4326576757498, 11095853.059570312, 'C8H11O5', 117.01955659801362, 29.748856574340543, 10837554.479492188, 'C4H5O4', 'C4H6O1', -0.3743027354682509]	[187.06095281488697, 68.4326576757498, 11095853.059570312, 'C8H11O5', 85.02967014894365, 34.471996919072566, 9985704.373535156, 'C4H5O2', 'C4H6O3', -0.908206648030124]	[187.06095281488697, 68.4326576757498, 11095853.059570312, 'C8H11O5', 131.03517978048146, 30.63578871607742, 4846614.5419921875, 'C5H7O4', 'C3H4O1', -0.9465988481025797]	[187.06095281488697, 68.4326576757498, 11095853.059570312, 'C8H11O5', 72.99325682876366, 10.335204360692387, 4164062.830078125, 'C2H1O3', 'C6H10O2', -1.0168138657439585]	[187.06095281488697, 68.4326576757498, 11095853.059570312, 'C8H11O5', 87.00893898424125, 11.311856195017047, 4160068.1306152344, 'C3H3O3', 'C5H8O2', -0.8378664614369055]	[187.06095281488697, 68.4326576757498, 11095853.059570312, 'C8H11O5', 99.00896751185404, 7.1136837199319745, 3802384.781982422, 'C4H3O3', 'C4H8O2', -0.6280689607655985]	[187.06095281488697, 68.4326576757498, 11095853.059570312, 'C8H11O5', 83.05040305044066, 6.413935110788634, 3609044.8087158203, 'C5H7O1', 'C3H4O4', -0.8630279813388395]	[187.06095281488697, 68.4326576757498, 11095853.059570312, 'C8H11O5', 97.02965386824468, 17.92991416512096, 3489073.7299804688, 'C5H5O2', 'C3H6O3', -1.099018829504046]	[187.06095281488697, 68.4326576757498, 11095853.059570312, 'C8H11O5', 57.03466900951355, 16.000497061946856, 3488391.9233398438, 'C3H5O1', 'C5H6O4', -1.3366890137606697]	[187.06095281488697, 68.4326576757498, 11095853.059570312, 'C8H11O5', 111.0453665603062, 2.098414128257308, 2383151.642578125, 'C6H7O2', 'C2H4O3', -0.6084841123173577]	[187.06095281488697, 68.4326576757498, 11095853.059570312, 'C8H11O5', 127.04023684187825, 6.939010174608801, 1898570.130859375, 'C6H7O3', 'C2H4O2', -1.4323769908540156]	[187.06095281488697, 68.4326576757498, 11095853.059570312, 'C8H11O5', 71.0503874704255, 10.234746805174039, 1885442.7271728516, 'C4H7O1', 'C4H4O4', -0.9080552890471509]	[187.06095281488697, 68.4326576757498, 11095853.059570312, 'C8H11O5', 145.05085396439694, 3.7195394704337232, 1640963.1616210938, 'C6H9O4', 'C2H2O1', -0.9247782965694534]	[187.06095281488697, 68.4326576757498, 11095853.059570312, 'C8H11O5', 81.03474771319142, 3.7752168699886606, 1448247.2607421875, 'C5H5O1', 'C3H6O4', -0.8969598315678906]	[187.06095281488697, 68.4326576757498, 11095853.059570312, 'C8H11O5', 125.06096967887306, 4.14469251103862, 1361847.2883605957, 'C7H9O2', 'C1H2O3', -1.3408930012802716]	[187.06095281488697, 68.4326576757498, 11095853.059570312, 'C8H11O5', 129.05595220489408, 3.0004924633484116, 1279144.3681640625, 'C6H9O3', 'C2H2O2', -0.3553110080563383]	
441.47012	[235.06442611032276, 115.85336784267439, 12135264.171875, 'C9H15O5S1', 0, 0, 0, 'None', 'None', 0]	
277.72125	[187.02439184563195, 76.03320768318345, 10901126.94909668, 'C7H7O6', 85.02965884049065, 84.54671709780601, 73964486.15478516, 'C4H5O2', 'C3H2O4', 0.7548868357227019]	[187.02439184563195, 76.03320768318345, 10901126.94909668, 'C7H7O6', 129.0195675203246, 52.17127384245813, 12570720.594238281, 'C5H5O4', 'C2H2O2', 2.6838000557276422]	[187.02439184563195, 76.03320768318345, 10901126.94909668, 'C7H7O6', 125.02463015630357, 28.49534662198279, 2092139.599609375, 'C6H5O3', 'C1H2O3', 2.2308078683478887]	
468.00372	[187.0972005641666, 70.81085117060385, 10147354.819824219, 'C9H15O4', 125.09731274924805, 14.325999300919015, 3277993.85546875, 'C8H13O1', 'C1H2O3', 0.19653234237108827]	
61.1922695	[147.06591211110575, 4.724144257278863, 8287109.4384765625, 'C6H11O4', 0, 0, 0, 'None', 'None', 0]	
455.93286	[351.1481913407371, 205.7837280148024, 9162824.0390625, 'C15H27O7S1', 207.0123828421217, 88.4267638518624, 2814407.867919922, 'C10H7O3S1', 'C5H20O4', -1.030265149550485]	
37.9883963	[147.06592972291497, 43.26106479420999, 11430433.431640625, 'C6H11O4', 73.02963159148271, 128.24264618460666, 26149363.95703125, 'C3H5O2', 'C3H6O2', -0.2448975742854856]	[147.06592972291497, 43.26106479420999, 11430433.431640625, 'C6H11O4', 117.01955659801362, 29.748856574340543, 10837554.479492188, 'C4H5O4', 'C2H6', 2.5585057829461464]	[147.06592972291497, 43.26106479420999, 11430433.431640625, 'C6H11O4', 85.02967014894365, 34.471996919072566, 9985704.373535156, 'C4H5O2', 'C2H6O2', 0.3292568602348154]	[147.06592972291497, 43.26106479420999, 11430433.431640625, 'C6H11O4', 131.03517978048146, 30.63578871607742, 4846614.5419921875, 'C5H7O4', 'C1H4', 3.1224992852287516]	[147.06592972291497, 43.26106479420999, 11430433.431640625, 'C6H11O4', 72.99325682876366, 10.335204360692387, 4164062.830078125, 'C2H1O3', 'C4H10O1', -0.17407316046176713]	[147.06592972291497, 43.26106479420999, 11430433.431640625, 'C6H11O4', 87.00893898424125, 11.311856195017047, 4160068.1306152344, 'C3H3O3', 'C3H8O1', 0.3207148024803319]	[147.06592972291497, 43.26106479420999, 11430433.431640625, 'C6H11O4', 99.00896751185404, 7.1136837199319745, 3802384.781982422, 'C4H3O3', 'C2H8O1', 1.2024966862801219]	[147.06592972291497, 43.26106479420999, 11430433.431640625, 'C6H11O4', 83.05040305044066, 6.413935110788634, 3609044.8087158203, 'C5H7O1', 'C1H4O3', 0.3644013367989075]	[147.06592972291497, 43.26106479420999, 11430433.431640625, 'C6H11O4', 97.02965386824468, 17.92991416512096, 3489073.7299804688, 'C5H5O2', 'C1H6O2', 0.08284565968890148]	[147.06592972291497, 43.26106479420999, 11430433.431640625, 'C6H11O4', 57.03466900951355, 16.000497061946856, 3488391.9233398438, 'C3H5O1', 'C3H6O3', -0.674355371298575]	[147.06592972291497, 43.26106479420999, 11430433.431640625, 'C6H11O4', 111.0453665603062, 2.098414128257308, 2383151.642578125, 'C6H7O2', 'H4O2', 1.8555085653290342]	[147.06592972291497, 43.26106479420999, 11430433.431640625, 'C6H11O4', 127.04023684187825, 6.939010174608801, 1898570.130859375, 'C6H7O3', 'H4O1', 1.3541746772500531]	[147.06592972291497, 43.26106479420999, 11430433.431640625, 'C6H11O4', 81.03474771319142, 3.7752168699886606, 1448247.2607421875, 'C5H5O1', 'C1H6O3', 0.12100670770238715]	[147.06592972291497, 43.26106479420999, 11430433.431640625, 'C6H11O4', 129.05595220489408, 3.0004924633484116, 1279144.3681640625, 'C6H9O3', 'H2O1', 4.579666420887227]	[147.06592972291497, 43.26106479420999, 11430433.431640625, 'C6H11O4', 109.02964443133037, 23.99942206209977, 1212488.2150878906, 'C6H5O2', 'H6O2', -0.1391175559756761]	[147.06592972291497, 43.26106479420999, 11430433.431640625, 'C6H11O4', 101.0609246855239, 2.9239759858761243, 1160282.94140625, 'C5H9O2', 'C1H2O2', -0.5442259802518359]	
469.749184	[280.2644724031122, 71.07243414746114, 9669489.90625, 'C18H34N1O1', 0, 0, 0, 'None', 'None', 0]	
490.88885	[362.0524953610696, 11.515508047218397, 8372146.65625, 'C17H16N1O4S2', 79.9574566445723, 319.3355518559461, 284271176.5625, 'O3S1', 'C17H16N1O1S1', -0.9880216417445892]	
476.38025	[337.13240003776366, 123.72698989805009, 10068918.4609375, 'C14H25O7S1', 0, 0, 0, 'None', 'None', 0]	
457.1376	[337.13263989656394, 206.22952337129095, 10925470.25, 'C14H25O7S1', 207.01238943656998, 88.4267638518624, 2714794.0379943848, 'C10H7O3S1', 'C4H18O4', -1.8479757695131795]	
440.2685	[247.0644659215227, 7.655682122387704, 9856769.692382812, 'C10H15O5S1', 80.96525894753206, 32.64534720737364, 19568241.672851562, 'H1O3S1', 'C10H14O2', -1.9685404423370558]	[247.0644659215227, 7.655682122387704, 9856769.692382812, 'C10H15O5S1', 159.06650929703852, 12.276037375667288, 9948163.002197266, 'C7H11O4', 'C3H4O1S1', -1.893493256263234]	[247.0644659215227, 7.655682122387704, 9856769.692382812, 'C10H15O5S1', 71.01393674338031, 9.384257375535126, 3895069.4780273438, 'C3H3O2', 'C7H12O3S1', -1.7561848049870774]	[247.0644659215227, 7.655682122387704, 9856769.692382812, 'C10H15O5S1', 147.03008715546122, 5.965826284955924, 2820408.61328125, 'C5H7O5', 'C5H8S1', -2.086932718381694]	[247.0644659215227, 7.655682122387704, 9856769.692382812, 'C10H15O5S1', 235.06485378568496, 28.265324814073125, 1835175.1201171875, 'C9H15O5S1', 'C1', -9.344565823037813]	
138.52187	[185.0452411793101, 27.981652998604833, 7716319.71875, 'C8H9O5', 75.00886435767812, 42.86185112466234, 6134831.5556640625, 'C2H3O3', 'C6H6O2', -0.8799016727975052]	[185.0452411793101, 27.981652998604833, 7716319.71875, 'C8H9O5', 97.06595253410542, 22.64554681195797, 4773550.838378906, 'C6H9O1', 'C2O4', -1.462213158995919]	
37.789627	[203.0559783424518, 97.8891097938302, 8926909.395019531, 'C8H11O6', 73.02963159148271, 128.24264618460666, 26149363.95703125, 'C3H5O2', 'C5H6O4', -1.8207852838203191]	[203.0559783424518, 97.8891097938302, 8926909.395019531, 'C8H11O6', 117.01955659801362, 29.748856574340543, 10837554.479492188, 'C4H5O4', 'C4H6O2', -1.6474838395837113]	[203.0559783424518, 97.8891097938302, 8926909.395019531, 'C8H11O6', 85.02967014894365, 34.471996919072566, 9985704.373535156, 'C4H5O2', 'C4H6O4', -1.679224501397828]	[203.0559783424518, 97.8891097938302, 8926909.395019531, 'C8H11O6', 131.03517978048146, 30.63578871607742, 4846614.5419921875, 'C5H7O4', 'C3H4O2', -2.3404461417178766]	[203.0559783424518, 97.8891097938302, 8926909.395019531, 'C8H11O6', 72.99325682876366, 10.335204360692387, 4164062.830078125, 'C2H1O3', 'C6H10O3', -1.7800088711644226]	[203.0559783424518, 97.8891097938302, 8926909.395019531, 'C8H11O6', 87.00893898424125, 11.311856195017047, 4160068.1306152344, 'C3H3O3', 'C5H8O3', -1.631729647998865]	[203.0559783424518, 97.8891097938302, 8926909.395019531, 'C8H11O6', 99.00896751185404, 7.1136837199319745, 3802384.781982422, 'C4H3O3', 'C4H8O3', -1.6418518462316491]	[203.0559783424518, 97.8891097938302, 8926909.395019531, 'C8H11O6', 83.05040305044066, 6.413935110788634, 3609044.8087158203, 'C5H7O1', 'C3H4O5', -1.6273510374594398]	[203.0559783424518, 97.8891097938302, 8926909.395019531, 'C8H11O6', 97.02965386824468, 17.92991416512096, 3489073.7299804688, 'C5H5O2', 'C3H6O4', -2.022829677074573]	[203.0559783424518, 97.8891097938302, 8926909.395019531, 'C8H11O6', 57.03466900951355, 16.000497061946856, 3488391.9233398438, 'C3H5O1', 'C5H6O5', -1.9814364685997068]	[203.0559783424518, 97.8891097938302, 8926909.395019531, 'C8H11O6', 111.0453665603062, 2.098414128257308, 2383151.642578125, 'C6H7O2', 'C2H4O4', -1.6496066904700544]	[203.0559783424518, 97.8891097938302, 8926909.395019531, 'C8H11O6', 127.04023684187825, 6.939010174608801, 1898570.130859375, 'C6H7O3', 'C2H4O3', -2.6507568588117754]	[203.0559783424518, 97.8891097938302, 8926909.395019531, 'C8H11O6', 71.0503874704255, 10.234746805174039, 1885442.7271728516, 'C4H7O1', 'C4H4O5', -1.6731957202192917]	[203.0559783424518, 97.8891097938302, 8926909.395019531, 'C8H11O6', 145.05085396439694, 3.7195394704337232, 1640963.1616210938, 'C6H9O4', 'C2H2O2', -2.4890354411440963]	[203.0559783424518, 97.8891097938302, 8926909.395019531, 'C8H11O6', 81.03474771319142, 3.7752168699886606, 1448247.2607421875, 'C5H5O1', 'C3H6O5', -1.7261618835730428]	[203.0559783424518, 97.8891097938302, 8926909.395019531, 'C8H11O6', 125.06096967887306, 4.14469251103862, 1361847.2883605957, 'C7H9O2', 'C1H2O4', -2.5471156241303694]	[203.0559783424518, 97.8891097938302, 8926909.395019531, 'C8H11O6', 187.06160969624483, 19.298233668424103, 1362928.2885742188, 'C8H11O5', 'O1', 2.5854412405616713]	
193.02762	[383.0047875890254, 1.8204851600972773, 7750282.34375, 'C12H19N2O2S5', 0, 0, 0, 'None', 'None', 0]	
315.21423	[235.06440941423656, 47.717647798791006, 7645364.016113281, 'C9H15O5S1', 0, 0, 0, 'None', 'None', 0]	
420.8931	[165.01899112143758, 16.022573385678157, 7300681.689453125, 'C8H5O4', 0, 0, 0, 'None', 'None', 0]	
529.6466	[223.10070945448777, 271.4701844801502, 6986474.16015625, 'C9H19O4S1', 0, 0, 0, 'None', 'None', 0]	
412.41998	[185.0816093115177, 38.083289270308356, 6798160.393066406, 'C9H13O4', 141.09227311164912, 8.060962108222643, 833962.0283203125, 'C8H13O2', 'C1O2', -0.14093866026792903]	
37.9883963	[119.03456019109024, 10.023261970158178, 7202822.526489258, 'C4H7O4', 73.02963159148271, 128.24264618460666, 26149363.95703125, 'C3H5O2', 'C1H2O2', 1.1172679841641144]	[119.03456019109024, 10.023261970158178, 7202822.526489258, 'C4H7O4', 85.02967014894365, 34.471996919072566, 9985704.373535156, 'C4H5O2', 'H2O2', 2.6453998410313617]	[119.03456019109024, 10.023261970158178, 7202822.526489258, 'C4H7O4', 72.99325682876366, 10.335204360692387, 4164062.830078125, 'C2H1O3', 'C2H6O1', 1.2301358610654187]	[119.03456019109024, 10.023261970158178, 7202822.526489258, 'C4H7O4', 87.00893898424125, 11.311856195017047, 4160068.1306152344, 'C3H3O3', 'C1H4O1', 2.772522792924585]	[119.03456019109024, 10.023261970158178, 7202822.526489258, 'C4H7O4', 99.00896751185404, 7.1136837199319745, 3802384.781982422, 'C4H3O3', 'H4O1', 6.35774366180705]	[119.03456019109024, 10.023261970158178, 7202822.526489258, 'C4H7O4', 57.03466900951355, 16.000497061946856, 3488391.9233398438, 'C3H5O1', 'C1H2O3', 0.14223173664920696]	
382.02847	[281.06982571140105, 197.21288588913876, 5515723.791748047, 'C10H17O7S1', 156.9966872494666, 94.13291267432592, 4080091.1694335938, 'C6H5O3S1', 'C4H12O4', -0.6323819905412851]	[281.06982571140105, 197.21288588913876, 5515723.791748047, 'C10H17O7S1', 93.03471979214734, 1.9873815399962567, 2165187.9072265625, 'C6H5O1', 'C4H12O6S1', -0.7760192703059807]	[281.06982571140105, 197.21288588913876, 5515723.791748047, 'C10H17O7S1', 200.98657617731337, 71.8610890743613, 1155831.9013671875, 'C7H5O5S1', 'C3H12O2', -0.2439207429464488]	
110.29137	[113.06046588615595, 10.212132429869449, 5768875.340332031, 'C6H9O2', 0, 0, 0, 'None', 'None', 0]	
168.79562	[145.0138153027044, 67.08851782207924, 6165582.8095703125, 'C5H5O5', 83.0140228377944, 7.461007226475157, 1402548.9643554688, 'C4H3O2', 'C1H2O3', 1.7344287540313286]	
380.8116	[263.05959817209487, 50.237943162255675, 6006112.09765625, 'C10H15O6S1', 156.996683122587, 127.09414355323915, 4258815.5302734375, 'C6H5O3S1', 'C4H10O3', -3.913220290625337]	[263.05959817209487, 50.237943162255675, 6006112.09765625, 'C10H15O6S1', 200.98654614280284, 71.8610890743613, 1336669.7998046875, 'C7H5O5S1', 'C3H10O1', -6.315560801883306]	
62.46012	[203.0921712367565, 47.22527762836072, 7319472.4765625, 'C9H15O5', 73.02963965637842, 195.39214420799627, 87602188.49438477, 'C3H5O2', 'C6H10O3', -0.31969405584254035]	[203.0921712367565, 47.22527762836072, 7319472.4765625, 'C9H15O5', 117.01959083608405, 146.64763861058364, 31891618.433380127, 'C4H5O4', 'C5H10O1', 0.9247877171830594]	[203.0921712367565, 47.22527762836072, 7319472.4765625, 'C9H15O5', 59.01397747250221, 62.13492286888198, 27478412.73046875, 'C2H3O2', 'C7H12O3', -0.3731589514370576]	[203.0921712367565, 47.22527762836072, 7319472.4765625, 'C9H15O5', 85.02969105797492, 39.08813823044215, 16758028.25, 'C4H5O2', 'C5H10O3', 0.08318626536167618]	[203.0921712367565, 47.22527762836072, 7319472.4765625, 'C9H15O5', 99.00896170002, 95.85225881805317, 8561368.4765625, 'C4H3O3', 'C5H12O2', 0.1966039025031724]	[203.0921712367565, 47.22527762836072, 7319472.4765625, 'C9H15O5', 97.02964608997425, 24.431065114312492, 5230760.487792969, 'C5H5O2', 'C4H10O3', -0.2370928250332068]	[203.0921712367565, 47.22527762836072, 7319472.4765625, 'C9H15O5', 101.0245825219518, 20.082600459290344, 4357304.8740234375, 'C4H5O3', 'C5H10O2', -0.08538226620243676]	[203.0921712367565, 47.22527762836072, 7319472.4765625, 'C9H15O5', 145.0508850308352, 10.693701915755511, 2364248.563720703, 'C6H9O4', 'C3H6O1', 1.2713957218970664]	[203.0921712367565, 47.22527762836072, 7319472.4765625, 'C9H15O5', 159.06659892281502, 3.733830415211865, 1354649.982421875, 'C7H11O4', 'C2H4O1', 3.1273754678673393]	
37.789627	[159.02962811625298, 15.262086796429255, 6216929.580078125, 'C6H7O5', 73.02963159148271, 128.24264618460666, 26149363.95703125, 'C3H5O2', 'C3H2O3', -1.2386529680486404]	[159.02962811625298, 15.262086796429255, 6216929.580078125, 'C6H7O5', 117.01955659801362, 29.748856574340543, 10837554.479492188, 'C4H5O4', 'C2H2O1', -0.27417478375429744]	[159.02962811625298, 15.262086796429255, 6216929.580078125, 'C6H7O5', 85.02967014894365, 34.471996919072566, 9985704.373535156, 'C4H5O2', 'C2H2O3', -0.9184714689802934]	[159.02962811625298, 15.262086796429255, 6216929.580078125, 'C6H7O5', 131.03517978048146, 30.63578871607742, 4846614.5419921875, 'C5H7O4', 'C1O1', -1.3693817563437787]	[159.02962811625298, 15.262086796429255, 6216929.580078125, 'C6H7O5', 72.99325682876366, 10.335204360692387, 4164062.830078125, 'C2H1O3', 'C4H6O2', -1.0610275334272674]	[159.02962811625298, 15.262086796429255, 6216929.580078125, 'C6H7O5', 87.00893898424125, 11.311856195017047, 4160068.1306152344, 'C3H3O3', 'C3H4O2', -0.8210363150161033]	[159.02962811625298, 15.262086796429255, 6216929.580078125, 'C6H7O5', 99.00896751185404, 7.1136837199319745, 3802384.781982422, 'C4H3O3', 'C2H4O2', -0.5098934881598342]	[159.02962811625298, 15.262086796429255, 6216929.580078125, 'C6H7O5', 83.05040305044066, 6.413935110788634, 3609044.8087158203, 'C5H7O1', 'C1O4', -0.8563575646747783]	[159.02962811625298, 15.262086796429255, 6216929.580078125, 'C6H7O5', 97.02965386824468, 17.92991416512096, 3489073.7299804688, 'C5H5O2', 'C1H2O3', -1.1975393608500038]	[159.02962811625298, 15.262086796429255, 6216929.580078125, 'C6H7O5', 57.03466900951355, 16.000497061946856, 3488391.9233398438, 'C3H5O1', 'C3H2O4', -1.461895860210011]	[159.02962811625298, 15.262086796429255, 6216929.580078125, 'C6H7O5', 111.0453665603062, 2.098414128257308, 2383151.642578125, 'C6H7O2', 'O3', -0.24082534543368989]	[159.02962811625298, 15.262086796429255, 6216929.580078125, 'C6H7O5', 127.04023684187825, 6.939010174608801, 1898570.130859375, 'C6H7O3', 'O2', -1.9154292897415923]	[159.02962811625298, 15.262086796429255, 6216929.580078125, 'C6H7O5', 81.03474771319142, 3.7752168699886606, 1448247.2607421875, 'C5H5O1', 'C1H2O4', -0.9026568136825996]	[159.02962811625298, 15.262086796429255, 6216929.580078125, 'C6H7O5', 109.02964443133037, 23.99942206209977, 1212488.2150878906, 'C6H5O2', 'H2O3', -1.6736822615960891]	
37.789627	[133.05021933537463, 5.899513859051365, 6891448.381591797, 'C5H9O4', 73.02963159148271, 128.24264618460666, 26149363.95703125, 'C3H5O2', 'C2H4O2', 0.7040210309793524]	[133.05021933537463, 5.899513859051365, 6891448.381591797, 'C5H9O4', 117.01955659801362, 29.748856574340543, 10837554.479492188, 'C4H5O4', 'C1H4', 8.562238512511108]	[133.05021933537463, 5.899513859051365, 6891448.381591797, 'C5H9O4', 85.02967014894365, 34.471996919072566, 9985704.373535156, 'C4H5O2', 'C1H4O2', 1.6828780375004049]	[133.05021933537463, 5.899513859051365, 6891448.381591797, 'C5H9O4', 72.99325682876366, 10.335204360692387, 4164062.830078125, 'C2H1O3', 'C3H8O1', 0.7907991287637186]	[133.05021933537463, 5.899513859051365, 6891448.381591797, 'C5H9O4', 87.00893898424125, 11.311856195017047, 4160068.1306152344, 'C3H3O3', 'C2H6O1', 1.729925863191798]	[133.05021933537463, 5.899513859051365, 6891448.381591797, 'C5H9O4', 99.00896751185404, 7.1136837199319745, 3802384.781982422, 'C4H3O3', 'C1H6O1', 3.471515802614768]	[133.05021933537463, 5.899513859051365, 6891448.381591797, 'C5H9O4', 83.05040305044066, 6.413935110788634, 3609044.8087158203, 'C5H7O1', 'H2O3', 1.6742907294613876]	[133.05021933537463, 5.899513859051365, 6891448.381591797, 'C5H9O4', 97.02965386824468, 17.92991416512096, 3489073.7299804688, 'C5H5O2', 'H4O2', 1.7915314054321088]	[133.05021933537463, 5.899513859051365, 6891448.381591797, 'C5H9O4', 57.03466900951355, 16.000497061946856, 3488391.9233398438, 'C3H5O1', 'C2H4O3', -0.13583790580083063]	[133.05021933537463, 5.899513859051365, 6891448.381591797, 'C5H9O4', 81.03474771319142, 3.7752168699886606, 1448247.2607421875, 'C5H5O1', 'H4O3', 1.5068028980333317]	[133.05021933537463, 5.899513859051365, 6891448.381591797, 'C5H9O4', 101.0609246855239, 2.9239759858761243, 1160282.94140625, 'C5H9O2', 'O2', 1.105044582348356]	
157.709202	[115.00322825963073, 5.8900295632089765, 3810713.28515625, 'C4H3O4', 0, 0, 0, 'None', 'None', 0]	
172.44386	[179.03459968731272, 50.35916037983183, 4529314.33984375, 'C9H7O4', 0, 0, 0, 'None', 'None', 0]	
37.9883963	[143.0346055040017, 7.213535389279642, 5481139.9267578125, 'C6H7O4', 73.02963159148271, 128.24264618460666, 26149363.95703125, 'C3H5O2', 'C3H2O2', 0.08695721471061492]	[143.0346055040017, 7.213535389279642, 5481139.9267578125, 'C6H7O4', 59.01396806488682, 67.53505453356544, 15429212.188232422, 'C2H3O2', 'C4H4O2', -0.08853861175844593]	[143.0346055040017, 7.213535389279642, 5481139.9267578125, 'C6H7O4', 117.01955659801362, 29.748856574340543, 10837554.479492188, 'C4H5O4', 'C2H2', 3.8859073202858023]	[143.0346055040017, 7.213535389279642, 5481139.9267578125, 'C6H7O4', 85.02967014894365, 34.471996919072566, 9985704.373535156, 'C4H5O2', 'C2H2O2', 0.769668250658949]	[143.0346055040017, 7.213535389279642, 5481139.9267578125, 'C6H7O4', 131.03517978048146, 30.63578871607742, 4846614.5419921875, 'C5H7O4', 'C1', 6.189744959936032]	[143.0346055040017, 7.213535389279642, 5481139.9267578125, 'C6H7O4', 72.99325682876366, 10.335204360692387, 4164062.830078125, 'C2H1O3', 'C4H6O1', 0.30445744047826123]	[143.0346055040017, 7.213535389279642, 5481139.9267578125, 'C6H7O4', 87.00893898424125, 11.311856195017047, 4160068.1306152344, 'C3H3O3', 'C3H4O1', 0.9545582517411769]	[143.0346055040017, 7.213535389279642, 5481139.9267578125, 'C6H7O4', 99.00896751185404, 7.1136837199319745, 3802384.781982422, 'C4H3O3', 'C2H4O1', 1.6355704958399409]	[143.0346055040017, 7.213535389279642, 5481139.9267578125, 'C6H7O4', 83.05040305044066, 6.413935110788634, 3609044.8087158203, 'C5H7O1', 'C1O3', 0.6259335703776822]	[143.0346055040017, 7.213535389279642, 5481139.9267578125, 'C6H7O4', 97.02965386824468, 17.92991416512096, 3489073.7299804688, 'C5H5O2', 'C1H2O2', 0.6165409093454164]	[143.0346055040017, 7.213535389279642, 5481139.9267578125, 'C6H7O4', 57.03466900951355, 16.000497061946856, 3488391.9233398438, 'C3H5O1', 'C3H2O3', -0.5406308391089847]	[143.0346055040017, 7.213535389279642, 5481139.9267578125, 'C6H7O4', 111.0453665603062, 2.098414128257308, 2383151.642578125, 'C6H7O2', 'O2', 2.846422244327186]	[143.0346055040017, 7.213535389279642, 5481139.9267578125, 'C6H7O4', 127.04023684187825, 6.939010174608801, 1898570.130859375, 'C6H7O3', 'O1', 2.584446139482247]	[143.0346055040017, 7.213535389279642, 5481139.9267578125, 'C6H7O4', 71.0503874704255, 10.234746805174039, 1885442.7271728516, 'C4H7O1', 'C2O3', 0.4440723627503141]	[143.0346055040017, 7.213535389279642, 5481139.9267578125, 'C6H7O4', 81.03474771319142, 3.7752168699886606, 1448247.2607421875, 'C5H5O1', 'C1H2O3', 0.6807894540158339]	[143.0346055040017, 7.213535389279642, 5481139.9267578125, 'C6H7O4', 109.02964443133037, 23.99942206209977, 1212488.2150878906, 'C6H5O2', 'H2O2', 0.5565967370530553]	
62.46012	[177.04006741219433, 13.185359163474399, 7389837.140625, 'C6H9O6', 73.02963965637842, 195.39214420799627, 87602188.49438477, 'C3H5O2', 'C3H4O4', 0.3100076576506533]	[177.04006741219433, 13.185359163474399, 7389837.140625, 'C6H9O6', 117.01959083608405, 146.64763861058364, 31891618.433380127, 'C4H5O4', 'C2H4O2', 2.5561711665765894]	[177.04006741219433, 13.185359163474399, 7389837.140625, 'C6H9O6', 59.01397747250221, 62.13492286888198, 27478412.73046875, 'C2H3O2', 'C4H6O4', 0.1699643096146337]	[177.04006741219433, 13.185359163474399, 7389837.140625, 'C6H9O6', 85.02969105797492, 39.08813823044215, 16758028.25, 'C4H5O2', 'C2H4O4', 0.9090857938956777]	[177.04006741219433, 13.185359163474399, 7389837.140625, 'C6H9O6', 99.00896170002, 95.85225881805317, 8561368.4765625, 'C4H3O3', 'C2H6O3', 1.0801754608078589]	[177.04006741219433, 13.185359163474399, 7389837.140625, 'C6H9O6', 75.00889556750607, 31.979648102068882, 5960997.370849609, 'C2H3O3', 'C4H6O3', 0.1779380010885627]	[177.04006741219433, 13.185359163474399, 7389837.140625, 'C6H9O6', 97.02964608997425, 24.431065114312492, 5230760.487792969, 'C5H5O2', 'C1H4O4', 0.4834062559586604]	[177.04006741219433, 13.185359163474399, 7389837.140625, 'C6H9O6', 145.0508850308352, 10.693701915755511, 2364248.563720703, 'C6H9O4', 'O2', 4.614570382404536]	
74.68112	[205.0714946964402, 68.01210507893191, 5616037.673828125, 'C8H13O6', 0, 0, 0, 'None', 'None', 0]	
329.77963	[135.04479451823755, 34.64341961168958, 5514340.318603516, 'C8H7O2', 0, 0, 0, 'None', 'None', 0]	
70.996376	[99.04473008617468, 15.029536036560538, 4799159.912109375, 'C5H7O2', 0, 0, 0, 'None', 'None', 0]	
290.9916	[231.01434078401044, 10.432891239882395, 5105149.7333984375, 'C8H7O8', 71.01396737512943, 157.9770244649157, 60425897.109375, 'C3H3O2', 'C5H4O6', -0.5213026606281808]	[231.01434078401044, 10.432891239882395, 5105149.7333984375, 'C8H7O8', 115.00388280498603, 68.4318804184898, 8079021.453125, 'C4H3O4', 'C4H4O4', 0.017420557688677587]	
472.78925	[220.07707861095457, 13.674438063807994, 5662116.353687286, 'C9H16O4S1', 95.95240510725382, 492.16342098394284, 3255682774.0, 'O4S1', 'C9H16', 0.21346434819046484]	[220.07707861095457, 13.674438063807994, 5662116.353687286, 'C9H16O4S1', 205.05419136188442, 177.23667876318132, 17391888.271484375, 'C8H13O4S1', 'C1H3', 5.508140639337527]	
407.55313	[263.0595469391135, 33.165759204563386, 4575807.577636719, 'C11H19O1S3', 0, 0, 0, 'None', 'None', 0]	
406.34113	[323.96985287425207, 13.433300860502374, 4782297.1572265625, 'C12H8N2O3S3', 0, 0, 0, 'None', 'None', 0]	
120.10624	[185.04526599199818, 3.0312002799667552, 4105594.696166992, 'C8H9O5', 0, 0, 0, 'None', 'None', 0]	
37.789627	[146.04561795498054, 15.006166639997987, 5231053.28125, 'C5H8N1O4', 73.02963159148271, 128.24264618460666, 26149363.95703125, 'C3H5O2', 'C2H3N1O2', -1.4567052337412605]	[146.04561795498054, 15.006166639997987, 5231053.28125, 'C5H8N1O4', 117.01955659801362, 29.748856574340543, 10837554.479492188, 'C4H5O4', 'C1H3N1', -0.39126118933720405]	[146.04561795498054, 15.006166639997987, 5231053.28125, 'C5H8N1O4', 85.02967014894365, 34.471996919072566, 9985704.373535156, 'C4H5O2', 'C1H3N1O2', -1.111274735478482]	[146.04561795498054, 15.006166639997987, 5231053.28125, 'C5H8N1O4', 131.03517978048146, 30.63578871607742, 4846614.5419921875, 'C5H7O4', 'H1N1', -2.543112138854459]	[146.04561795498054, 15.006166639997987, 5231053.28125, 'C5H8N1O4', 72.99325682876366, 10.335204360692387, 4164062.830078125, 'C2H1O3', 'C3H7N1O1', -1.3842882443885123]	[146.04561795498054, 15.006166639997987, 5231053.28125, 'C5H8N1O4', 87.00893898424125, 11.311856195017047, 4160068.1306152344, 'C3H3O3', 'C2H5N1O1', -1.1682594001726296]	[146.04561795498054, 15.006166639997987, 5231053.28125, 'C5H8N1O4', 99.00896751185404, 7.1136837199319745, 3802384.781982422, 'C4H3O3', 'C1H5N1O1', -0.8598124275639202]	[146.04561795498054, 15.006166639997987, 5231053.28125, 'C5H8N1O4', 83.05040305044066, 6.413935110788634, 3609044.8087158203, 'C5H7O1', 'H1N1O3', -1.1890418259818818]	[146.04561795498054, 15.006166639997987, 5231053.28125, 'C5H8N1O4', 97.02965386824468, 17.92991416512096, 3489073.7299804688, 'C5H5O2', 'H3N1O2', -1.7154794299070355]	[146.04561795498054, 15.006166639997987, 5231053.28125, 'C5H8N1O4', 57.03466900951355, 16.000497061946856, 3488391.9233398438, 'C3H5O1', 'C2H3N1O3', -1.7856744146469894]	[146.04561795498054, 15.006166639997987, 5231053.28125, 'C5H8N1O4', 81.03474771319142, 3.7752168699886606, 1448247.2607421875, 'C5H5O1', 'H3N1O3', -1.2342731559475109]	
39.014126	[221.06651299933742, 1.6463111425966324, 4274710.999511719, 'C8H13O7', 0, 0, 0, 'None', 'None', 0]	
139.74538	[145.01390065825132, 3.3211888476980307, 4069105.2294921875, 'C5H5O5', 0, 0, 0, 'None', 'None', 0]	
529.6466	[205.01392317178752, 39.00042623476373, 4348542.342529297, 'C10H5O5', 117.03477814848726, 4.179011234696934, 4670106.095092773, 'C8H5O1', 'C2O4', 0.17022914478780146]	
506.59598	[247.06447229609108, 79.87399852990973, 4584459.04296875, 'C10H15O5S1', 79.95744456374167, 326.485606408855, 310075942.21875, 'O3S1', 'C10H15O2', -1.9013646704795286]	
517.4697	[267.0181378121182, 29.93881337424941, 4477754.12109375, 'C9H15O3S3', 0, 0, 0, 'None', 'None', 0]	
283.7515	[205.01727659250415, 127.46582670755062, 4343001.902099609, 'C7H9O5S1', 0, 0, 0, 'None', 'None', 0]	
37.789627	[177.0401995629921, 23.57463160905771, 4664234.531555176, 'C6H9O6', 73.02963159148271, 128.24264618460666, 26149363.95703125, 'C3H5O2', 'C3H4O4', -1.0380771151108936]	[177.0401995629921, 23.57463160905771, 4664234.531555176, 'C6H9O6', 117.01955659801362, 29.748856574340543, 10837554.479492188, 'C4H5O4', 'C2H4O2', -0.21600685735652625]	[177.0401995629921, 23.57463160905771, 4664234.531555176, 'C6H9O6', 85.02967014894365, 34.471996919072566, 9985704.373535156, 'C4H5O2', 'C2H4O4', -0.7544100841160116]	[177.0401995629921, 23.57463160905771, 4664234.531555176, 'C6H9O6', 131.03517978048146, 30.63578871607742, 4846614.5419921875, 'C5H7O4', 'C1H2O2', -0.8647334237581045]	[177.0401995629921, 23.57463160905771, 4664234.531555176, 'C6H9O6', 72.99325682876366, 10.335204360692387, 4164062.830078125, 'C2H1O3', 'C4H8O3', -0.9873786968772371]	[177.0401995629921, 23.57463160905771, 4664234.531555176, 'C6H9O6', 87.00893898424125, 11.311856195017047, 4160068.1306152344, 'C3H3O3', 'C3H6O3', -0.6728597824146793]	[177.0401995629921, 23.57463160905771, 4664234.531555176, 'C6H9O6', 99.00896751185404, 7.1136837199319745, 3802384.781982422, 'C4H3O3', 'C2H6O3', -0.5388979194387046]	[177.0401995629921, 23.57463160905771, 4664234.531555176, 'C6H9O6', 83.05040305044066, 6.413935110788634, 3609044.8087158203, 'C5H7O1', 'C1H2O5', -0.7076533843952736]	[177.0401995629921, 23.57463160905771, 4664234.531555176, 'C6H9O6', 97.02965386824468, 17.92991416512096, 3489073.7299804688, 'C5H5O2', 'C1H4O4', -1.071036463376217]	[177.0401995629921, 23.57463160905771, 4664234.531555176, 'C6H9O6', 57.03466900951355, 16.000497061946856, 3488391.9233398438, 'C3H5O1', 'C3H4O5', -1.2545492742273014]	[177.0401995629921, 23.57463160905771, 4664234.531555176, 'C6H9O6', 111.0453665603062, 2.098414128257308, 2383151.642578125, 'C6H7O2', 'H2O4', -0.34855019032634804]	[177.0401995629921, 23.57463160905771, 4664234.531555176, 'C6H9O6', 127.04023684187825, 6.939010174608801, 1898570.130859375, 'C6H7O3', 'H2O3', -1.2544106678558877]	[177.0401995629921, 23.57463160905771, 4664234.531555176, 'C6H9O6', 71.0503874704255, 10.234746805174039, 1885442.7271728516, 'C4H7O1', 'C2H2O5', -0.774528963690719]	[177.0401995629921, 23.57463160905771, 4664234.531555176, 'C6H9O6', 145.05085396439694, 3.7195394704337232, 1640963.1616210938, 'C6H9O4', 'O2', -0.4876108295026288]	[177.0401995629921, 23.57463160905771, 4664234.531555176, 'C6H9O6', 81.03474771319142, 3.7752168699886606, 1448247.2607421875, 'C5H5O1', 'C1H4O5', -0.748389024613822]	[177.0401995629921, 23.57463160905771, 4664234.531555176, 'C6H9O6', 129.05595220489408, 3.0004924633484116, 1279144.3681640625, 'C6H9O3', 'O3', 0.05505711999391023]	
248.66762	[187.0244024199959, 31.187593411098817, 4183694.31640625, 'C7H7O6', 131.0350358430327, 37.005583562469724, 1906747.0280761719, 'C5H7O4', 'C2O2', -0.6532782709004102]	[187.0244024199959, 31.187593411098817, 4183694.31640625, 'C7H7O6', 125.02447131620633, 11.185945776820601, 1001657.228515625, 'C6H5O3', 'C1H2O3', -0.5016705372451017]	
512.62714	[267.05454915015696, 53.31452257206068, 4419197.421875, 'C9H15O7S1', 0, 0, 0, 'None', 'None', 0]	
481.2026	[263.0595918423578, 49.531627649769206, 4360374.0648498535, 'C10H15O6S1', 0, 0, 0, 'None', 'None', 0]	
443.87537	[96.95834482226563, 143.93375420808255, 1810857.0078125, 'H1O4S1', 0, 0, 0, 'None', 'None', 0]	
457.1376	[295.12194122063545, 31.55228961734984, 4428313.421875, 'C12H23O6S1', 207.01238943656998, 88.4267638518624, 2714794.0379943848, 'C10H7O3S1', 'C2H16O3', -1.2119396518062922]	
249.87975	[101.0239065719399, 15.098134768538372, 3712640.803100586, 'C4H5O3', 0, 0, 0, 'None', 'None', 0]	
465.60336	[251.05940927815044, 19.77992583585207, 4496087.30859375, 'C9H15O6S1', 207.0698578945091, 27.260259973687635, 3185463.19921875, 'C8H15O4S1', 'C1O2', -5.032584285958957]	
193.02762	[297.0282890303425, 1.3192186346888892, 4185882.94921875, 'C10H17O4S3', 157.0509402995253, 8.188873800681097, 1397784.943359375, 'C7H9O4', 'C3H8S3', 6.867295015376169]	
418.48474	[281.03359640166036, 29.538135752568426, 4216578.205078125, 'C9H13O8S1', 80.96530280251127, 9.624520700092756, 26535004.61328125, 'H1O3S1', 'C9H12O5', -1.5674565905021522]	[281.03359640166036, 29.538135752568426, 4216578.205078125, 'C9H13O8S1', 57.03465628901278, 53.880648020211325, 7313124.3271484375, 'C3H5O1', 'C6H8O7S1', -1.6210426569811778]	
367.45087	[193.05019528528777, 49.68302770105831, 3387348.184326172, 'C10H9O4', 0, 0, 0, 'None', 'None', 0]	
297.02686	[391.14273254376246, 147.55093904462692, 3762686.74609375, 'C17H27O8S1', 221.1549726777917, 116.3163964990991, 14963865.876953125, 'C14H21O2', 'C3H6O6S1', 1.471478262329588]	[391.14273254376246, 147.55093904462692, 3762686.74609375, 'C17H27O8S1', 236.10587213490004, 130.0924594755331, 14339949.512695312, 'C13H16O4', 'C4H11O4S1', 2.8353884278796033]	[391.14273254376246, 147.55093904462692, 3762686.74609375, 'C17H27O8S1', 293.1763695733925, 7.759756458515841, 2270390.98046875, 'C17H25O4', 'H2O4S1', 5.2775970808462]	
551.6191	[237.11648118338752, 96.10231798033486, 3678330.98828125, 'C10H21O4S1', 0, 0, 0, 'None', 'None', 0]	
636.7659	[379.1558424124838, 51.99124941595231, 3929331.6611328125, 'C18H25N3O4S1', 0, 0, 0, 'None', 'None', 0]	
272.90424	[199.06077122885, 49.53666061084671, 3327951.2421875, 'C9H11O5', 111.00892608841946, 9.763858772435052, 2543048.677734375, 'C5H3O3', 'C4H8O2', 0.9637400266805138]	
37.789627	[85.02910590805536, 4.994618163384316, 3747461.633178711, 'C4H5O2', 73.02963159148271, 128.24264618460666, 26149363.95703125, 'C3H5O2', 'C1', 2.1402901937198284]	[85.02910590805536, 4.994618163384316, 3747461.633178711, 'C4H5O2', 57.03466900951355, 16.000497061946856, 3488391.9233398438, 'C3H5O1', 'C1O1', -0.9608359505178844]	
277.72125	[248.96849116659916, 7.147816090712693, 2942430.71875, 'C11H5O3S2', 85.02965884049065, 84.54671709780601, 73964486.15478516, 'C4H5O2', 'C7O1S2', -1.6611395486179492]	[248.96849116659916, 7.147816090712693, 2942430.71875, 'C11H5O3S2', 125.02463015630357, 28.49534662198279, 2092139.599609375, 'C6H5O3', 'C5S2', -1.783141191648117]	
366.234	[154.99828736363594, 44.9883641758871, 3532545.234375, 'C6H3O5', 0, 0, 0, 'None', 'None', 0]	
277.72125	[259.04592741205954, 8.583928226808329, 3247140.451171875, 'C10H11O8', 85.02965884049065, 84.54671709780601, 73964486.15478516, 'C4H5O2', 'C6H6O6', -1.888160385906614]	[259.04592741205954, 8.583928226808329, 3247140.451171875, 'C10H11O8', 129.0195675203246, 52.17127384245813, 12570720.594238281, 'C5H5O4', 'C5H6O4', -1.9218470331295259]	[259.04592741205954, 8.583928226808329, 3247140.451171875, 'C10H11O8', 125.02463015630357, 28.49534662198279, 2092139.599609375, 'C6H5O3', 'C4H6O5', -2.0687362923333605]	
391.76773	[223.06420562342348, 57.81998150377822, 3021735.8125, 'C8H15O5S1', 0, 0, 0, 'None', 'None', 0]	
386.8985	[126.01923439628122, 43.8029752080885, 3144094.8676757812, 'C5H4N1O3', 0, 0, 0, 'None', 'None', 0]	
430.586	[181.053712882418, 98.72265851829371, 3044847.58203125, 'C6H13O4S1', 0, 0, 0, 'None', 'None', 0]	
37.789627	[191.05586890395315, 9.644540506050214, 3514596.0673828125, 'C7H11O6', 73.02963159148271, 128.24264618460666, 26149363.95703125, 'C3H5O2', 'C4H6O4', -1.0786748268968858]	[191.05586890395315, 9.644540506050214, 3514596.0673828125, 'C7H11O6', 117.01955659801362, 29.748856574340543, 10837554.479492188, 'C4H5O4', 'C3H6O2', -0.43634968247676215]	[191.05586890395315, 9.644540506050214, 3514596.0673828125, 'C7H11O6', 85.02967014894365, 34.471996919072566, 9985704.373535156, 'C4H5O2', 'C3H6O4', -0.8371005656339495]	[191.05586890395315, 9.644540506050214, 3514596.0673828125, 'C7H11O6', 131.03517978048146, 30.63578871607742, 4846614.5419921875, 'C5H7O4', 'C2H4O2', -0.9850433249339298]	[191.05586890395315, 9.644540506050214, 3514596.0673828125, 'C7H11O6', 72.99325682876366, 10.335204360692387, 4164062.830078125, 'C2H1O3', 'C5H10O3', -1.0339824806334377]	[191.05586890395315, 9.644540506050214, 3514596.0673828125, 'C7H11O6', 87.00893898424125, 11.311856195017047, 4160068.1306152344, 'C3H3O3', 'C4H8O3', -0.864218481573789]	[191.05586890395315, 9.644540506050214, 3514596.0673828125, 'C7H11O6', 99.00896751185404, 7.1136837199319745, 3802384.781982422, 'C4H3O3', 'C3H8O3', -0.6669617847364031]	[191.05586890395315, 9.644540506050214, 3514596.0673828125, 'C7H11O6', 83.05040305044066, 6.413935110788634, 3609044.8087158203, 'C5H7O1', 'C2H4O5', -0.7948960208747206]	[191.05586890395315, 9.644540506050214, 3514596.0673828125, 'C7H11O6', 97.02965386824468, 17.92991416512096, 3489073.7299804688, 'C5H5O2', 'C2H6O4', -1.1170836759777425]	[191.05586890395315, 9.644540506050214, 3514596.0673828125, 'C7H11O6', 57.03466900951355, 16.000497061946856, 3488391.9233398438, 'C3H5O1', 'C4H6O5', -1.342278449868091]	[191.05586890395315, 9.644540506050214, 3514596.0673828125, 'C7H11O6', 111.0453665603062, 2.098414128257308, 2383151.642578125, 'C6H7O2', 'C1H4O4', -0.5292228032758253]	[191.05586890395315, 9.644540506050214, 3514596.0673828125, 'C7H11O6', 127.04023684187825, 6.939010174608801, 1898570.130859375, 'C6H7O3', 'C1H4O3', -1.2818968008843135]	[191.05586890395315, 9.644540506050214, 3514596.0673828125, 'C7H11O6', 71.0503874704255, 10.234746805174039, 1885442.7271728516, 'C4H7O1', 'C3H4O5', -0.845237265967131]	[191.05586890395315, 9.644540506050214, 3514596.0673828125, 'C7H11O6', 145.05085396439694, 3.7195394704337232, 1640963.1616210938, 'C6H9O4', 'C1H2O2', -0.7594645178599455]	[191.05586890395315, 9.644540506050214, 3514596.0673828125, 'C7H11O6', 81.03474771319142, 3.7752168699886606, 1448247.2607421875, 'C5H5O1', 'C2H6O5', -0.9197352360786821]	[191.05586890395315, 9.644540506050214, 3514596.0673828125, 'C7H11O6', 125.06096967887306, 4.14469251103862, 1361847.2883605957, 'C7H9O2', 'H2O4', -1.351989398298647]	[191.05586890395315, 9.644540506050214, 3514596.0673828125, 'C7H11O6', 129.05595220489408, 3.0004924633484116, 1279144.3681640625, 'C6H9O3', 'C1H2O3', -0.26933785228014945]	
569.8892	[251.13221091620292, 51.87428737986655, 3432321.5009765625, 'C11H23O4S1', 0, 0, 0, 'None', 'None', 0]	
394.20337	[233.04866551932133, 84.05261993825266, 2827442.1259765625, 'C9H13O5S1', 0, 0, 0, 'None', 'None', 0]	
37.789627	[129.0189227783993, 16.611139155511225, 3208212.4604492188, 'C5H5O4', 73.02963159148271, 128.24264618460666, 26149363.95703125, 'C3H5O2', 'C2O2', 0.6932171490235598]	[129.0189227783993, 16.611139155511225, 3208212.4604492188, 'C5H5O4', 117.01955659801362, 29.748856574340543, 10837554.479492188, 'C4H5O4', 'C1', 11.151758888293704]	[129.0189227783993, 16.611139155511225, 3208212.4604492188, 'C5H5O4', 85.02967014894365, 34.471996919072566, 9985704.373535156, 'C4H5O2', 'C1O2', 1.7588310853293065]	[129.0189227783993, 16.611139155511225, 3208212.4604492188, 'C5H5O4', 72.99325682876366, 10.335204360692387, 4164062.830078125, 'C2H1O3', 'C3H4O1', 0.964734306909593]	[129.0189227783993, 16.611139155511225, 3208212.4604492188, 'C5H5O4', 87.00893898424125, 11.311856195017047, 4160068.1306152344, 'C3H3O3', 'C2H2O1', 1.8139720155872263]	[129.0189227783993, 16.611139155511225, 3208212.4604492188, 'C5H5O4', 99.00896751185404, 7.1136837199319745, 3802384.781982422, 'C4H3O3', 'C1H2O1', 3.4898988977281076]	[129.0189227783993, 16.611139155511225, 3208212.4604492188, 'C5H5O4', 97.02965386824468, 17.92991416512096, 3489073.7299804688, 'C5H5O2', 'O2', 1.9096682307156216]	[129.0189227783993, 16.611139155511225, 3208212.4604492188, 'C5H5O4', 57.03466900951355, 16.000497061946856, 3488391.9233398438, 'C3H5O1', 'C2O3', -0.0523567218883597]	[129.0189227783993, 16.611139155511225, 3208212.4604492188, 'C5H5O4', 81.03474771319142, 3.7752168699886606, 1448247.2607421875, 'C5H5O1', 'O3', 1.5616400867476077]	
419.69	[267.09088000743526, 62.48794024826045, 2770605.5390625, 'C11H23O1S3', 247.06526089711204, 178.39521355884483, 15077788.131347656, 'C11H19S3', 'H4O1', 5.0379045597509915]	[267.09088000743526, 62.48794024826045, 2770605.5390625, 'C11H23O1S3', 57.03465165545264, 47.31710100653458, 9249104.453025818, 'C3H5O1', 'C8H18S3', 1.6264559583090576]	
384.4616	[167.03793421766116, 71.5132368710041, 2687955.900390625, 'C5H11O4S1', 0, 0, 0, 'None', 'None', 0]	
188.20674	[312.9899419010484, 53.45944798986419, 2452796.0100097656, 'C12H11N1O3S3', 0, 0, 0, 'None', 'None', 0]	
304.29825	[237.0039301917542, 3.6225084303303805, 2565640.873046875, 'C10H5O7', 149.0246125273045, 14.91906405091937, 775143.2412109375, 'C8H5O3', 'C2O4', -1.7920524716638357]	
437.867	[267.0907907311499, 11.279138375512701, 2399333.6796875, 'C10H19O6S1', 79.95748812570694, 131.60295564110504, 106142090.08886719, 'O3S1', 'C10H19O3', -2.0445554871648888]	[267.0907907311499, 11.279138375512701, 2399333.6796875, 'C10H19O6S1', 159.0664897492444, 40.02460744142723, 12583309.53515625, 'C7H11O4', 'C3H8O2S1', -2.78622966938391]	[267.0907907311499, 11.279138375512701, 2399333.6796875, 'C10H19O6S1', 251.09643386027636, 89.84259767239087, 9008165.491699219, 'C10H19O5S1', 'O1', 3.3216381283947163]	[267.0907907311499, 11.279138375512701, 2399333.6796875, 'C10H19O6S1', 87.00891325281019, 4.458517714188203, 5951234.7099609375, 'C3H3O3', 'C7H16O3S1', -1.9850822979691483]	[267.0907907311499, 11.279138375512701, 2399333.6796875, 'C10H19O6S1', 59.01393894826788, 11.16689563813121, 4978353.054382324, 'C2H3O2', 'C8H16O4S1', -2.0270484914132973]	[267.0907907311499, 11.279138375512701, 2399333.6796875, 'C10H19O6S1', 71.0139654216466, 2.6687168320549066, 4758679.238769531, 'C3H3O2', 'C7H16O4S1', -2.016089839382614]	[267.0907907311499, 11.279138375512701, 2399333.6796875, 'C10H19O6S1', 85.0296164483682, 2.153173865683505, 4000300.244140625, 'C4H5O2', 'C6H14O4S1', -2.165655035668355]	[267.0907907311499, 11.279138375512701, 2399333.6796875, 'C10H19O6S1', 57.034645006601096, 6.908930075008931, 2484656.1318359375, 'C3H5O1', 'C7H14O5S1', -2.1219254800911993]	
517.4697	[223.10080788908763, 32.53363340456856, 2731925.0332946777, 'C9H19O4S1', 0, 0, 0, 'None', 'None', 0]	
68.54637	[98.02426257510473, 39.18062687481036, 1986803.302734375, 'C4H4N1O2', 0, 0, 0, 'None', 'None', 0]	
275.31512	[129.01889539254006, 403.8688094878728, 860873245.3125, 'C5H5O4', 85.0296440021574, 95.3632307387923, 66391836.506347656, 'C4H5O2', 'C1O2', 1.7869984450524747]	
466.8035	[327.29039639271207, 19.26897710660905, 2798854.640625, 'C20H39O3', 125.09732433597992, 33.188974788465806, 4071629.3125, 'C8H13O1', 'C12H26O2', -1.4444412311369497]	[327.29039639271207, 19.26897710660905, 2798854.640625, 'C20H39O3', 255.2335196707574, 1.5713487205575516, 3839091.08984375, 'C16H31O2', 'C4H8O1', 1.8496100106397775]	
384.4616	[193.05021321759563, 63.88852509211213, 2332980.0625, 'C10H9O4', 0, 0, 0, 'None', 'None', 0]	
777.9479	[129.01883953612077, 29.06154725665069, 2200284.251953125, 'C5H5O4', 71.01395295709871, 2.4872586498942875, 1198621.21875, 'C3H3O2', 'C2H2O2', 1.6105569404819755]	
220.93025	[227.1284564103882, 74.23088216157711, 2235316.162109375, 'C12H19O4', 0, 0, 0, 'None', 'None', 0]	
190.61763	[135.06583192055436, 13.642050356867601, 2307577.86328125, 'C5H11O4', 0, 0, 0, 'None', 'None', 0]	
283.7515	[285.20696641419255, 43.15602746202593, 2070005.04296875, 'C16H29O4', 0, 0, 0, 'None', 'None', 0]	
37.789627	[247.0824069565092, 26.958515881311143, 2272548.974609375, 'C11H19O2S2', 73.02963159148271, 128.24264618460666, 26149363.95703125, 'C3H5O2', 'C8H14S2', 2.382230226003432]	[247.0824069565092, 26.958515881311143, 2272548.974609375, 'C11H19O2S2', 85.02967014894365, 34.471996919072566, 9985704.373535156, 'C4H5O2', 'C7H14S2', 2.7965651495935475]	[247.0824069565092, 26.958515881311143, 2272548.974609375, 'C11H19O2S2', 83.05040305044066, 6.413935110788634, 3609044.8087158203, 'C5H7O1', 'C6H12O1S2', 2.7805094758700206]	[247.0824069565092, 26.958515881311143, 2272548.974609375, 'C11H19O2S2', 97.02965386824468, 17.92991416512096, 3489073.7299804688, 'C5H5O2', 'C6H14S2', 2.911711185761472]	[247.0824069565092, 26.958515881311143, 2272548.974609375, 'C11H19O2S2', 57.03466900951355, 16.000497061946856, 3488391.9233398438, 'C3H5O1', 'C8H14O1S2', 1.9576766844790827]	[247.0824069565092, 26.958515881311143, 2272548.974609375, 'C11H19O2S2', 111.0453665603062, 2.098414128257308, 2383151.642578125, 'C6H7O2', 'C5H12S2', 3.6725435902113674]	[247.0824069565092, 26.958515881311143, 2272548.974609375, 'C11H19O2S2', 71.0503874704255, 10.234746805174039, 1885442.7271728516, 'C4H7O1', 'C7H12O1S2', 2.5024576004643078]	[247.0824069565092, 26.958515881311143, 2272548.974609375, 'C11H19O2S2', 81.03474771319142, 3.7752168699886606, 1448247.2607421875, 'C5H5O1', 'C6H14O1S2', 2.714614147371693]	[247.0824069565092, 26.958515881311143, 2272548.974609375, 'C11H19O2S2', 125.06096967887306, 4.14469251103862, 1361847.2883605957, 'C7H9O2', 'C4H10S2', 3.7101719081080065]	
422.0981	[312.07574933837367, 29.499031425110708, 1879549.50390625, 'C10H18N1O8S1', 61.988447434756246, 145.10573055524262, 153580941.625, 'N1O3', 'C10H18O5S1', -1.2191862821133106]	[312.07574933837367, 29.499031425110708, 1879549.50390625, 'C10H18N1O8S1', 79.9575039695743, 193.61227160599407, 89462531.1640625, 'O3S1', 'C10H18N1O5', -1.0570830845696813]	
454.728	[384.06039317564404, 21.699937076207686, 2314074.2265625, 'C13H22N1O6S3', 57.03464661620362, 19.54883155102743, 2362283.4677734375, 'C3H5O1', 'C10H17N1O5S3', 1.9675502083159067]	
311.572	[219.06919767846964, 39.984622495915865, 2080834.892578125, 'C9H15O4S1', 0, 0, 0, 'None', 'None', 0]	
420.8931	[127.03959470486812, 12.578103283349195, 2658523.40234375, 'C6H7O3', 0, 0, 0, 'None', 'None', 0]	
236.55437	[187.133637395232, 40.50582946036214, 2278961.787109375, 'C10H19O3', 0, 0, 0, 'None', 'None', 0]	
222.14224	[152.03488645748578, 6.886864397552958, 2054624.9609375, 'C7H6N1O3', 0, 0, 0, 'None', 'None', 0]	
379.59637	[139.00317396727417, 19.488800543563844, 2124816.115234375, 'C6H3O4', 0, 0, 0, 'None', 'None', 0]	
394.20337	[199.02445988046637, 18.745614288191028, 1910803.296875, 'C8H7O6', 0, 0, 0, 'None', 'None', 0]	
599.12213	[279.1633638211118, 55.06522712385454, 1941418.728515625, 'C13H27O4S1', 0, 0, 0, 'None', 'None', 0]	
230.55475	[113.06028807348703, 14.577950870601128, 1901339.27734375, 'C6H9O2', 0, 0, 0, 'None', 'None', 0]	
439.0675	[311.16816259540815, 1.9488164479621126, 1615295.56640625, 'C17H27O3S1', 79.95746651465275, 102.76155052382519, 102235299.93359375, 'O3S1', 'C17H27', 0.36295493487768227]	[311.16816259540815, 1.9488164479621126, 1615295.56640625, 'C17H27O3S1', 80.96526024871983, 32.64534720737364, 19870043.310058594, 'H1O3S1', 'C17H26', 0.20700524497410785]	[311.16816259540815, 1.9488164479621126, 1615295.56640625, 'C17H27O3S1', 59.0139167263201, 12.668350914073274, 5043533.8740234375, 'C2H3O2', 'C15H24O1S1', 0.17501519476591396]	[311.16816259540815, 1.9488164479621126, 1615295.56640625, 'C17H27O3S1', 71.01396646522201, 9.384257375535126, 4364160.026733398, 'C3H3O2', 'C14H24O1S1', 0.3908722809898555]	[311.16816259540815, 1.9488164479621126, 1615295.56640625, 'C17H27O3S1', 85.02961249127101, 2.153173865683505, 3419010.5048828125, 'C4H5O2', 'C13H22O1S1', 0.39752472125179367]	
499.3551	[95.95237253139918, 8.562928881780804, 17331690.2265625, 'O4S1', 0, 0, 0, 'None', 'None', 0]	
197.84799	[297.06460136478455, 37.451013573938006, 1959629.54296875, 'C10H17O8S1', 0, 0, 0, 'None', 'None', 0]	
37.789627	[175.02444711831984, 18.80980226857127, 1916667.251953125, 'C6H7O6', 73.02963159148271, 128.24264618460666, 26149363.95703125, 'C3H5O2', 'C3H2O4', -0.054187166340456554]	[175.02444711831984, 18.80980226857127, 1916667.251953125, 'C6H7O6', 59.01396806488682, 67.53505453356544, 15429212.188232422, 'C2H3O2', 'C4H4O4', -0.1642381882905963]	[175.02444711831984, 18.80980226857127, 1916667.251953125, 'C6H7O6', 117.01955659801362, 29.748856574340543, 10837554.479492188, 'C4H5O4', 'C2H2O2', 1.5426099708065182]	[175.02444711831984, 18.80980226857127, 1916667.251953125, 'C6H7O6', 85.02967014894365, 34.471996919072566, 9985704.373535156, 'C4H5O2', 'C2H2O4', 0.3670261920795476]	[175.02444711831984, 18.80980226857127, 1916667.251953125, 'C6H7O6', 131.03517978048146, 30.63578871607742, 4846614.5419921875, 'C5H7O4', 'C1O2', 1.4244713123717914]	[175.02444711831984, 18.80980226857127, 1916667.251953125, 'C6H7O6', 72.99325682876366, 10.335204360692387, 4164062.830078125, 'C2H1O3', 'C4H6O3', -0.0028379044064945143]	[175.02444711831984, 18.80980226857127, 1916667.251953125, 'C6H7O6', 87.00893898424125, 11.311856195017047, 4160068.1306152344, 'C3H3O3', 'C3H4O3', 0.3620468831751811]	[175.02444711831984, 18.80980226857127, 1916667.251953125, 'C6H7O6', 99.00896751185404, 7.1136837199319745, 3802384.781982422, 'C4H3O3', 'C2H4O3', 0.7944847190178641]	[175.02444711831984, 18.80980226857127, 1916667.251953125, 'C6H7O6', 83.05040305044066, 6.413935110788634, 3609044.8087158203, 'C5H7O1', 'C1O5', 0.39067462837463474]	[175.02444711831984, 18.80980226857127, 1916667.251953125, 'C6H7O6', 97.02965386824468, 17.92991416512096, 3489073.7299804688, 'C5H5O2', 'C1H2O4', 0.21475558512777498]	[175.02444711831984, 18.80980226857127, 1916667.251953125, 'C6H7O6', 57.03466900951355, 16.000497061946856, 3488391.9233398438, 'C3H5O1', 'C3H2O5', -0.4077353411485742]	[175.02444711831984, 18.80980226857127, 1916667.251953125, 'C6H7O6', 111.0453665603062, 2.098414128257308, 2383151.642578125, 'C6H7O2', 'O4', 1.2416771987617352]	[175.02444711831984, 18.80980226857127, 1916667.251953125, 'C6H7O6', 127.04023684187825, 6.939010174608801, 1898570.130859375, 'C6H7O3', 'O3', 0.8278378295923308]	[175.02444711831984, 18.80980226857127, 1916667.251953125, 'C6H7O6', 71.0503874704255, 10.234746805174039, 1885442.7271728516, 'C4H7O1', 'C2O5', 0.19574120567259498]	[175.02444711831984, 18.80980226857127, 1916667.251953125, 'C6H7O6', 81.03474771319142, 3.7752168699886606, 1448247.2607421875, 'C5H5O1', 'C1H2O5', 0.3255112955233647]	
37.789627	[99.0083513649115, 3.6691600618969176, 2189347.3212890625, 'C4H3O3', 72.99325682876366, 10.335204360692387, 4164062.830078125, 'C2H1O3', 'C2H2', 2.131946363280927]	[99.0083513649115, 3.6691600618969176, 2189347.3212890625, 'C4H3O3', 87.00893898424125, 11.311856195017047, 4160068.1306152344, 'C3H3O3', 'C1', 7.301664126325493]	
622.22076	[365.14005533841055, 10.767153908655787, 1834002.1931152344, 'C17H23N3O4S1', 0, 0, 0, 'None', 'None', 0]	
360.15198	[253.00220462737843, 7.297505580689004, 1717916.0703125, 'C8H13O3S3', 0, 0, 0, 'None', 'None', 0]	
388.1145	[323.9701051134212, 8.147697382531375, 1800302.2397460938, 'C12H8N2O3S3', 0, 0, 0, 'None', 'None', 0]	
350.4356	[247.02802346797944, 18.886222773768136, 1659964.44140625, 'C9H11O6S1', 165.0228682279569, 203.54440298016794, 3857343.6560058594, 'C5H9O4S1', 'C4H2O2', -2.136926069496611]	[247.02802346797944, 18.886222773768136, 1659964.44140625, 'C9H11O6S1', 167.07148239315563, 78.31990718902725, 1215853.6826171875, 'C9H11O3', 'O3S1', -2.7649200225636936]	
636.7659	[396.14602553311175, 19.920170309809034, 2002689.185546875, 'C17H32O4S3', 311.1690615029914, 545.9832605168352, 50356098.615234375, 'C17H27O3S1', 'H5O1S2', 8.425408875084207]	
585.72687	[385.09676292166546, 17.20694917116712, 1654584.05078125, 'C18H25O3S3', 0, 0, 0, 'None', 'None', 0]	
516.2585	[387.0347806128728, 6.913926028320759, 1719594.001953125, 'C18H11O10', 0, 0, 0, 'None', 'None', 0]	
399.0695	[382.01156101305236, 28.237294877375362, 1598778.6831054688, 'C15H14N2O4S3', 0, 0, 0, 'None', 'None', 0]	
89.43088	[285.0284583498917, 10.184447856691051, 1675708.4443359375, 'C9H17O4S3', 125.06096997969729, 152.5569161605763, 33114759.002929688, 'C7H9O2', 'C2H8O2S3', 4.136013788337278]	
37.789627	[219.08716203305866, 40.29691548406398, 1814170.7041015625, 'C9H15O6', 73.02963159148271, 128.24264618460666, 26149363.95703125, 'C3H5O2', 'C6H10O4', -0.824614542455944]	[219.08716203305866, 40.29691548406398, 1814170.7041015625, 'C9H15O6', 117.01955659801362, 29.748856574340543, 10837554.479492188, 'C4H5O4', 'C5H10O2', -0.2491967979393733]	[219.08716203305866, 40.29691548406398, 1814170.7041015625, 'C9H15O6', 85.02967014894365, 34.471996919072566, 9985704.373535156, 'C4H5O2', 'C5H10O4', -0.6108111410586775]	[219.08716203305866, 40.29691548406398, 1814170.7041015625, 'C9H15O6', 131.03517978048146, 30.63578871607742, 4846614.5419921875, 'C5H7O4', 'C4H8O2', -0.5934253739224554]	[219.08716203305866, 40.29691548406398, 1814170.7041015625, 'C9H15O6', 72.99325682876366, 10.335204360692387, 4164062.830078125, 'C2H1O3', 'C7H14O3', -0.7885606216361357]	[219.08716203305866, 40.29691548406398, 1814170.7041015625, 'C9H15O6', 87.00893898424125, 11.311856195017047, 4160068.1306152344, 'C3H3O3', 'C6H12O3', -0.6287827097072602]	[219.08716203305866, 40.29691548406398, 1814170.7041015625, 'C9H15O6', 99.00896751185404, 7.1136837199319745, 3802384.781982422, 'C4H3O3', 'C5H12O3', -0.45404561441387686]	[219.08716203305866, 40.29691548406398, 1814170.7041015625, 'C9H15O6', 83.05040305044066, 6.413935110788634, 3609044.8087158203, 'C5H7O1', 'C4H8O5', -0.6541047550706188]	[219.08716203305866, 40.29691548406398, 1814170.7041015625, 'C9H15O6', 97.02965386824468, 17.92991416512096, 3489073.7299804688, 'C5H5O2', 'C4H10O4', -0.8042472218988935]	[219.08716203305866, 40.29691548406398, 1814170.7041015625, 'C9H15O6', 57.03466900951355, 16.000497061946856, 3488391.9233398438, 'C3H5O1', 'C6H10O5', -1.0676973123040678]	[219.08716203305866, 40.29691548406398, 1814170.7041015625, 'C9H15O6', 111.0453665603062, 2.098414128257308, 2383151.642578125, 'C6H7O2', 'C3H8O4', -0.32832283230249093]	[219.08716203305866, 40.29691548406398, 1814170.7041015625, 'C9H15O6', 127.04023684187825, 6.939010174608801, 1898570.130859375, 'C6H7O3', 'C3H8O3', -0.9255139970125048]	[219.08716203305866, 40.29691548406398, 1814170.7041015625, 'C9H15O6', 71.0503874704255, 10.234746805174039, 1885442.7271728516, 'C4H7O1', 'C5H8O5', -0.7063263860357296]	[219.08716203305866, 40.29691548406398, 1814170.7041015625, 'C9H15O6', 145.05085396439694, 3.7195394704337232, 1640963.1616210938, 'C6H9O4', 'C3H6O2', -0.3791176641273669]	[219.08716203305866, 40.29691548406398, 1814170.7041015625, 'C9H15O6', 81.03474771319142, 3.7752168699886606, 1448247.2607421875, 'C5H5O1', 'C4H10O5', -0.6832153286656358]	[219.08716203305866, 40.29691548406398, 1814170.7041015625, 'C9H15O6', 125.06096967887306, 4.14469251103862, 1361847.2883605957, 'C7H9O2', 'C2H6O4', -0.8758596472099793]	[219.08716203305866, 40.29691548406398, 1814170.7041015625, 'C9H15O6', 187.06160969624483, 19.298233668424103, 1362928.2885742188, 'C8H11O5', 'C1H4O1', 4.922966605660814]	
419.69	[293.10637764336406, 13.667586053934471, 1672329.380859375, 'C12H21O6S1', 96.96025660125642, 156.72853045408166, 374418643.59375, 'H1O4S1', 'C12H20O2', -1.4837987321583954]	[293.10637764336406, 13.667586053934471, 1672329.380859375, 'C12H21O6S1', 79.95751812886344, 233.94977387233268, 110137151.19067383, 'O3S1', 'C12H21O3', -1.3582705632008836]	[293.10637764336406, 13.667586053934471, 1672329.380859375, 'C12H21O6S1', 247.06526089711204, 31.066363507105237, 15077788.131347656, 'C10H15O5S1', 'C2H6O1', 5.283345051121708]	[293.10637764336406, 13.667586053934471, 1672329.380859375, 'C12H21O6S1', 57.03465165545264, 47.31710100653458, 9249104.453025818, 'C3H5O1', 'C9H16O5S1', -1.635041605469824]	[293.10637764336406, 13.667586053934471, 1672329.380859375, 'C12H21O6S1', 231.070186420304, 54.26658290710524, 6145658.4140625, 'C10H15O4S1', 'C2H6O2', 1.4310392477348217]	
776.74286	[117.05528239375236, 20.467439931783744, 2438925.0703125, 'C5H9O3', 71.01397299819824, 2.4872586498942875, 1271125.441040039, 'C3H3O2', 'C2H6O1', 1.0990976796723282]	
577.1999	[233.0202401454053, 3.4965075603581113, 1552008.23828125, 'C10H5N2O5', 0, 0, 0, 'None', 'None', 0]	
477.58124	[393.1949161116544, 16.041147996179397, 1504638.27734375, 'C18H33O7S1', 365.16441461293243, 175.70234044213953, 12191803.396972656, 'C16H29O7S1', 'C2H4', 10.64896943014743]	
477.58124	[267.0544203371062, 8.026723769105299, 1450990.74609375, 'C9H15O7S1', 0, 0, 0, 'None', 'None', 0]	
37.789627	[233.0665343013863, 7.778690584960764, 1423643.41015625, 'C9H13O7', 73.02963159148271, 128.24264618460666, 26149363.95703125, 'C3H5O2', 'C6H8O5', -1.4540969775226686]	[233.0665343013863, 7.778690584960764, 1423643.41015625, 'C9H13O7', 59.01396806488682, 67.53505453356544, 15429212.188232422, 'C2H3O2', 'C7H10O5', -1.414720836515585]	[233.0665343013863, 7.778690584960764, 1423643.41015625, 'C9H13O7', 117.01955659801362, 29.748856574340543, 10837554.479492188, 'C4H5O4', 'C5H8O3', -1.1004407438312578]	[233.0665343013863, 7.778690584960764, 1423643.41015625, 'C9H13O7', 85.02967014894365, 34.471996919072566, 9985704.373535156, 'C4H5O2', 'C5H8O5', -1.3115097242998417]	[233.0665343013863, 7.778690584960764, 1423643.41015625, 'C9H13O7', 131.03517978048146, 30.63578871607742, 4846614.5419921875, 'C5H7O4', 'C4H6O3', -1.6124464817258748]	[233.0665343013863, 7.778690584960764, 1423643.41015625, 'C9H13O7', 72.99325682876366, 10.335204360692387, 4164062.830078125, 'C2H1O3', 'C7H12O4', -1.3585774389209668]	[233.0665343013863, 7.778690584960764, 1423643.41015625, 'C9H13O7', 87.00893898424125, 11.311856195017047, 4160068.1306152344, 'C3H3O3', 'C6H10O4', -1.2687906456060598]	[233.0665343013863, 7.778690584960764, 1423643.41015625, 'C9H13O7', 99.00896751185404, 7.1136837199319745, 3802384.781982422, 'C4H3O3', 'C5H10O4', -1.1695643238472149]	[233.0665343013863, 7.778690584960764, 1423643.41015625, 'C9H13O7', 83.05040305044066, 6.413935110788634, 3609044.8087158203, 'C5H7O1', 'C4H6O6', -1.2748649536563956]	[233.0665343013863, 7.778690584960764, 1423643.41015625, 'C9H13O7', 97.02965386824468, 17.92991416512096, 3489073.7299804688, 'C5H5O2', 'C4H8O5', -1.5468773430765839]	[233.0665343013863, 7.778690584960764, 1423643.41015625, 'C9H13O7', 57.03466900951355, 16.000497061946856, 3488391.9233398438, 'C3H5O1', 'C6H8O6', -1.563870781767296]	[233.0665343013863, 7.778690584960764, 1423643.41015625, 'C9H13O7', 111.0453665603062, 2.098414128257308, 2383151.642578125, 'C6H7O2', 'C3H6O5', -1.2107774203859791]	[233.0665343013863, 7.778690584960764, 1423643.41015625, 'C9H13O7', 127.04023684187825, 6.939010174608801, 1898570.130859375, 'C6H7O3', 'C3H6O4', -1.7680389536662129]	[233.0665343013863, 7.778690584960764, 1423643.41015625, 'C9H13O7', 71.0503874704255, 10.234746805174039, 1885442.7271728516, 'C4H7O1', 'C5H6O6', -1.2766031444157693]	[233.0665343013863, 7.778690584960764, 1423643.41015625, 'C9H13O7', 145.05085396439694, 3.7195394704337232, 1640963.1616210938, 'C6H9O4', 'C3H4O3', -1.5944453488390264]	[233.0665343013863, 7.778690584960764, 1423643.41015625, 'C9H13O7', 81.03474771319142, 3.7752168699886606, 1448247.2607421875, 'C5H5O1', 'C4H8O6', -1.2930687241853278]	[233.0665343013863, 7.778690584960764, 1423643.41015625, 'C9H13O7', 125.06096967887306, 4.14469251103862, 1361847.2883605957, 'C7H9O2', 'C2H4O5', -1.7093717271934]	[233.0665343013863, 7.778690584960764, 1423643.41015625, 'C9H13O7', 187.06160969624483, 19.298233668424103, 1362928.2885742188, 'C8H11O5', 'C1H2O2', 1.2040940607164832]	
437.867	[193.013753474151, 20.16743312994082, 1283452.630859375, 'C9H5O5', 87.00891325281019, 4.458517714188203, 5951234.7099609375, 'C3H3O3', 'C6H2O2', 1.3186001657803281]	[193.013753474151, 20.16743312994082, 1283452.630859375, 'C9H5O5', 59.01393894826788, 11.16689563813121, 4978353.054382324, 'C2H3O2', 'C7H2O3', 0.5632383563024297]	[193.013753474151, 20.16743312994082, 1283452.630859375, 'C9H5O5', 71.0139654216466, 2.6687168320549066, 4758679.238769531, 'C3H3O2', 'C6H2O3', 0.8356332367839653]	[193.013753474151, 20.16743312994082, 1283452.630859375, 'C9H5O5', 85.0296164483682, 2.153173865683505, 4000300.244140625, 'C4H5O2', 'C5O3', 1.0462063892996467]	[193.013753474151, 20.16743312994082, 1283452.630859375, 'C9H5O5', 57.034645006601096, 6.908930075008931, 2484656.1318359375, 'C3H5O1', 'C6O4', 0.37897189646063334]	
132.39024	[69.03415542706212, 7.999795368310603, 1306751.3090820312, 'C4H5O1', 0, 0, 0, 'None', 'None', 0]	
182.15475	[124.99084531295856, 30.07427939401517, 1534699.744140625, 'C2H5O4S1', 0, 0, 0, 'None', 'None', 0]	
351.65063	[333.0316532591695, 16.61627166144882, 1305321.830078125, 'C10H21O4S4', 121.02966059891611, 49.78655868188908, 9710351.763671875, 'C7H5O2', 'C3H16O2S4', 3.902500089690233]	[333.0316532591695, 16.61627166144882, 1305321.830078125, 'C10H21O4S4', 165.02283432468676, 192.80915238120986, 3915893.4981689453, 'C5H9O4S1', 'C5H12S3', 4.708462139357602]	[333.0316532591695, 16.61627166144882, 1305321.830078125, 'C10H21O4S4', 165.0196717183595, 21.644300366199186, 1305427.3399658203, 'C8H5O4', 'C2H16S4', 5.972527640802642]	
490.88885	[394.0284034969917, 3.7793409912466616, 1546935.0888671875, 'C15H10N2O11', 0, 0, 0, 'None', 'None', 0]	
287.378	[241.05019903173712, 44.797661830141905, 1422609.2915039062, 'C14H9O4', 0, 0, 0, 'None', 'None', 0]	
442.673	[91.0032298916056, 116.57219194033908, 154637793.109375, 'C2H3O4', 0, 0, 0, 'None', 'None', 0]	
74.68112	[145.01384419037026, 27.092302868331533, 1593860.603515625, 'C5H5O5', 0, 0, 0, 'None', 'None', 0]	
451.10098	[155.1072081415076, 54.05672295564287, 1347641.6877441406, 'C9H15O2', 0, 0, 0, 'None', 'None', 0]	
63.666492	[101.06024798431446, 31.041292079952434, 1740415.40234375, 'C5H9O2', 0, 0, 0, 'None', 'None', 0]	
230.55475	[256.9752615481862, 9.038711206713447, 1161583.068359375, 'C9H5O7S1', 0, 0, 0, 'None', 'None', 0]	
36.571625	[341.10883221742836, 32.48837122499957, 1316482.126953125, 'C12H21O11', 73.02960855215167, 101.59095713357621, 36949356.017578125, 'C3H5O2', 'C9H16O9', -1.095440090197728]	[341.10883221742836, 32.48837122499957, 1316482.126953125, 'C12H21O11', 59.01394949866749, 98.2901307622098, 24939288.50201416, 'C2H3O2', 'C10H18O9', -1.07310781882357]	[341.10883221742836, 32.48837122499957, 1316482.126953125, 'C12H21O11', 71.01397149639214, 45.20176600022625, 20426506.345458984, 'C3H3O2', 'C9H18O9', -1.0208284787016355]	[341.10883221742836, 32.48837122499957, 1316482.126953125, 'C12H21O11', 117.01953842861097, 63.88088483031378, 16298701.4140625, 'C4H5O4', 'C8H16O7', -0.8647819880302291]	[341.10883221742836, 32.48837122499957, 1316482.126953125, 'C12H21O11', 101.02454215850885, 21.279402592137483, 14501753.387695312, 'C4H5O3', 'C8H16O8', -1.1248480982290003]	[341.10883221742836, 32.48837122499957, 1316482.126953125, 'C12H21O11', 85.0296513132897, 34.471996919072566, 13017800.86328125, 'C4H5O2', 'C8H16O9', -0.9602641559421307]	[341.10883221742836, 32.48837122499957, 1316482.126953125, 'C12H21O11', 181.07208053180753, 56.647719982903105, 7488949.857910156, 'C6H13O6', 'C6H8O5', -0.5104162934120889]	[341.10883221742836, 32.48837122499957, 1316482.126953125, 'C12H21O11', 72.99323864189522, 10.335204360692387, 4994727.133300781, 'C2H1O3', 'C10H20O8', -1.0203622224997362]	[341.10883221742836, 32.48837122499957, 1316482.126953125, 'C12H21O11', 187.06143063533892, 17.12689701062689, 1980044.9892578125, 'C8H11O5', 'C4H10O6', -1.0489080848182757]	[341.10883221742836, 32.48837122499957, 1316482.126953125, 'C12H21O11', 119.03517455870738, 7.0485913669328335, 1905247.392578125, 'C4H7O4', 'C8H14O7', -0.9350872841598256]	[341.10883221742836, 32.48837122499957, 1316482.126953125, 'C12H21O11', 147.0665305604845, 11.172910436967205, 1405169.40234375, 'C6H11O4', 'C6H10O7', -0.7815643896460899]	
339.49597	[207.02956248980738, 31.377896190903133, 1111709.6045532227, 'C10H7O5', 0, 0, 0, 'None', 'None', 0]	
639.1889	[377.0693816382802, 34.55227446435029, 1160301.4130859375, 'C18H17O7S1', 0, 0, 0, 'None', 'None', 0]	
283.7515	[339.2174779645795, 26.346011603125767, 1210919.052734375, 'C19H31O5', 0, 0, 0, 'None', 'None', 0]	
419.69	[309.10115392406516, 4.711568952464189, 917309.2055664062, 'C12H21O7S1', 96.96025660125642, 156.72853045408166, 374418643.59375, 'H1O4S1', 'C12H20O3', -0.7415941004610723]	[309.10115392406516, 4.711568952464189, 917309.2055664062, 'C12H21O7S1', 247.06526089711204, 31.066363507105237, 15077788.131347656, 'C10H15O5S1', 'C2H6O2', 6.237839242380867]	[309.10115392406516, 4.711568952464189, 917309.2055664062, 'C12H21O7S1', 249.08089282530574, 53.81114370182829, 12631282.723876953, 'C10H17O5S1', 'C2H4O2', 6.146227302419641]	[309.10115392406516, 4.711568952464189, 917309.2055664062, 'C12H21O7S1', 57.03465165545264, 47.31710100653458, 9249104.453025818, 'C3H5O1', 'C9H16O6S1', -0.953193437952169]	[309.10115392406516, 4.711568952464189, 917309.2055664062, 'C12H21O7S1', 231.070186420304, 54.26658290710524, 6145658.4140625, 'C10H15O4S1', 'C2H6O3', 2.851365557404705]	
186.99774	[353.0910897939083, 4.057477859255272, 1230983.9306640625, 'C13H21O9S1', 127.07659407375449, 8.745830031100764, 1265256.900390625, 'C7H11O2', 'C6H10O7S1', -1.1889483390844846]	[353.0910897939083, 4.057477859255272, 1230983.9306640625, 'C13H21O9S1', 99.00893457029719, 3.626021284314312, 1238221.625, 'C4H3O3', 'C9H18O6S1', -0.9572617653304494]	
249.87975	[235.13357230188484, 53.6235112748888, 1027347.4274902344, 'C14H19O3', 125.0245269617799, 11.185945776820601, 942141.50390625, 'C6H5O3', 'C8H14', 0.04232053670116933]	
419.69	[225.0799234094945, 44.00103942777736, 1048062.68359375, 'C8H17O5S1', 96.96025660125642, 156.72853045408166, 374418643.59375, 'H1O4S1', 'C8H16O1', -0.3653463717876532]	[225.0799234094945, 44.00103942777736, 1048062.68359375, 'C8H17O5S1', 79.95751812886344, 233.94977387233268, 110137151.19067383, 'O3S1', 'C8H17O2', -0.31201574267613535]	[225.0799234094945, 44.00103942777736, 1048062.68359375, 'C8H17O5S1', 57.03465165545264, 47.31710100653458, 9249104.453025818, 'C3H5O1', 'C5H12O4S1', -0.843544234307618]	
466.8035	[316.21229537460306, 27.37927190399898, 1139789.3818359375, 'C16H30N1O5', 125.09732433597992, 33.188974788465806, 4071629.3125, 'C8H13O1', 'C8H17N1O4', 1.5119727110365362]	
382.02847	[149.024109207756, 27.619349853929933, 1289360.3051757812, 'C8H5O3', 93.03471979214734, 1.9873815399962567, 2165187.9072265625, 'C6H5O1', 'C2O2', -1.0611846045915807]	
317.6425	[257.17607198116565, 2.420746264923307, 1172221.1728515625, 'C14H25O4', 0, 0, 0, 'None', 'None', 0]	
396.63788	[179.07081084016843, 31.495843255349453, 1038420.32421875, 'C10H11O3', 163.07661046602675, 15.013840405782325, 597286.3125, 'C10H11O2', 'O1', 13.105957186611946]	[179.07081084016843, 31.495843255349453, 1038420.32421875, 'C10H11O3', 135.08156629103505, 15.378796146900118, 469717.5888671875, 'C9H11O1', 'C1O2', 1.9425179091723124]	
121.33524	[334.0084247225172, 3.3494049663302476, 977602.8647460938, 'C14H10N2O4S2', 0, 0, 0, 'None', 'None', 0]	
653.725	[339.32668377213565, 39.396263958396815, 1020458.4520263672, 'C22H43O2', 0, 0, 0, 'None', 'None', 0]	
35.353504	[189.0876614950129, 15.544177944024394, 1076906.0763549805, 'C7H13N2O4', 71.01398497768966, 94.32405968871541, 30425995.40234375, 'C3H3O2', 'C4H10N2O2', 0.4529582872350304]	[189.0876614950129, 15.544177944024394, 1076906.0763549805, 'C7H13N2O4', 89.02461573978638, 49.310649720494425, 19746936.899414062, 'C3H5O3', 'C4H8N2O1', 1.1417222188432856]	[189.0876614950129, 15.544177944024394, 1076906.0763549805, 'C7H13N2O4', 101.02455636784397, 69.21894108026049, 18608297.833984375, 'C4H5O3', 'C3H8N2O1', 0.6231045276039069]	[189.0876614950129, 15.544177944024394, 1076906.0763549805, 'C7H13N2O4', 119.03513497236544, 12.959441608232105, 3084985.050048828, 'C4H7O4', 'C3H6N2', 1.04888191404479]	
89.43088	[375.1295785659501, 21.94245359627964, 1165192.5388183594, 'C16H23O10', 125.06096997969729, 152.5569161605763, 33114759.002929688, 'C7H9O2', 'C9H14O8', -0.9540812703921993]	[375.1295785659501, 21.94245359627964, 1165192.5388183594, 'C16H23O10', 187.0615344817259, 115.01757042216266, 5610214.877197266, 'C8H11O5', 'C8H12O5', -0.39392140022388455]	
266.85074	[166.0505758961332, 22.489654913389348, 1190240.65625, 'C8H8N1O3', 0, 0, 0, 'None', 'None', 0]	
437.867	[311.22239138256424, 24.00610778208665, 897446.9705200195, 'C18H31O4', 159.0664897492444, 40.02460744142723, 12583309.53515625, 'C7H11O4', 'C11H20', 0.646484006634872]	[311.22239138256424, 24.00610778208665, 897446.9705200195, 'C18H31O4', 87.00891325281019, 4.458517714188203, 5951234.7099609375, 'C3H3O3', 'C15H28O1', 0.18674235357195218]	[311.22239138256424, 24.00610778208665, 897446.9705200195, 'C18H31O4', 59.01393894826788, 11.16689563813121, 4978353.054382324, 'C2H3O2', 'C16H28O2', -0.08895122922521452]	[311.22239138256424, 24.00610778208665, 897446.9705200195, 'C18H31O4', 71.0139654216466, 2.6687168320549066, 4758679.238769531, 'C3H3O2', 'C15H28O2', 0.016814872229097725]	[311.22239138256424, 24.00610778208665, 897446.9705200195, 'C18H31O4', 85.0296164483682, 2.153173865683505, 4000300.244140625, 'C4H5O2', 'C14H26O2', 0.022395908757519845]	[311.22239138256424, 24.00610778208665, 897446.9705200195, 'C18H31O4', 57.034645006601096, 6.908930075008931, 2484656.1318359375, 'C3H5O1', 'C15H26O3', -0.22178823743513884]	
439.0675	[203.09223577688098, 16.11588512418829, 1031392.9150390625, 'C9H15O5', 159.0664695381812, 36.866291645119766, 14622541.837402344, 'C7H11O4', 'C2H4O1', -1.2773897174566105]	[203.09223577688098, 16.11588512418829, 1031392.9150390625, 'C9H15O5', 59.0139167263201, 12.668350914073274, 5043533.8740234375, 'C2H3O2', 'C7H12O3', -1.242726460693831]	[203.09223577688098, 16.11588512418829, 1031392.9150390625, 'C9H15O5', 71.01396646522201, 9.384257375535126, 4364160.026733398, 'C3H3O2', 'C6H12O3', -0.9790495446479925]	[203.09223577688098, 16.11588512418829, 1031392.9150390625, 'C9H15O5', 85.02961249127101, 2.153173865683505, 3419010.5048828125, 'C4H5O2', 'C5H10O3', -1.1289351515295898]	[203.09223577688098, 16.11588512418829, 1031392.9150390625, 'C9H15O5', 57.034616826640175, 6.908930075008931, 1813188.65625, 'C3H5O1', 'C6H10O4', -1.4305965480837353]	[203.09223577688098, 16.11588512418829, 1031392.9150390625, 'C9H15O5', 69.0347002699765, 2.4105070885711375, 1531192.853515625, 'C4H5O1', 'C5H10O4', -0.9362132154710684]	
366.234	[235.02800770811012, 29.855944646901428, 963490.314453125, 'C8H11O6S1', 0, 0, 0, 'None', 'None', 0]	
316.42838	[243.1965609265761, 6.646516069964344, 1092028.5068359375, 'C14H27O3', 0, 0, 0, 'None', 'None', 0]	
253.51498	[187.1337882112778, 8.721380002042167, 960924.7587890625, 'C10H19O3', 0, 0, 0, 'None', 'None', 0]	
379.59637	[243.19643837490972, 30.78052437068334, 928622.1396484375, 'C14H27O3', 0, 0, 0, 'None', 'None', 0]	
461.9785	[213.00373590205496, 10.566558555723438, 912477.7712402344, 'C8H5O7', 0, 0, 0, 'None', 'None', 0]	
405.13287	[169.01381199601826, 4.1938295526167195, 1095295.8347167969, 'C7H5O5', 0, 0, 0, 'None', 'None', 0]	
479.99323	[279.232744634435, 61.49024866841917, 917118.8981933594, 'C18H31O2', 0, 0, 0, 'None', 'None', 0]	
372.305	[319.22753808837024, 33.61682624175944, 941042.2841796875, 'C20H31O3', 221.15503842606185, 26.795043222894193, 1169550.322265625, 'C14H21O2', 'C6H10O1', 1.7368459433333028]	
577.1999	[363.2206919339165, 60.66363776975131, 784478.619140625, 'C18H35O5S1', 0, 0, 0, 'None', 'None', 0]	
406.34113	[317.1059577994015, 10.68760752888127, 933239.5448760986, 'C14H21O6S1', 0, 0, 0, 'None', 'None', 0]	
516.2585	[379.21547939529296, 9.925096591319694, 708254.0307617188, 'C18H35O6S1', 0, 0, 0, 'None', 'None', 0]	
39.014126	[97.02905579986495, 16.06653577599308, 1023213.6884765625, 'C5H5O2', 0, 0, 0, 'None', 'None', 0]	
37.789627	[201.04037001825216, 6.1336921251206835, 1000178.6723632812, 'C8H9O6', 73.02963159148271, 128.24264618460666, 26149363.95703125, 'C3H5O2', 'C5H4O4', -2.175018169095873]	[201.04037001825216, 6.1336921251206835, 1000178.6723632812, 'C8H9O6', 117.01955659801362, 29.748856574340543, 10837554.479492188, 'C4H5O4', 'C4H4O2', -2.183020367999533]	[201.04037001825216, 6.1336921251206835, 1000178.6723632812, 'C8H9O6', 85.02967014894365, 34.471996919072566, 9985704.373535156, 'C4H5O2', 'C4H4O4', -2.067639234709385]	[201.04037001825216, 6.1336921251206835, 1000178.6723632812, 'C8H9O6', 131.03517978048146, 30.63578871607742, 4846614.5419921875, 'C5H7O4', 'C3H2O2', -3.003152600706828]	[201.04037001825216, 6.1336921251206835, 1000178.6723632812, 'C8H9O6', 72.99325682876366, 10.335204360692387, 4164062.830078125, 'C2H1O3', 'C6H8O3', -2.1334992639940844]	[201.04037001825216, 6.1336921251206835, 1000178.6723632812, 'C8H9O6', 87.00893898424125, 11.311856195017047, 4160068.1306152344, 'C3H3O3', 'C5H6O3', -2.113741376881131]	[201.04037001825216, 6.1336921251206835, 1000178.6723632812, 'C8H9O6', 99.00896751185404, 7.1136837199319745, 3802384.781982422, 'C4H3O3', 'C4H6O3', -2.0827446407252146]	[201.04037001825216, 6.1336921251206835, 1000178.6723632812, 'C8H9O6', 83.05040305044066, 6.413935110788634, 3609044.8087158203, 'C5H7O1', 'C3H2O5', -2.0083640449334776]	[201.04037001825216, 6.1336921251206835, 1000178.6723632812, 'C8H9O6', 97.02965386824468, 17.92991416512096, 3489073.7299804688, 'C5H5O2', 'C3H4O4', -2.4627152433075192]	[201.04037001825216, 6.1336921251206835, 1000178.6723632812, 'C8H9O6', 57.03466900951355, 16.000497061946856, 3488391.9233398438, 'C3H5O1', 'C5H4O5', -2.298572813489436]	[201.04037001825216, 6.1336921251206835, 1000178.6723632812, 'C8H9O6', 111.0453665603062, 2.098414128257308, 2383151.642578125, 'C6H7O2', 'C2H2O4', -2.1496401322403784]	[201.04037001825216, 6.1336921251206835, 1000178.6723632812, 'C8H9O6', 127.04023684187825, 6.939010174608801, 1898570.130859375, 'C6H7O3', 'C2H2O3', -3.2861390974091025]	[201.04037001825216, 6.1336921251206835, 1000178.6723632812, 'C8H9O6', 71.0503874704255, 10.234746805174039, 1885442.7271728516, 'C4H7O1', 'C4H2O5', -2.0197465345535472]	[201.04037001825216, 6.1336921251206835, 1000178.6723632812, 'C8H9O6', 145.05085396439694, 3.7195394704337232, 1640963.1616210938, 'C6H9O4', 'C2O2', -3.3229827091276225]	[201.04037001825216, 6.1336921251206835, 1000178.6723632812, 'C8H9O6', 81.03474771319142, 3.7752168699886606, 1448247.2607421875, 'C5H5O1', 'C3H4O5', -2.019105826298474]	[201.04037001825216, 6.1336921251206835, 1000178.6723632812, 'C8H9O6', 125.06096967887306, 4.14469251103862, 1361847.2883605957, 'C7H9O2', 'C1O4', -3.16319681956212]	
439.0675	[281.1060458036404, 2.3168367880059453, 988569.47265625, 'C11H21O6S1', 79.95746651465275, 102.76155052382519, 102235299.93359375, 'O3S1', 'C11H21O3', -0.04617961806409155]	[281.1060458036404, 2.3168367880059453, 988569.47265625, 'C11H21O6S1', 159.0664695381812, 36.866291645119766, 14622541.837402344, 'C7H11O4', 'C4H10O2S1', 0.6041830111813838]	[281.1060458036404, 2.3168367880059453, 988569.47265625, 'C11H21O6S1', 251.09640014781255, 72.30156369497459, 9408920.475585938, 'C10H19O5S1', 'C1H2O1', 13.806803101626972]	[281.1060458036404, 2.3168367880059453, 988569.47265625, 'C11H21O6S1', 59.0139167263201, 12.668350914073274, 5043533.8740234375, 'C2H3O2', 'C9H18O4S1', -0.2209768082644325]	[281.1060458036404, 2.3168367880059453, 988569.47265625, 'C11H21O6S1', 71.01396646522201, 9.384257375535126, 4364160.026733398, 'C3H3O2', 'C8H18O4S1', 0.0031490002975072943]	[281.1060458036404, 2.3168367880059453, 988569.47265625, 'C11H21O6S1', 85.02961249127101, 2.153173865683505, 3419010.5048828125, 'C4H5O2', 'C7H16O4S1', -0.016893213083464885]	
184.578	[214.14461895777043, 23.130067438844733, 956652.9024658203, 'C11H20N1O3', 0, 0, 0, 'None', 'None', 0]	
326.13925	[228.02997358564528, 2.4568390415171564, 961517.4428710938, 'C12H6N1O4', 0, 0, 0, 'None', 'None', 0]	
178.51474	[193.01375260013333, 16.31330722015263, 967446.0860290527, 'C9H5O5', 0, 0, 0, 'None', 'None', 0]	
428.15222	[170.97553864209135, 4.631709266415786, 908500.9836425781, 'C6H3O4S1', 0, 0, 0, 'None', 'None', 0]	
37.789627	[233.10302927038157, 23.31213572056989, 867139.30078125, 'C10H17O6', 73.02963159148271, 128.24264618460666, 26149363.95703125, 'C3H5O2', 'C7H12O4', -2.109518814468481]	[233.10302927038157, 23.31213572056989, 867139.30078125, 'C10H17O6', 85.02967014894365, 34.471996919072566, 9985704.373535156, 'C4H5O2', 'C6H12O4', -2.0200826783897177]	[233.10302927038157, 23.31213572056989, 867139.30078125, 'C10H17O6', 131.03517978048146, 30.63578871607742, 4846614.5419921875, 'C5H7O4', 'C5H10O2', -2.6402886052991947]	[233.10302927038157, 23.31213572056989, 867139.30078125, 'C10H17O6', 72.99325682876366, 10.335204360692387, 4164062.830078125, 'C2H1O3', 'C8H16O3', -2.013872145612665]	[233.10302927038157, 23.31213572056989, 867139.30078125, 'C10H17O6', 87.00893898424125, 11.311856195017047, 4160068.1306152344, 'C3H3O3', 'C7H14O3', -2.055422721183144]	[233.10302927038157, 23.31213572056989, 867139.30078125, 'C10H17O6', 99.00896751185404, 7.1136837199319745, 3802384.781982422, 'C4H3O3', 'C6H14O3', -2.0266185588717596]	[233.10302927038157, 23.31213572056989, 867139.30078125, 'C10H17O6', 83.05040305044066, 6.413935110788634, 3609044.8087158203, 'C5H7O1', 'C5H10O5', -2.0407434928161745]	[233.10302927038157, 23.31213572056989, 867139.30078125, 'C10H17O6', 97.02965386824468, 17.92991416512096, 3489073.7299804688, 'C5H5O2', 'C5H12O4', -2.3178742867380278]	[233.10302927038157, 23.31213572056989, 867139.30078125, 'C10H17O6', 57.03466900951355, 16.000497061946856, 3488391.9233398438, 'C3H5O1', 'C7H12O5', -2.2165240772172425]	[233.10302927038157, 23.31213572056989, 867139.30078125, 'C10H17O6', 111.0453665603062, 2.098414128257308, 2383151.642578125, 'C6H7O2', 'C4H10O4', -2.070407007177971]	[233.10302927038157, 23.31213572056989, 867139.30078125, 'C10H17O6', 127.04023684187825, 6.939010174608801, 1898570.130859375, 'C6H7O3', 'C4H10O3', -2.757113197402319]	[233.10302927038157, 23.31213572056989, 867139.30078125, 'C10H17O6', 71.0503874704255, 10.234746805174039, 1885442.7271728516, 'C4H7O1', 'C6H10O5', -1.9857680787947187]	[233.10302927038157, 23.31213572056989, 867139.30078125, 'C10H17O6', 145.05085396439694, 3.7195394704337232, 1640963.1616210938, 'C6H9O4', 'C4H8O2', -2.785900414520363]	[233.10302927038157, 23.31213572056989, 867139.30078125, 'C10H17O6', 81.03474771319142, 3.7752168699886606, 1448247.2607421875, 'C5H5O1', 'C5H12O5', -1.983031540422096]	[233.10302927038157, 23.31213572056989, 867139.30078125, 'C10H17O6', 125.06096967887306, 4.14469251103862, 1361847.2883605957, 'C7H9O2', 'C3H8O4', -2.7729027305601477]	[233.10302927038157, 23.31213572056989, 867139.30078125, 'C10H17O6', 187.06160969624483, 19.298233668424103, 1362928.2885742188, 'C8H11O5', 'C2H6O1', -1.2939107946190522]	
189.41287	[207.05054788250484, 29.202056216239647, 806842.865234375, 'C7H11O7', 0, 0, 0, 'None', 'None', 0]	
449.891	[210.00420881298106, 2.77743746657729, 915085.341796875, 'C8H4N1O6', 0, 0, 0, 'None', 'None', 0]	
777.9479	[249.9249486521615, 3.202822083289865, 768329.0729980469, 'C7H6O2S4', 0, 0, 0, 'None', 'None', 0]	
420.8931	[221.08165725773242, 11.371961354261542, 1184583.734375, 'C12H13O4', 0, 0, 0, 'None', 'None', 0]	
366.234	[182.9932060448469, 15.354252462932944, 987236.100435257, 'C7H3O6', 0, 0, 0, 'None', 'None', 0]	
179.72824	[91.00207651171876, 62.61697233852246, 296463.03125, 'C2H3O4', 0, 0, 0, 'None', 'None', 0]	
395.42035	[166.99827879881988, 6.40531554455685, 888121.4704589844, 'C7H3O5', 0, 0, 0, 'None', 'None', 0]	
62.46012	[188.05613367512794, 7.78380210217143, 996754.48046875, 'C7H10N1O5', 73.02963965637842, 195.39214420799627, 87602188.49438477, 'C3H5O2', 'C4H5N1O3', -0.4696180230047626]	[188.05613367512794, 7.78380210217143, 996754.48046875, 'C7H10N1O5', 117.01959083608405, 146.64763861058364, 31891618.433380127, 'C4H5O4', 'C3H5N1O1', 0.9454356969627524]	[188.05613367512794, 7.78380210217143, 996754.48046875, 'C7H10N1O5', 85.02969105797492, 39.08813823044215, 16758028.25, 'C4H5O2', 'C3H5N1O3', -0.02540260792878547]	[188.05613367512794, 7.78380210217143, 996754.48046875, 'C7H10N1O5', 99.00896170002, 95.85225881805317, 8561368.4765625, 'C4H3O3', 'C3H7N1O2', 0.0901190550632795]	[188.05613367512794, 7.78380210217143, 996754.48046875, 'C7H10N1O5', 97.02964608997425, 24.431065114312492, 5230760.487792969, 'C5H5O2', 'C2H5N1O3', -0.5227587439409156]	[188.05613367512794, 7.78380210217143, 996754.48046875, 'C7H10N1O5', 145.0508850308352, 10.693701915755511, 2364248.563720703, 'C6H9O4', 'C1H1N1O1', 1.4266861798641781]	
300.662	[251.1650994754594, 13.791814813698705, 697468.919921875, 'C15H23O3', 0, 0, 0, 'None', 'None', 0]	
440.2685	[255.12326716126807, 3.6661786929537072, 881418.7353515625, 'C13H19O5', 0, 0, 0, 'None', 'None', 0]	
453.52148	[341.26942690154414, 20.89073912861526, 740222.4455566406, 'C20H37O4', 0, 0, 0, 'None', 'None', 0]	
439.0675	[190.998271758958, 6.634472457528744, 799175.6618652344, 'C9H3O5', 59.0139167263201, 12.668350914073274, 5043533.8740234375, 'C2H3O2', 'C7O3', -0.7957931072032244]	[190.998271758958, 6.634472457528744, 799175.6618652344, 'C9H3O5', 71.01396646522201, 9.384257375535126, 4364160.026733398, 'C3H3O2', 'C6O3', -0.4608394858617421]	
341.926	[161.08144100775826, 20.01660529665157, 822291.228515625, 'C7H13O4', 0, 0, 0, 'None', 'None', 0]	
62.46012	[235.08200907538244, 9.757136379286791, 877660.2333984375, 'C9H15O7', 73.02963965637842, 195.39214420799627, 87602188.49438477, 'C3H5O2', 'C6H10O5', -0.3049560566605732]	[235.08200907538244, 9.757136379286791, 877660.2333984375, 'C9H15O7', 117.01959083608405, 146.64763861058364, 31891618.433380127, 'C4H5O4', 'C5H10O3', 0.6078174474390863]	[235.08200907538244, 9.757136379286791, 877660.2333984375, 'C9H15O7', 85.02969105797492, 39.08813823044215, 16758028.25, 'C4H5O2', 'C5H10O5', 0.01321263085843698]	[235.08200907538244, 9.757136379286791, 877660.2333984375, 'C9H15O7', 99.00896170002, 95.85225881805317, 8561368.4765625, 'C4H3O3', 'C5H12O4', 0.09277804387557961]	[235.08200907538244, 9.757136379286791, 877660.2333984375, 'C9H15O7', 159.06659892281502, 3.733830415211865, 1354649.982421875, 'C7H11O4', 'C2H4O3', 1.7081612561691077]	
111.51688	[256.9758181550677, 2.121510467053721, 695927.60546875, 'C9H5O7S1', 0, 0, 0, 'None', 'None', 0]	
422.0981	[245.012226485724, 11.417847693904097, 752973.537109375, 'C9H9O6S1', 0, 0, 0, 'None', 'None', 0]	
299.45013	[231.03293704272443, 3.636098580402858, 756889.2424316406, 'C9H11O5S1', 99.04529893544753, 6.796912669103389, 3564128.4135742188, 'C5H7O2', 'C4H4O3S1', -0.13718866810480107]	[231.03293704272443, 3.636098580402858, 756889.2424316406, 'C9H11O5S1', 81.03470697842876, 9.337876376392149, 2260989.1796875, 'C5H5O1', 'C4H6O4S1', -0.3337647968241326]	
566.2356	[219.02957642358774, 5.386434538907901, 776219.4345703125, 'C11H7O5', 0, 0, 0, 'None', 'None', 0]	
513.83826	[227.12867937584298, 13.53693186476455, 738713.6865234375, 'C12H19O4', 0, 0, 0, 'None', 'None', 0]	
266.85074	[273.20741920944283, 9.880258208097915, 773604.271484375, 'C15H29O4', 0, 0, 0, 'None', 'None', 0]	
389.332	[187.00666694212623, 3.651828004086359, 936957.0947265625, 'C7H7O4S1', 0, 0, 0, 'None', 'None', 0]	
358.93738	[181.0253636955417, 10.180089697339607, 782532.9067382812, 'C7H5N2O4', 0, 0, 0, 'None', 'None', 0]	
611.28864	[391.1464655663628, 2.0928363432547687, 760966.2122802734, 'C20H25N1O5S1', 0, 0, 0, 'None', 'None', 0]	
517.4697	[253.0385276687819, 1.255874943713938, 628727.6455078125, 'C8H13O7S1', 187.0614032026876, 29.558940389761766, 2016837.03125, 'C8H11O5', 'H2O2S1', -1.1286567974398718]	
340.7106	[205.0536992366086, 5.4300542210836, 632619.3784179688, 'C8H13O4S1', 0, 0, 0, 'None', 'None', 0]	
479.99323	[317.10618668985984, 5.151839045372207, 717731.1254882812, 'C14H21O6S1', 0, 0, 0, 'None', 'None', 0]	
529.6466	[161.02404771963631, 45.039593859607635, 733458.9360961914, 'C9H5O3', 117.03477814848726, 4.179011234696934, 4670106.095092773, 'C8H5O1', 'C1O2', 1.3737023751819615]	
406.34113	[213.11282222716548, 31.28708757706874, 642096.5874023438, 'C11H17O4', 0, 0, 0, 'None', 'None', 0]	
420.8931	[80.9648167909362, 5.890158765896571, 1175780.3525390625, 'H1O3S1', 79.95751043892318, 225.62107718893753, 98573299.625, 'O3S1', 'H1', 13.542271245933193]	
110.29137	[315.1080810764124, 14.676099575945564, 648184.0288085938, 'C14H19O8', 113.06103436224082, 4.221751626348496, 5430355.776733398, 'C6H9O2', 'C8H10O6', 0.9566353641701129]	[315.1080810764124, 14.676099575945564, 648184.0288085938, 'C14H19O8', 157.05089057814556, 57.358720915656654, 2771848.3330078125, 'C7H9O4', 'C7H10O4', 1.388744403702876]	
235.34862	[211.13339004856638, 31.80895959607597, 758595.6455078125, 'C12H19O3', 0, 0, 0, 'None', 'None', 0]	
466.8035	[363.14807302657005, 4.73285004529194, 695184.486328125, 'C16H27O7S1', 0, 0, 0, 'None', 'None', 0]	
455.93286	[281.13921446334945, 12.574557509455772, 761467.0961914062, 'C15H21O5', 0, 0, 0, 'None', 'None', 0]	
532.08923	[185.11785217325559, 20.909579630126146, 706452.318359375, 'C10H17O3', 108.0218802039851, 2.2166824091488198, 1146237.4931640625, 'C6H4O2', 'C4H13O1', 2.179486625260162]	
89.43088	[333.1188207200391, 13.378589704089759, 659981.5522460938, 'C14H21O9', 125.06096997969729, 152.5569161605763, 33114759.002929688, 'C7H9O2', 'C7H12O7', -0.2438755358607282]	[333.1188207200391, 13.378589704089759, 659981.5522460938, 'C14H21O9', 187.0615344817259, 115.01757042216266, 5610214.877197266, 'C8H11O5', 'C6H10O4', 0.8473474095125052]	
423.3041	[308.04471490465954, 6.126841193110934, 738498.1298828125, 'C10H14N1O8S1', 61.988454250714376, 139.53321625964793, 148733091.375, 'N1O3', 'C10H14O5S1', -2.319196366149234]	[308.04471490465954, 6.126841193110934, 738498.1298828125, 'C10H14N1O8S1', 233.0494348644454, 147.90372895510754, 6940113.2119140625, 'C9H13O5S1', 'C1H1N1O3', -1.867307921504283]	
62.46012	[97.02897583500352, 14.339636191626132, 865651.4296875, 'C5H5O2', 73.02963965637842, 195.39214420799627, 87602188.49438477, 'C3H5O2', 'C2', 6.825937213980748]	[97.02897583500352, 14.339636191626132, 865651.4296875, 'C5H5O2', 59.01397747250221, 62.13492286888198, 27478412.73046875, 'C2H3O2', 'C3H2', 3.98883363946004]	[97.02897583500352, 14.339636191626132, 865651.4296875, 'C5H5O2', 55.01898547205848, 22.362001882551205, 1066797.4095458984, 'C3H3O1', 'C2H2O1', 1.6576110955762666]	
254.72838	[301.1289314096031, 55.961665146105254, 648404.6103515625, 'C14H21O7', 0, 0, 0, 'None', 'None', 0]	
36.571625	[209.06625091037813, 12.958243393276508, 795305.2177734375, 'C7H13O7', 73.02960855215167, 101.59095713357621, 36949356.017578125, 'C3H5O2', 'C4H8O5', 0.2031928418748184]	[209.06625091037813, 12.958243393276508, 795305.2177734375, 'C7H13O7', 59.01394949866749, 98.2901307622098, 24939288.50201416, 'C2H3O2', 'C5H10O5', 0.12387832285675394]	[209.06625091037813, 12.958243393276508, 795305.2177734375, 'C7H13O7', 71.01397149639214, 45.20176600022625, 20426506.345458984, 'C3H3O2', 'C4H10O5', 0.29398911195869365]	[209.06625091037813, 12.958243393276508, 795305.2177734375, 'C7H13O7', 117.01953842861097, 63.88088483031378, 16298701.4140625, 'C4H5O4', 'C3H8O3', 1.3853568120755477]	[209.06625091037813, 12.958243393276508, 795305.2177734375, 'C7H13O7', 101.02454215850885, 21.279402592137483, 14501753.387695312, 'C4H5O3', 'C3H8O4', 0.47433434866721785]	[209.06625091037813, 12.958243393276508, 795305.2177734375, 'C7H13O7', 85.0296513132897, 34.471996919072566, 13017800.86328125, 'C4H5O2', 'C3H8O5', 0.6482166371156474]	[209.06625091037813, 12.958243393276508, 795305.2177734375, 'C7H13O7', 89.02459208569881, 53.83871260110405, 11310201.44921875, 'C3H5O3', 'C4H8O4', 0.842831565762027]	[209.06625091037813, 12.958243393276508, 795305.2177734375, 'C7H13O7', 72.99323864189522, 10.335204360692387, 4994727.133300781, 'C2H1O3', 'C5H12O4', 0.35077743128665606]	[209.06625091037813, 12.958243393276508, 795305.2177734375, 'C7H13O7', 57.03465404106755, 8.227543276631577, 4238353.212341309, 'C3H5O1', 'C4H8O6', -0.0451832916136522]	[209.06625091037813, 12.958243393276508, 795305.2177734375, 'C7H13O7', 83.05038919775463, 6.413935110788634, 4167111.8518066406, 'C5H7O1', 'C2H6O6', 0.6212477128542226]	[209.06625091037813, 12.958243393276508, 795305.2177734375, 'C7H13O7', 99.04531389306263, 4.138810044478673, 4156512.116821289, 'C5H7O2', 'C2H6O5', 0.7542410528249346]	[209.06625091037813, 12.958243393276508, 795305.2177734375, 'C7H13O7', 97.02963364408197, 18.249156172097535, 3610312.017578125, 'C5H5O2', 'C2H8O5', 0.5599367903517702]	[209.06625091037813, 12.958243393276508, 795305.2177734375, 'C7H13O7', 111.04536216645536, 2.098414128257308, 2722515.5329589844, 'C6H7O2', 'C1H6O5', 1.3390554745940528]	[209.06625091037813, 12.958243393276508, 795305.2177734375, 'C7H13O7', 71.05035088645893, 10.234746805174039, 2646379.373840332, 'C4H7O1', 'C3H6O6', 0.2896473231203144]	[209.06625091037813, 12.958243393276508, 795305.2177734375, 'C7H13O7', 127.0402547648382, 6.939010174608801, 1882685.0012207031, 'C6H7O3', 'C1H6O4', 1.3880205228543359]	[209.06625091037813, 12.958243393276508, 795305.2177734375, 'C7H13O7', 125.06101506470439, 1.681667093829367, 1519559.6840820312, 'C7H9O2', 'H4O5', 1.7160057561924231]	[209.06625091037813, 12.958243393276508, 795305.2177734375, 'C7H13O7', 129.0558388676749, 3.0004924633484116, 1489413.8095703125, 'C6H9O3', 'C1H4O4', 0.599384453290416]	[209.06625091037813, 12.958243393276508, 795305.2177734375, 'C7H13O7', 147.0665305604845, 11.172910436967205, 1405169.40234375, 'C6H11O4', 'C1H2O3', 2.8975720625999988]	
341.926	[271.19162180631196, 5.022080692059609, 700896.4150390625, 'C15H27O4', 0, 0, 0, 'None', 'None', 0]	
174.87524	[135.04479973416588, 9.616942555539234, 691118.0234375, 'C8H7O2', 0, 0, 0, 'None', 'None', 0]	
66.101	[97.06539794822984, 26.37952067765384, 755413.927734375, 'C6H9O1', 0, 0, 0, 'None', 'None', 0]	
419.69	[296.06859999231665, 10.285347521772646, 683185.6650390625, 'C17H12O5', 57.03465165545264, 47.31710100653458, 9249104.453025818, 'C3H5O1', 'C14H7O4', -0.07671222340505597]	
437.867	[340.07039374291395, 2.5891424910829057, 713136.5595703125, 'C11H18N1O9S1', 79.95748812570694, 131.60295564110504, 106142090.08886719, 'O3S1', 'C11H18N1O6', 0.01684954682792117]	[340.07039374291395, 2.5891424910829057, 713136.5595703125, 'C11H18N1O9S1', 159.0664897492444, 40.02460744142723, 12583309.53515625, 'C7H11O4', 'C4H7N1O5S1', 0.4751615351075055]	[340.07039374291395, 2.5891424910829057, 713136.5595703125, 'C11H18N1O9S1', 87.00891325281019, 4.458517714188203, 5951234.7099609375, 'C3H3O3', 'C8H15N1O6S1', 0.11661133843141841]	[340.07039374291395, 2.5891424910829057, 713136.5595703125, 'C11H18N1O9S1', 59.01393894826788, 11.16689563813121, 4978353.054382324, 'C2H3O2', 'C9H15N1O7S1', -0.10245128467091529]	[340.07039374291395, 2.5891424910829057, 713136.5595703125, 'C11H18N1O9S1', 71.0139654216466, 2.6687168320549066, 4758679.238769531, 'C3H3O2', 'C8H15N1O7S1', -0.008627420821065783]	[340.07039374291395, 2.5891424910829057, 713136.5595703125, 'C11H18N1O9S1', 85.0296164483682, 2.153173865683505, 4000300.244140625, 'C4H5O2', 'C7H13N1O7S1', -0.0286014320136383]	[340.07039374291395, 2.5891424910829057, 713136.5595703125, 'C11H18N1O9S1', 57.034645006601096, 6.908930075008931, 2484656.1318359375, 'C3H5O1', 'C8H13N1O8S1', -0.20398911128092248]	
440.2685	[209.02004577263565, 6.073569297889553, 530259.1752929688, 'C8H5N2O5', 71.01393674338031, 9.384257375535126, 3895069.4780273438, 'C3H3O2', 'C5H2N2O3', -0.5001880404747756]	
63.666492	[291.10838578067404, 3.3029893107213972, 660064.907043457, 'C12H19O8', 89.02460471661634, 80.6339245150355, 15642440.919067383, 'C3H5O3', 'C9H14O5', -0.7475299755834268]	[291.10838578067404, 3.3029893107213972, 660064.907043457, 'C12H19O8', 97.02961067229346, 10.42202991774613, 3274835.4799804688, 'C5H5O2', 'C7H14O6', -1.2114038473899889]	[291.10838578067404, 3.3029893107213972, 660064.907043457, 'C12H19O8', 175.06140765081844, 14.841783368119813, 1659351.4139404297, 'C7H11O5', 'C5H8O3', -1.10411581255959]	
495.7255	[369.30090880088864, 34.23496684542933, 489212.97998046875, 'C22H41O4', 0, 0, 0, 'None', 'None', 0]	
323.71088	[221.0088837777597, 4.719261039725135, 639847.8709716797, 'C10H5O6', 0, 0, 0, 'None', 'None', 0]	
588.1614	[212.01966873186825, 10.694570461290311, 624388.9342041016, 'C8H6N1O6', 0, 0, 0, 'None', 'None', 0]	
451.10098	[311.22237414054484, 50.66275924254603, 599626.3537597656, 'C18H31O4', 0, 0, 0, 'None', 'None', 0]	
776.74286	[165.0190700787773, 15.949105604223238, 656761.33203125, 'C8H5O4', 71.01397299819824, 2.4872586498942875, 1271125.441040039, 'C3H3O2', 'C5H2O2', -1.2454639159303391]	
352.86475	[225.0799432810492, 3.147345851079218, 697417.7456054688, 'C8H17O5S1', 121.02967233299933, 59.42984144608258, 8423729.014648438, 'C7H5O2', 'C1H12O3S1', -0.4896460584647643]	
466.8035	[309.1456390743626, 3.4951955476365266, 585765.6096191406, 'C15H21N2O5', 125.09732433597992, 33.188974788465806, 4071629.3125, 'C8H13O1', 'C7H8N2O4', -2.1990817122690847]	
569.8892	[213.11288321538862, 16.297023143490108, 661828.1650390625, 'C11H17O4', 0, 0, 0, 'None', 'None', 0]	
84.52275	[136.03990200703154, 42.31180601991205, 737068.5595703125, 'C7H6N1O2', 0, 0, 0, 'None', 'None', 0]	
721.80035	[381.37334181980896, 78.27927752696105, 621404.7106018066, 'C25H49O2', 0, 0, 0, 'None', 'None', 0]	
612.50433	[395.12044980184146, 45.81742404198051, 603395.732421875, 'C16H27O7S2', 297.15343810062325, 284.7416649136127, 27638148.16796875, 'C16H25O3S1', 'H2O4S1', -1.3443356468025227]	
621.00714	[307.1949254951107, 2.5029149284569687, 620647.1872558594, 'C15H31O4S1', 0, 0, 0, 'None', 'None', 0]	
176.08836	[125.06026898282222, 10.600539325730056, 562158.8364257812, 'C7H9O2', 0, 0, 0, 'None', 'None', 0]	
213.64699	[193.05020515717894, 16.74520813908504, 566389.8720703125, 'C10H9O4', 0, 0, 0, 'None', 'None', 0]	
388.1145	[337.05993879543803, 4.601095908300016, 534301.4638671875, 'C12H17O9S1', 0, 0, 0, 'None', 'None', 0]	
565.02026	[201.11280800364446, 12.489888345563227, 452071.43701171875, 'C10H17O4', 0, 0, 0, 'None', 'None', 0]	
384.4616	[269.2120340728383, 12.014098305910208, 507136.0927734375, 'C16H29O3', 0, 0, 0, 'None', 'None', 0]	
284.961	[311.08022781951416, 3.1694241767214413, 495911.2490234375, 'C11H19O8S1', 80.96529644117271, 188.58295564126888, 29673473.198242188, 'H1O3S1', 'C11H18O5', -0.04944623388553541]	
88.208115	[264.99988537815415, 14.188861894619457, 517928.1201171875, 'C12H9O3S2', 125.06099187640265, 167.68332641799407, 39390446.474609375, 'C7H9O2', 'C5O1S2', -2.383187057802223]	[264.99988537815415, 14.188861894619457, 517928.1201171875, 'C12H9O3S2', 101.06094575389398, 50.474388698923384, 11624639.445800781, 'C5H9O2', 'C7O1S2', -2.315637170763943]	
366.234	[177.01891729362313, 23.77971304911182, 573001.2836914062, 'C9H5O4', 0, 0, 0, 'None', 'None', 0]	
470.39984	[311.25961299166937, 7.607727936505956, 324732.34765625, 'C19H35O3', 253.21763993534302, 1.2810203024140914, 6490208.8984375, 'C16H29O2', 'C3H6O1', -10.562202023392224]	[311.25961299166937, 7.607727936505956, 324732.34765625, 'C19H35O3', 241.21760320683336, 32.75405079124884, 5262109.595703125, 'C15H29O2', 'C4H6O1', -9.134236308439867]	
317.6425	[304.1763134725488, 9.816776109475532, 559660.4282226562, 'C14H26N1O6', 0, 0, 0, 'None', 'None', 0]	
555.2734	[377.1998160491607, 5.54821595346845, 519236.39453125, 'C18H33O6S1', 0, 0, 0, 'None', 'None', 0]	
372.305	[251.0193219922199, 10.462174192459404, 479175.3896484375, 'C11H7O7', 0, 0, 0, 'None', 'None', 0]	
322.4985	[215.16467762476827, 31.48223547717629, 578485.5786132812, 'C12H23O3', 0, 0, 0, 'None', 'None', 0]	
386.8985	[223.02450402898378, 5.177460087890603, 494211.9982910156, 'C10H7O6', 0, 0, 0, 'None', 'None', 0]	
112.74249	[276.999884476496, 12.781692698325855, 432276.02697753906, 'C13H9O3S2', 0, 0, 0, 'None', 'None', 0]	
445.076	[347.1167923492373, 11.665478729197059, 539523.455078125, 'C15H23O7S1', 0, 0, 0, 'None', 'None', 0]	
80.82962	[112.04000260706235, 6.291269128264594, 727453.41796875, 'C5H6N1O2', 0, 0, 0, 'None', 'None', 0]	
590.5971	[363.2205851789297, 18.550539156055553, 471699.81005859375, 'C18H35O5S1', 0, 0, 0, 'None', 'None', 0]	
525.98737	[354.122499806073, 2.207232811318394, 543573.40625, 'C13H24N1O8S1', 0, 0, 0, 'None', 'None', 0]	
343.142	[112.00357963170828, 12.068276821335267, 624554.642578125, 'C4H2N1O3', 0, 0, 0, 'None', 'None', 0]	
550.4005	[327.25408565817634, 9.14097113281598, 506737.4919433594, 'C19H35O4', 0, 0, 0, 'None', 'None', 0]	
479.99323	[335.153147378978, 3.776018793154683, 526739.943359375, 'C15H27O6S1', 0, 0, 0, 'None', 'None', 0]	
524.7679	[153.0190148356615, 5.017202158014313, 613588.861328125, 'C7H5O4', 0, 0, 0, 'None', 'None', 0]	
463.19086	[212.01975625252692, 5.552886938675429, 580759.4593505859, 'C8H6N1O6', 0, 0, 0, 'None', 'None', 0]	
384.4616	[216.98066261979977, 1.8750789608237857, 366551.8916015625, 'C7H5O6S1', 0, 0, 0, 'None', 'None', 0]	
420.8931	[173.11767485325788, 16.239192645509572, 550927.0278320312, 'C9H17O3', 0, 0, 0, 'None', 'None', 0]	
478.78586	[333.02222430302794, 11.132315723164792, 27836511.21484375, 'C11H13N2O6S2', 0, 0, 0, 'None', 'None', 0]	
323.71088	[329.2333314125832, 14.310139583597813, 511103.45233154297, 'C18H33O5', 0, 0, 0, 'None', 'None', 0]	
543.0767	[387.14449367068335, 11.445290020195495, 414352.6865234375, 'C21H23O7', 0, 0, 0, 'None', 'None', 0]	
600.33856	[215.1284761413574, 3.9534599878215007, 432543.2385253906, 'C11H19O4', 0, 0, 0, 'None', 'None', 0]	
194.23337	[311.04417093058515, 5.282466798676056, 495958.4309692383, 'C10H15O9S1', 79.95750331308061, 364.70436939790534, 161545820.92578125, 'O3S1', 'C10H15O6', -1.3311751911174454]	
390.5501	[257.2120326778392, 3.947944290790157, 475039.6630859375, 'C15H29O3', 0, 0, 0, 'None', 'None', 0]	
348.00476	[305.2117320667686, 73.5841781814206, 461864.02294921875, 'C19H29O3', 0, 0, 0, 'None', 'None', 0]	
468.00372	[375.2382559284283, 27.48784350212704, 355432.8779296875, 'C19H35O7', 125.09731274924805, 14.325999300919015, 3277993.85546875, 'C8H13O1', 'C11H22O6', 0.7868381073625892]	[375.2382559284283, 27.48784350212704, 355432.8779296875, 'C19H35O7', 255.233505951496, 8.640244488134567, 3075003.744140625, 'C16H31O2', 'C3H4O5', 5.249962545861739]	
220.93025	[259.1548446928565, 3.4880168731159076, 493912.89990234375, 'C13H23O5', 0, 0, 0, 'None', 'None', 0]	
340.7106	[239.12868496292919, 5.649525599821747, 389005.42578125, 'C13H19O4', 0, 0, 0, 'None', 'None', 0]	
437.867	[198.00404356746805, 1.8510526202718784, 438972.00439453125, 'C7H4N1O6', 0, 0, 0, 'None', 'None', 0]	
272.90424	[215.0344967858314, 19.876179480428405, 391925.8020019531, 'C12H7O4', 111.00892608841946, 9.763858772435052, 2543048.677734375, 'C5H3O3', 'C7H4O1', 1.4352420219390953]	
550.4005	[351.18427323390875, 1.000071086870184, 473757.0476989746, 'C16H31O6S1', 0, 0, 0, 'None', 'None', 0]	
566.2356	[362.1275980962108, 3.2867591616035714, 405079.2937011719, 'C15H24N1O7S1', 0, 0, 0, 'None', 'None', 0]	
465.60336	[309.1373777000808, 1.7116731545781967, 398689.0830078125, 'C13H25O6S1', 0, 0, 0, 'None', 'None', 0]	
101.70162	[233.02994700907132, 6.128898181888749, 365372.96130371094, 'C8H9O8', 71.01399301414732, 12.607706135359644, 6403884.722167969, 'C3H3O2', 'C5H6O6', -0.08637964646675854]	
255.94012	[367.1759861464146, 19.830875384444322, 448215.4650878906, 'C19H27O7', 0, 0, 0, 'None', 'None', 0]	
435.45563	[140.03489581222715, 11.424423937173698, 495087.029296875, 'C6H6N1O3', 0, 0, 0, 'None', 'None', 0]	
405.13287	[320.09872349372097, 1.840054889649462, 436981.3649902344, 'C12H18N1O9', 61.98843218256563, 143.95003991595763, 139351543.7890625, 'N1O3', 'C12H18O6', -1.7485171891102043]	[320.09872349372097, 1.840054889649462, 436981.3649902344, 'C12H18N1O9', 145.05080564281116, 24.140715549875203, 26712647.907226562, 'C6H9O4', 'C6H9N1O5', -1.9871696875361646]	
603.9921	[311.2956123730862, 40.93447313202634, 439476.4552001953, 'C20H39O2', 0, 0, 0, 'None', 'None', 0]	
527.20685	[296.08052263404204, 2.6248018477959016, 416804.38232421875, 'C10H18N1O7S1', 0, 0, 0, 'None', 'None', 0]	
360.15198	[201.11286639198298, 7.5638860207150325, 406114.5478515625, 'C10H17O4', 0, 0, 0, 'None', 'None', 0]	
578.4212	[220.9910254787679, 2.4395893619927573, 420799.20458984375, 'C10H5O4S1', 0, 0, 0, 'None', 'None', 0]	
422.0981	[295.08555836631626, 2.5639699428837397, 471976.4013671875, 'C11H19O7S1', 233.04934964098246, 123.38765029413635, 5642751.348876953, 'C9H13O5S1', 'C2H6O2', 1.1489111472041134]	
681.5984	[117.01890767354112, 2.9426413099794324, 546850.0270996094, 'C4H5O4', 0, 0, 0, 'None', 'None', 0]	
527.20685	[383.2223367330309, 33.815420983461934, 497316.943359375, 'C24H31O4', 0, 0, 0, 'None', 'None', 0]	
416.0621	[198.0041491184361, 3.5742821410137733, 438282.83642578125, 'C7H4N1O6', 0, 0, 0, 'None', 'None', 0]	
234.14836	[161.03535897726056, 5.903913820997294, 454481.8056640625, 'C8H5N2O2', 0, 0, 0, 'None', 'None', 0]	
288.58398	[229.18079337443504, 2.03853863858908, 444772.3778076172, 'C13H25O3', 0, 0, 0, 'None', 'None', 0]	
37.789627	[275.11373236689167, 2.154060283565887, 406747.6201171875, 'C13H23O2S2', 73.02963159148271, 128.24264618460666, 26149363.95703125, 'C3H5O2', 'C10H18S2', 1.9260477521153814]	[275.11373236689167, 2.154060283565887, 406747.6201171875, 'C13H23O2S2', 85.02967014894365, 34.471996919072566, 9985704.373535156, 'C4H5O2', 'C9H18S2', 2.2504828745404692]	[275.11373236689167, 2.154060283565887, 406747.6201171875, 'C13H23O2S2', 83.05040305044066, 6.413935110788634, 3609044.8087158203, 'C5H7O1', 'C8H16O1S2', 2.242398011728825]	[275.11373236689167, 2.154060283565887, 406747.6201171875, 'C13H23O2S2', 97.02965386824468, 17.92991416512096, 3489073.7299804688, 'C5H5O2', 'C8H18S2', 2.3107073981213344]	[275.11373236689167, 2.154060283565887, 406747.6201171875, 'C13H23O2S2', 57.03466900951355, 16.000497061946856, 3488391.9233398438, 'C3H5O1', 'C10H18O1S2', 1.589523642516889]	[275.11373236689167, 2.154060283565887, 406747.6201171875, 'C13H23O2S2', 111.0453665603062, 2.098414128257308, 2383151.642578125, 'C6H7O2', 'C7H16S2', 2.890209621613097]	[275.11373236689167, 2.154060283565887, 406747.6201171875, 'C13H23O2S2', 71.0503874704255, 10.234746805174039, 1885442.7271728516, 'C4H7O1', 'C9H16O1S2', 2.0341846153597802]	[275.11373236689167, 2.154060283565887, 406747.6201171875, 'C13H23O2S2', 81.03474771319142, 3.7752168699886606, 1448247.2607421875, 'C5H5O1', 'C8H18O1S2', 2.1916087655376764]	[275.11373236689167, 2.154060283565887, 406747.6201171875, 'C13H23O2S2', 125.06096967887306, 4.14469251103862, 1361847.2883605957, 'C7H9O2', 'C6H14S2', 2.8477353556221408]	
420.8931	[289.05611839447926, 5.998460350384114, 331167.7294921875, 'C11H13O9', 0, 0, 0, 'None', 'None', 0]	
451.10098	[227.091912922343, 15.307797826188448, 272056.3291015625, 'C11H15O5', 0, 0, 0, 'None', 'None', 0]	
252.30225	[251.128532919463, 1.2672278038732538, 358324.22802734375, 'C14H19O4', 0, 0, 0, 'None', 'None', 0]	
332.20737	[274.0572259612223, 4.627610428993647, 406356.10888671875, 'C11H16N1O3S2', 0, 0, 0, 'None', 'None', 0]	
243.8225	[201.1131401244365, 14.787896902920684, 407082.3037109375, 'C10H17O4', 0, 0, 0, 'None', 'None', 0]	
434.2415	[239.1285656044479, 9.86653267079208, 381569.3229980469, 'C13H19O4', 0, 0, 0, 'None', 'None', 0]	
365.01724	[332.2076861154678, 2.4835920498387107, 344312.87060546875, 'C16H30N1O6', 0, 0, 0, 'None', 'None', 0]	
177.30188	[196.02470535662303, 10.669661603989887, 387467.130859375, 'C8H6N1O5', 0, 0, 0, 'None', 'None', 0]	
558.9286	[327.1632773502834, 2.7518340091952798, 414379.39685058594, 'C17H27O4S1', 0, 0, 0, 'None', 'None', 0]	
67.32312	[125.02404230172745, 9.664786857367302, 493043.77716064453, 'C6H5O3', 0, 0, 0, 'None', 'None', 0]	
213.64699	[215.12870315312506, 10.245504912196088, 361563.98388671875, 'C11H19O4', 57.03466394015152, 4.0235743753927045, 1839041.5876464844, 'C3H5O1', 'C8H14O3', -1.5763540902132904]	
676.745	[353.3418191920732, 5.025568382062353, 381039.35705566406, 'C23H45O2', 0, 0, 0, 'None', 'None', 0]	
53.858368	[181.0503703308467, 8.366573765066782, 338942.88665771484, 'C9H9O4', 0, 0, 0, 'None', 'None', 0]	
64.88049	[57.034139910205106, 13.60428914569699, 418000.3693847656, 'C3H5O1', 0, 0, 0, 'None', 'None', 0]	
382.02847	[295.227359784387, 6.7392511151655885, 342067.4038696289, 'C18H31O3', 233.155199845078, 102.0511854626975, 9933664.159179688, 'C15H21O2', 'C3H10O1', 8.056053848813509]	
203.91312	[297.17064975733035, 9.03659599944873, 319861.587890625, 'C16H25O5', 0, 0, 0, 'None', 'None', 0]	
508.99612	[233.00848477112586, 9.265576962001509, 340016.00390625, 'C11H5O6', 0, 0, 0, 'None', 'None', 0]	
84.52275	[203.1286545564374, 14.013556166146213, 410108.10510253906, 'C10H19O4', 139.07667616713957, 13.725473852934806, 4715178.022338867, 'C8H11O2', 'C2H8O2', -0.7554633177003454]	[203.1286545564374, 14.013556166146213, 410108.10510253906, 'C10H19O4', 183.06659687890138, 16.917190206082353, 1160744.1787109375, 'C9H11O4', 'C1H8', 2.1095248503911876]	
511.4146	[355.3217123743151, 24.754521371077345, 371056.55474853516, 'C22H43O3', 0, 0, 0, 'None', 'None', 0]	
697.4072	[283.22763418810763, 13.785546813499023, 362135.2171020508, 'C17H31O3', 0, 0, 0, 'None', 'None', 0]	
115.19575	[287.14972634419115, 4.746873312043291, 325343.73095703125, 'C14H23O6', 0, 0, 0, 'None', 'None', 0]	
536.9757	[331.0819120909897, 8.381317472098734, 329987.78314208984, 'C17H15O7', 0, 0, 0, 'None', 'None', 0]	
777.9479	[326.2693259107942, 16.996639132085136, 314961.89501953125, 'C19H36N1O3', 0, 0, 0, 'None', 'None', 0]	
471.59497	[165.05516085686924, 12.354275429932109, 579438.787109375, 'C8H5O4', 0, 0, 0, 'None', 'None', 0]	
218.50499	[330.15546948428937, 9.209409706327275, 333331.064453125, 'C15H24N1O7', 0, 0, 0, 'None', 'None', 0]	
183.36775	[229.14409941282108, 10.724440364524455, 324664.49755859375, 'C12H21O4', 0, 0, 0, 'None', 'None', 0]	
357.7215	[285.20671153548454, 3.5662056156518283, 300393.12939453125, 'C16H29O4', 0, 0, 0, 'None', 'None', 0]	
391.76773	[215.12848892578506, 16.543693007284297, 274856.4814453125, 'C11H19O4', 0, 0, 0, 'None', 'None', 0]	
125.02049	[213.04020614867696, 1.245219214243647, 356002.890625, 'C9H9O6', 0, 0, 0, 'None', 'None', 0]	
357.7215	[311.22233079359665, 6.443176940166163, 274493.1484375, 'C18H31O4', 0, 0, 0, 'None', 'None', 0]	
45.196995	[141.01901162297003, 3.3775021855167324, 353065.8370819092, 'C6H5O4', 0, 0, 0, 'None', 'None', 0]	
457.1376	[289.0568179735749, 2.442471907592356, 288635.6325683594, 'C11H13O9', 0, 0, 0, 'None', 'None', 0]	
139.74538	[232.04605024373765, 10.697249627374806, 302970.2282714844, 'C8H10N1O7', 85.02964465918578, 9.959451627610811, 2459411.364501953, 'C4H5O2', 'C4H5N1O5', -0.9222378291593841]	[232.04605024373765, 10.697249627374806, 302970.2282714844, 'C8H10N1O7', 103.04030631578256, 7.074244796615714, 898145.9619140625, 'C4H7O3', 'C4H3N1O4', -0.2629946741656365]	
131.16338	[119.0498866497173, 12.426674296392529, 318999.19567871094, 'C8H7O1', 0, 0, 0, 'None', 'None', 0]	
254.72838	[369.19110275154867, 1.5509330377473556, 292016.93017578125, 'C19H29O7', 0, 0, 0, 'None', 'None', 0]	
205.12936	[301.16526492336357, 3.7462757917342424, 260176.05883789062, 'C15H25O6', 0, 0, 0, 'None', 'None', 0]	
354.0786	[315.2537838531829, 8.560250836108619, 280264.9169921875, 'C18H35O4', 0, 0, 0, 'None', 'None', 0]	
692.5346	[381.30099372730564, 11.580548702335806, 244324.62377929688, 'C23H41O4', 0, 0, 0, 'None', 'None', 0]	
303.0865	[211.0611174844088, 8.583846055916888, 274895.5610656738, 'C10H11O5', 0, 0, 0, 'None', 'None', 0]	
257.15475	[297.1701492605326, 15.786118449945906, 299017.0653076172, 'C16H25O5', 0, 0, 0, 'None', 'None', 0]	
136.07011	[181.08652602624386, 2.570463847149524, 344664.08984375, 'C10H13O3', 0, 0, 0, 'None', 'None', 0]	
428.15222	[205.0502160910979, 4.522671328199221, 304826.22692871094, 'C11H9O4', 0, 0, 0, 'None', 'None', 0]	
378.38123	[153.05558067483707, 8.250283969146157, 283648.3603515625, 'C8H9O3', 89.02460270164963, 11.695654448064534, 7961154.58203125, 'C3H5O3', 'C5H4', -2.779463993043507]	
257.15475	[215.1649081988488, 12.240466719790932, 261151.20849609375, 'C12H23O3', 0, 0, 0, 'None', 'None', 0]	
367.45087	[243.08703940372294, 5.778800660425212, 249673.29638671875, 'C11H15O6', 0, 0, 0, 'None', 'None', 0]	
168.79562	[167.07073818976315, 8.982002830534785, 248792.78930664062, 'C9H11O3', 0, 0, 0, 'None', 'None', 0]	
539.4166	[397.3316953633034, 28.50241163525217, 268054.015625, 'C24H45O4', 0, 0, 0, 'None', 'None', 0]	
86.982	[303.14405360674715, 2.9112123194146946, 232945.1602783203, 'C14H23O7', 0, 0, 0, 'None', 'None', 0]	
125.02049	[299.11314717862217, 2.1641676032320927, 211725.9432373047, 'C14H19O7', 0, 0, 0, 'None', 'None', 0]	
